,Name,Pos,Predicted PPG,ppr_g,Difference,Predicted PPR,AbsDifference,Ovr Rank
0,ChristianMcCaffrey,RB,24.599,18.214,6.384550634989779,418.183,6.384550634989779,1
1,DavanteAdams,WR,20.302,21.519,-1.2173677339597688,345.134,1.2173677339597688,2
2,DakPrescott,QB,19.964,20.038,-0.07399332296451888,339.388,0.07399332296451888,3
3,DalvinCook,RB,19.195,15.869,3.3259366647551474,326.315,3.3259366647551474,4
4,TravisKelce,TE,18.766,16.425,2.3410185407028052,319.022,2.3410185407028052,5
5,JustinJefferson,WR,18.328,19.435,-1.1069787457284654,311.576,1.1069787457284654,6
6,PatrickMahomes,QB,17.945,21.276,-3.3312426644526276,305.065,3.3312426644526276,7
7,StefonDiggs,WR,17.907,16.794,1.112855140349584,304.419,1.112855140349584,8
8,KylerMurray,QB,17.806,21.464,-3.6579822094110206,302.702,3.6579822094110206,9
9,JustinHerbert,QB,17.755,22.4,-4.644521598490236,301.835,4.644521598490236,10
10,AJBrown,WR,17.536,13.915,3.6208411401096683,298.112,3.6208411401096683,11
11,DanielJones,QB,17.3,15.227,2.072922416728101,294.1,2.072922416728101,12
12,RyanTannehill,QB,17.092,15.788,1.3044359135074295,290.564,1.3044359135074295,13
13,JoeBurrow,QB,16.873,19.638,-2.7651771579480915,286.841,2.7651771579480915,14
14,RussellWilson,QB,16.852,17.343,-0.49058208769019984,286.484,0.49058208769019984,15
15,CalvinRidley,WR,16.788,14.22,2.56761442057355,285.396,2.56761442057355,16
16,MattRyan,QB,16.786,13.112,3.6735070161956056,285.362,3.6735070161956056,17
17,TeddyBridgewater,QB,16.755,14.479,2.276066597922643,284.835,2.276066597922643,18
18,SamDarnold,QB,16.613,13.108,3.5046196174010653,282.421,3.5046196174010653,19
19,KirkCousins,QB,16.58,18.769,-2.1890651459546646,281.86,2.1890651459546646,20
20,DJMoore,WR,16.547,13.971,2.5759651686033926,281.299,2.5759651686033926,21
21,CarsonWentz,QB,16.465,15.176,1.2889912899405669,279.905,1.2889912899405669,22
22,DKMetcalf,WR,16.398,14.371,2.0271521274556594,278.766,2.0271521274556594,23
23,MatthewStafford,QB,16.299,19.394,-3.094682069541861,277.083,3.094682069541861,24
24,MarcusMariota,QB,16.115,1.49,14.624555616223413,273.955,14.624555616223413,25
25,WillFuller,WR,15.995,4.3,11.695284277581514,271.915,11.695284277581514,26
26,DerekCarr,QB,15.994,15.118,0.8760791266844503,271.898,0.8760791266844503,27
27,DeAndreHopkins,WR,15.985,14.72,1.2646715880278165,271.745,1.2646715880278165,28
28,LamarJackson,QB,15.906,20.0,-4.093630472147089,270.402,4.093630472147089,29
29,GeorgeKittle,TE,15.866,14.143,1.7231494550593887,269.722,1.7231494550593887,30
30,DavidMontgomery,RB,15.853,15.0,0.8534780451257404,269.501,0.8534780451257404,31
31,AaronRodgers,QB,15.732,20.831,-5.098839615145202,267.444,5.098839615145202,32
32,TyreekHill,WR,15.502,17.441,-1.9388103970266357,263.534,1.9388103970266357,33
33,BenRoethlisberger,QB,15.392,13.631,1.7606961787284572,261.664,1.7606961787284572,34
34,DerrickHenry,RB,15.293,24.162,-8.868888239976151,259.981,8.868888239976151,35
35,MylesGaskin,RB,15.283,10.212,5.07053701510058,259.811,5.07053701510058,36
36,JoshAllen,QB,15.24,23.682,-8.441709123264825,259.08,8.441709123264825,37
37,AaronJones,RB,15.125,15.267,-0.14198993173497954,257.125,0.14198993173497954,38
38,BrandinCooks,WR,15.01,14.488,0.5217947419820614,255.17,0.5217947419820614,39
39,JonathanTaylor,RB,14.991,21.947,-6.95560484717975,254.847,6.95560484717975,40
40,JaredGoff,QB,14.883,13.893,0.9899053235916959,253.011,0.9899053235916959,41
41,TomBrady,QB,14.728,22.041,-7.312722033286759,250.376,7.312722033286759,42
42,AndyDalton,QB,14.702,10.525,4.176552115013694,249.934,4.176552115013694,43
43,NickChubb,RB,14.652,15.379,-0.7265064214786587,249.084,0.7265064214786587,44
44,BakerMayfield,QB,14.635,12.921,1.7136705291981738,248.795,1.7136705291981738,45
45,TuaTagovailoa,QB,14.428,13.915,0.5129826892455842,245.276,0.5129826892455842,46
46,JimmyGaroppolo,QB,14.331,15.167,-0.8360255945177624,243.627,0.8360255945177624,47
47,AllenRobinson,WR,14.218,7.25,6.968499404785296,241.706,6.968499404785296,48
48,TylerLockett,WR,14.147,15.088,-0.9407619373290057,240.499,0.9407619373290057,49
49,DavidJohnson,RB,14.021,6.254,7.76677423025806,238.357,7.76677423025806,50
50,KeenanAllen,WR,14.012,16.112,-2.09953524891473,238.204,2.09953524891473,51
51,JulioJones,WR,13.913,8.04,5.872679827638992,236.521,5.872679827638992,52
52,DarrenWaller,TE,13.899,12.136,1.7626162877184868,236.283,1.7626162877184868,53
53,BrandonAiyuk,WR,13.8,10.018,3.7819774958363386,234.6,3.7819774958363386,54
54,MarquiseBrown,WR,13.715,14.144,-0.4292676343971529,233.155,0.4292676343971529,55
55,DAndreSwift,RB,13.662,16.069,-2.4068909095905546,232.254,2.4068909095905546,56
56,RobbyAnderson,WR,13.527,8.147,5.379557443274548,229.959,5.379557443274548,57
57,ClydeEdwardsHelaire,RB,13.366,11.76,1.6057405419108104,227.222,1.6057405419108104,58
58,JohnWolford,QB,13.31,-0.633,13.942634807213555,226.27,13.942634807213555,59
59,MilesSanders,RB,13.291,9.767,3.5238911117026284,225.947,3.5238911117026284,60
60,AustinEkeler,RB,13.128,21.488,-8.360042178414503,223.176,8.360042178414503,61
61,ChrisCarson,RB,13.088,12.025,1.0630060350037969,222.496,1.0630060350037969,62
62,ChrisGodwin,WR,12.967,17.314,-4.346855631332691,220.439,4.346855631332691,63
63,JoeMixon,RB,12.783,17.994,-5.21050716756622,217.311,5.21050716756622,64
64,AdamThielen,WR,12.775,15.369,-2.5943961703073946,217.175,2.5943961703073946,65
65,CooperKupp,WR,12.614,25.853,-13.239333892825325,214.438,13.239333892825325,66
66,JoshJacobs,RB,12.493,15.067,-2.5736722376851358,212.381,2.5736722376851358,67
67,JerryJeudy,WR,12.478,8.5,3.978331129049149,212.126,3.978331129049149,68
68,KennyGolladay,WR,12.423,6.364,6.05936595529439,211.191,6.05936595529439,69
69,DiontaeJohnson,WR,12.402,17.15,-4.7481803786268735,210.834,4.7481803786268735,70
70,JalenHurts,QB,12.372,20.813,-8.441492886488838,210.324,8.441492886488838,71
71,RonaldJonesII,RB,12.279,4.95,7.329018968531332,208.743,7.329018968531332,72
72,AmariCooper,WR,12.247,13.5,-1.2526476153369543,208.199,1.2526476153369543,73
73,DeeboSamuel,WR,12.178,21.188,-9.010329315716145,207.026,9.010329315716145,74
74,CourtlandSutton,WR,12.178,8.835,3.3427576507371306,207.026,3.3427576507371306,75
75,TeeHiggins,WR,11.713,15.65,-3.9368424745281363,199.121,3.9368424745281363,76
76,SterlingShepard,WR,11.68,11.1,0.5798285416820583,198.56,0.5798285416820583,77
77,ColeBeasley,WR,11.676,9.956,1.7198473586384182,198.492,1.7198473586384182,78
78,MarkAndrews,TE,11.636,17.712,-6.075841730506282,197.812,6.075841730506282,79
79,JarvisLandry,WR,11.573,11.083,0.4897782917335167,196.741,0.4897782917335167,80
80,MikeEvans,WR,11.554,16.406,-4.8517185842682835,196.418,4.8517185842682835,81
81,EzekielElliott,RB,11.479,14.829,-3.3503960323974056,195.143,3.3503960323974056,82
82,RobertWoods,WR,11.419,15.244,-3.824736809169881,194.123,3.824736809169881,83
83,CeeDeeLamb,WR,11.355,14.55,-3.1952343294653645,193.035,3.1952343294653645,84
84,JeffWilson,RB,11.249,5.722,5.527038808699902,191.233,5.527038808699902,85
85,AntonioBrown,WR,11.195,17.3,-6.104810242528647,190.315,6.104810242528647,86
86,ChaseClaypool,WR,11.109,11.107,0.002043276758325163,188.853,0.002043276758325163,87
87,KekeCoutee,WR,10.818,0.75,10.067580777223718,183.906,10.067580777223718,88
88,KareemHunt,RB,10.802,13.75,-2.94846686208723,183.634,2.94846686208723,89
89,DeVanteParker,WR,10.78,10.35,0.42973557273217544,183.26,0.42973557273217544,90
90,DariusSlayton,WR,10.724,5.277,5.446742868161484,182.308,5.446742868161484,91
91,JamesConner,RB,10.529,17.18,-6.651404149157585,178.993,6.651404149157585,92
92,TylerBoyd,WR,10.525,11.488,-0.9629798240230549,178.925,0.9629798240230549,93
93,AllenLazard,WR,10.507,9.5,1.0069071269839949,178.619,1.0069071269839949,94
94,MichaelGallup,WR,10.402,10.167,0.2353143686792354,176.834,0.2353143686792354,95
95,MikeGesicki,TE,10.307,9.706,0.6005892473351384,175.219,0.6005892473351384,96
96,JuJuSmithSchuster,WR,10.177,6.96,3.2170911083223688,173.009,3.2170911083223688,97
97,TimPatrick,WR,10.147,9.775,0.3721714043793458,172.499,0.3721714043793458,98
98,DamiereByrd,WR,10.091,3.818,6.272813706031746,171.547,6.272813706031746,99
99,NyheimHines,RB,10.05,6.624,3.4260470888516616,170.85,3.4260470888516616,100
100,MarlonMack,RB,10.02,2.15,7.86965856992126,170.34,7.86965856992126,101
101,MikeWilliams,WR,9.999,15.412,-5.412622536887612,169.983,5.412622536887612,102
102,EmmanuelSanders,WR,9.993,9.407,0.5858350318891983,169.881,0.5858350318891983,103
103,RobGronkowski,TE,9.905,14.267,-4.361670685360426,168.385,4.361670685360426,104
104,SonyMichel,RB,9.846,8.606,1.2396014503665125,167.382,1.2396014503665125,105
105,TYHilton,WR,9.733,7.41,2.3225645497907514,165.461,2.3225645497907514,106
106,TyrodTaylor,QB,9.642,13.617,-3.9752448787760315,163.914,3.9752448787760315,107
107,MikeDavis,RB,9.63,8.129,1.500806453889,163.71,1.500806453889,108
108,RashardHiggins,WR,9.546,3.833,5.713218095619169,162.282,5.713218095619169,109
109,RussellGage,WR,9.543,11.643,-2.099504819240744,162.231,2.099504819240744,110
110,SalvonAhmed,RB,9.482,3.217,6.265015411449497,161.194,6.265015411449497,111
111,GardnerMinshewII,QB,9.478,8.425,1.0530261195220696,161.126,1.0530261195220696,112
112,NoahFant,TE,9.42,9.938,-0.5177146364626939,160.14,0.5177146364626939,113
113,MichaelPittmanJr,WR,9.414,14.035,-4.621047807021943,160.038,4.621047807021943,114
114,ChristianKirk,WR,9.269,12.212,-2.9428788088119298,157.573,2.9428788088119298,115
115,MelvinGordon,RB,9.264,12.194,-2.930233667044611,157.488,2.930233667044611,116
116,DarnellMooney,WR,9.144,12.924,-3.7800469172569464,155.448,3.7800469172569464,117
117,HunterRenfrow,WR,9.086,15.241,-6.15535024119446,154.462,6.15535024119446,118
118,ChaseEdmonds,RB,9.065,11.942,-2.8770024661799507,154.105,2.8770024661799507,119
119,TJHockenson,TE,8.94,12.108,-3.168230281788828,151.98,3.168230281788828,120
120,BreshadPerriman,WR,8.928,5.567,3.3607192680350693,151.776,3.3607192680350693,121
121,NickMullens,QB,8.9,9.9,-1.0003969735835945,151.3,1.0003969735835945,122
122,EvanEngram,TE,8.892,6.833,2.05929526803504,151.164,2.05929526803504,123
123,DallasGoedert,TE,8.799,11.0,-2.2007060450548295,149.583,2.2007060450548295,124
124,KenyanDrake,RB,8.796,8.542,0.25399338658598936,149.532,0.25399338658598936,125
125,MarquezValdesScantling,WR,8.78,7.909,0.8709450946466335,149.26,0.8709450946466335,126
126,JalenReagor,WR,8.77,4.594,4.176489986412746,149.09,4.176489986412746,127
127,DarrellHenderson,RB,8.768,13.617,-4.8494999237248795,149.056,4.8494999237248795,128
128,ReggieBonnafon,RB,8.724,0.9,7.824082470634734,148.308,7.824082470634734,129
129,RandallCobb,WR,8.705,7.8,0.9054235052548973,147.985,0.9054235052548973,130
130,CamAkers,RB,8.658,4.3,4.358372435424617,147.186,4.358372435424617,131
131,JosiahDeguara,TE,8.516,3.844,4.6723082782024665,144.772,4.6723082782024665,132
132,ZachPascal,WR,8.45,5.906,2.543580157047624,143.65,2.543580157047624,133
133,MecoleHardman,WR,8.439,8.288,0.15090507529916763,143.463,0.15090507529916763,134
134,MitchellTrubisky,QB,8.438,1.35,7.0878874008417725,143.446,7.0878874008417725,135
135,HenryRuggsIII,WR,8.4,12.071,-3.670663258054164,142.8,3.670663258054164,136
136,DevinSingletary,RB,8.394,11.635,-3.2405013719474383,142.698,3.2405013719474383,137
137,LeonardFournette,RB,8.296,18.257,-9.961030216026487,141.032,9.961030216026487,138
138,MikeGlennon,QB,8.272,5.15,3.1219415591601276,140.624,3.1219415591601276,139
139,GabrielDavis,WR,8.257,7.869,0.38766889640523416,140.369,0.38766889640523416,140
140,ParrisCampbell,WR,8.15,5.367,2.7827156399152697,138.55,2.7827156399152697,141
141,SaquonBarkley,RB,8.142,11.431,-3.2889269745283887,138.414,3.2889269745283887,142
142,PrestonWilliams,WR,8.03,1.725,6.305415849381905,136.51,6.305415849381905,143
143,DawsonKnox,TE,7.91,10.94,-3.029735065778392,134.47,3.029735065778392,144
144,OJHoward,TE,7.836,1.971,5.864610725349607,133.212,5.864610725349607,145
145,JaredCook,TE,7.745,8.275,-0.5304122534324573,131.665,0.5304122534324573,146
146,JamaalWilliams,RB,7.707,9.215,-1.508235649541823,131.019,1.508235649541823,147
147,JustinJackson,RB,7.666,6.157,1.5093331231801592,130.322,1.5093331231801592,148
148,DrewLock,QB,7.593,8.65,-1.0571462744663327,129.081,1.0571462744663327,149
149,AlbertOkwuegbunam,TE,7.557,5.429,2.127544704007743,128.469,2.127544704007743,150
150,SammyWatkins,WR,7.551,5.415,2.1361843376114367,128.367,2.1361843376114367,151
151,CJUzomah,TE,7.477,8.019,-0.5423083925493648,127.109,0.5423083925493648,152
152,ZackMoss,RB,7.428,8.092,-0.6640225432681479,126.276,0.6640225432681479,153
153,JalenGuyton,WR,7.388,6.075,1.313227231750015,125.596,1.313227231750015,154
154,AlexanderMattison,RB,7.338,7.869,-0.5312685764337557,124.746,0.5312685764337557,155
155,TylerHigbee,TE,7.323,9.8,-2.4769941363434604,124.491,2.4769941363434604,156
156,DannyAmendola,WR,7.318,8.6,-1.282312501646234,124.406,1.282312501646234,157
157,DukeJohnson,RB,7.281,11.82,-4.538666754657667,123.777,4.538666754657667,158
158,RexBurkhead,RB,7.275,6.519,0.7564752101377126,123.675,0.7564752101377126,159
159,GiovaniBernard,RB,7.24,4.925,2.3151073813333305,123.08,2.3151073813333305,160
160,KJHamler,WR,7.24,4.133,3.1070221042473953,123.08,3.1070221042473953,161
161,TonyPollard,RB,7.118,10.84,-3.722443077269669,121.006,3.722443077269669,162
162,RobertTonyan,TE,7.052,6.3,0.7522905589319624,119.884,0.7522905589319624,163
163,ScottMiller,WR,6.963,2.122,4.841046865196586,118.371,4.841046865196586,164
164,NickFoles,QB,6.752,16.8,-10.047864002948378,114.784,10.047864002948378,165
165,OlamideZaccheaus,WR,6.691,5.282,1.4088827632919614,113.747,1.4088827632919614,166
166,QuintezCephus,WR,6.65,9.88,-3.230252089520965,113.05,3.230252089520965,167
167,HaydenHurst,TE,6.439,4.931,1.507574997895973,109.463,1.507574997895973,168
168,BostonScott,RB,6.431,6.162,0.2691691816227122,109.327,0.2691691816227122,169
169,IsaiahFord,WR,6.405,3.085,3.320061139140882,108.885,3.320061139140882,170
170,ChrisConley,WR,6.39,4.037,2.353197790809279,108.63,2.353197790809279,171
171,JordanAkins,TE,6.387,3.208,3.178721550350616,108.579,3.178721550350616,172
172,LataviusMurray,RB,6.385,7.4,-1.0149314863954366,108.545,1.0149314863954366,173
173,DaltonSchultz,TE,6.262,12.282,-6.0198891920496,106.454,6.0198891920496,174
174,JerickMcKinnon,RB,6.252,2.762,3.490309427848835,106.284,3.490309427848835,175
175,AustinHooper,TE,6.161,5.781,0.37999243345340084,104.737,0.37999243345340084,176
176,DavidBlough,QB,6.155,0.6,5.554581104726107,104.635,5.554581104726107,177
177,GregWard,WR,6.15,2.035,4.1146003939479625,104.55,4.1146003939479625,178
178,JaMarcusBradley,WR,6.142,2.08,4.062321619972552,104.414,4.062321619972552,179
179,EricEbron,TE,6.117,4.062,2.05536084088585,103.989,2.05536084088585,180
180,DonovanPeoplesJones,WR,6.093,7.836,-1.7430640719839543,103.581,1.7430640719839543,181
181,KyleRudolph,TE,6.082,3.731,2.3508228413238115,103.394,2.3508228413238115,182
182,AJGreen,WR,6.041,9.8,-3.758840108875124,102.697,3.758840108875124,183
183,DevinDuvernay,WR,6.034,5.2,0.8338967568481976,102.578,0.8338967568481976,184
184,GeraldEverett,TE,6.003,7.853,-1.8495475679007347,102.051,1.8495475679007347,185
185,DevontaFreeman,RB,5.929,9.162,-3.2334605332747524,100.793,3.2334605332747524,186
186,AlexCollins,RB,5.74,6.255,-0.5149874641717833,97.58,0.5149874641717833,187
187,BrandonAllen,QB,5.708,2.317,3.39090089278094,97.036,3.39090089278094,188
188,QuezWatkins,WR,5.541,6.824,-1.28275000755169,94.197,1.28275000755169,189
189,HarrisonBryant,TE,5.515,3.894,1.6208047705431623,93.755,1.6208047705431623,190
190,MilesBoykin,WR,5.504,0.2,5.304045013132897,93.568,5.304045013132897,191
191,MalcolmBrown,RB,5.413,3.214,2.1993820377755644,92.021,2.1993820377755644,192
192,AJDillon,RB,5.401,10.918,-5.516665415876611,91.817,5.516665415876611,193
193,DemarcusRobinson,WR,5.387,4.082,1.304693839761013,91.579,1.304693839761013,194
194,BryanEdwards,WR,5.377,6.819,-1.4416256085327435,91.409,1.4416256085327435,195
195,AndyIsabella,WR,5.244,0.288,4.955982638886961,89.148,4.955982638886961,196
196,MoAlieCox,TE,5.238,4.682,0.5559933924277578,89.046,0.5559933924277578,197
197,BennySnellJr,RB,5.124,0.771,4.352812511159336,87.108,4.352812511159336,198
198,TravisHomer,RB,5.072,4.414,0.6580717573596768,86.224,0.6580717573596768,199
199,AnthonyFirkser,TE,5.071,5.273,-0.2016474802177619,86.207,0.2016474802177619,200
200,DarryntonEvans,RB,5.069,3.8,1.2685263417248516,86.173,1.2685263417248516,201
201,KhaDarelHodge,WR,4.981,1.919,3.0624434395560862,84.677,3.0624434395560862,202
202,IsaiahMcKenzie,WR,4.943,3.5,1.4432484034316078,84.031,1.4432484034316078,203
203,KyleJuszczyk,RB,4.931,4.341,0.589577504296531,83.827,0.589577504296531,204
204,JamesWashington,WR,4.907,4.387,0.5197800055822315,83.419,0.5197800055822315,205
205,RodneySmith,RB,4.869,4.9,-0.030807263086848558,82.773,0.030807263086848558,206
206,MarcusJohnson,WR,4.787,3.543,1.2441992742379728,81.379,1.2441992742379728,207
207,FreddieSwain,WR,4.745,5.088,-0.34312389944397026,80.665,0.34312389944397026,208
208,JoshuaKelley,RB,4.715,1.7,3.0146696805548983,80.155,3.0146696805548983,209
209,ColeKmet,TE,4.653,7.129,-2.476199340863861,79.101,2.476199340863861,210
210,MattBreida,RB,4.651,4.744,-0.09271945921393421,79.067,0.09271945921393421,211
211,DeeJayDallas,RB,4.593,3.535,1.0578453925624869,78.081,1.0578453925624869,212
212,TylerJohnson,WR,4.511,4.235,0.27602503616356877,76.687,0.27602503616356877,213
213,CollinJohnson,WR,4.44,1.792,2.6478739668552933,75.48,2.6478739668552933,214
214,DavidNjoku,TE,4.422,6.725,-2.30327641558063,75.174,2.30327641558063,215
215,AudenTate,WR,4.403,1.843,2.5603125775317146,74.851,2.5603125775317146,216
216,NathanPeterman,QB,4.299,0.2,4.099203197312289,73.083,4.099203197312289,217
217,KeithKirkwood,WR,4.254,1.567,2.6870662560194045,72.318,2.6870662560194045,218
218,DeonYelder,TE,4.251,0.2,4.050790631185407,72.267,4.050790631185407,219
219,WillDissly,TE,4.214,3.34,0.8736723565393838,71.638,0.8736723565393838,220
220,CameronBatson,WR,4.182,2.75,1.4319057092873528,71.094,1.4319057092873528,221
221,RichardRodgers,TE,4.173,1.033,3.1399066886895306,70.941,3.1399066886895306,222
222,SamajePerine,RB,4.156,5.2,-1.0436036249493679,70.652,1.0436036249493679,223
223,JimmyGraham,TE,4.129,3.38,0.748623988288232,70.193,0.748623988288232,224
224,ChrisHerndon,TE,4.124,0.875,3.2485621807266787,70.108,3.2485621807266787,225
225,CaseKeenum,QB,4.067,4.1,-0.03288980578530065,69.139,0.03288980578530065,226
226,ChaseDaniel,QB,4.02,-0.2,4.219794508083423,68.34,4.219794508083423,227
227,VanJefferson,WR,3.99,9.894,-5.904111611277893,67.83,5.904111611277893,228
228,PharaohBrown,TE,3.987,2.54,1.4470645529147985,67.779,1.4470645529147985,229
229,AnthonyMcFarlandJr,RB,3.95,1.2,2.7502082804017505,67.15,2.7502082804017505,230
230,JalenRichard,RB,3.91,2.32,1.5902979504313568,66.47,1.5902979504313568,231
231,PJWalker,QB,3.81,2.76,1.0497232760921675,64.77,1.0497232760921675,232
232,EquanimeousStBrown,WR,3.752,1.554,2.19801529820874,63.784,2.19801529820874,233
233,TrayveonWilliams,RB,3.701,1.3,2.400688953288853,62.917,2.400688953288853,234
234,DevontaeBooker,RB,3.68,9.006,-5.3263894832815355,62.56,5.3263894832815355,235
235,IanThomas,TE,3.676,2.165,1.5106896266017258,62.492,1.5106896266017258,236
236,RossDwelley,TE,3.65,0.888,2.762334727527347,62.05,2.762334727527347,237
237,RayRayMcCloud,WR,3.648,4.138,-0.4901180508995613,62.016,0.4901180508995613,238
238,TylerConklin,TE,3.598,8.135,-4.536994569078331,61.166,4.536994569078331,239
239,DarrelWilliams,RB,3.57,11.529,-7.959063788812282,60.69,7.959063788812282,240
240,KeShawnVaughn,RB,3.555,3.05,0.5045616941619784,60.435,0.5045616941619784,241
241,DrewSample,TE,3.55,1.124,2.4258576903877294,60.35,2.4258576903877294,242
242,ChrisStreveler,QB,3.475,1.0,2.474773990187269,59.075,2.474773990187269,243
243,CedrickWilsonJr,WR,3.467,9.238,-5.771174101571561,58.939,5.771174101571561,244
244,NoahBrown,WR,3.426,2.646,0.7799876883925294,58.242,0.7799876883925294,245
245,JamycalHasty,RB,3.333,4.5,-1.1667951929601408,56.661,1.1667951929601408,246
246,CameronBrate,TE,3.318,4.618,-1.3003624825492968,56.406,1.3003624825492968,247
247,JackDoyle,TE,3.293,4.659,-1.3659712812345894,55.981,1.3659712812345894,248
248,MikeThomas,WR,3.24,0.85,2.389801243574659,55.08,2.389801243574659,249
249,DemetriusHarris,TE,3.23,0.286,2.944117232247073,54.91,2.944117232247073,250
250,CamNewton,QB,3.227,10.8,-7.572733980734339,54.859,7.572733980734339,251
251,KJHill,WR,3.183,1.0,2.183317399540245,54.111,2.183317399540245,252
252,ByronPringle,WR,3.14,7.459,-4.319015025830653,53.38,4.319015025830653,253
253,MalikTaylor,WR,3.065,0.14,2.925234394745859,52.105,2.925234394745859,254
254,ZayJones,WR,3.05,6.229,-3.178658953955085,51.85,3.178658953955085,255
255,DOntaForeman,RB,3.015,10.433,-7.418004448134377,51.255,7.418004448134377,256
256,JesseJames,TE,3.004,1.371,1.6334488704395347,51.068,1.6334488704395347,257
257,GeoffSwaim,TE,2.993,4.375,-1.3822295227295593,50.881,1.3822295227295593,258
258,DonaldParham,TE,2.942,4.214,-1.2721009955894869,50.014,1.2721009955894869,259
259,MasonRudolph,QB,2.931,9.2,-6.26948393230721,49.827,6.26948393230721,260
260,DarrellDaniels,TE,2.912,0.067,2.8446647158129315,49.504,2.8446647158129315,261
261,MackHollins,WR,2.824,3.547,-0.722945983260888,48.008,0.722945983260888,262
262,JohnRoss,WR,2.812,4.1,-1.288023986710312,47.804,1.288023986710312,263
263,AdamShaheen,TE,2.806,1.917,0.8894884138496704,47.702,0.8894884138496704,264
264,TrentonIrwin,WR,2.788,0.771,2.0170428651701764,47.396,2.0170428651701764,265
265,CJHam,RB,2.768,1.935,0.8328936877191611,47.056,0.8328936877191611,266
266,TrentTaylor,WR,2.708,1.525,1.1830052770490633,46.036,1.1830052770490633,267
267,KalifRaymond,WR,2.665,8.275,-5.610134106910727,45.305,5.610134106910727,268
268,CJBoard,WR,2.623,1.617,1.0064891914135923,44.591,1.0064891914135923,269
269,ChristianBlake,WR,2.616,0.406,2.2101879910210527,44.472,2.2101879910210527,270
270,AlexErickson,WR,2.611,0.5,2.110666047910916,44.387,2.110666047910916,271
271,PennyHart,WR,2.59,0.759,1.8306237306200535,44.03,1.8306237306200535,272
272,MarcedesLewis,TE,2.589,2.612,-0.02321629087622501,44.013,0.02321629087622501,273
273,MyColePruitt,TE,2.588,3.031,-0.44312160985177584,43.996,0.44312160985177584,274
274,TrentSherfield,WR,2.516,1.394,1.1222603946026803,42.772,1.1222603946026803,275
275,PatrickLaird,RB,2.499,0.85,1.6491025027565183,42.483,1.6491025027565183,276
276,PharohCooper,WR,2.489,0.95,1.539247078358098,42.313,1.539247078358098,277
277,ColtMcCoy,QB,2.464,5.162,-2.698151693311689,41.888,2.698151693311689,278
278,PeytonBarber,RB,2.45,4.99,-2.539647644839039,41.65,2.539647644839039,279
279,DominiqueDafney,TE,2.446,0.54,1.9058458747081697,41.582,1.9058458747081697,280
280,JJArcegaWhiteside,WR,2.378,0.35,2.0277650071039246,40.426,2.0277650071039246,281
281,NickBoyle,TE,2.359,0.24,2.118607758701767,40.103,2.118607758701767,282
282,JeremyMcNichols,RB,2.352,5.257,-2.9049492905183816,39.984,2.9049492905183816,283
283,LoganWoodside,QB,2.313,-0.12,2.4332466192531745,39.321,2.4332466192531745,284
284,AlecIngold,RB,2.312,2.733,-0.42148053350097836,39.304,0.42148053350097836,285
285,MaxxWilliams,TE,2.29,8.26,-5.969560689724232,38.93,5.969560689724232,286
286,DErnestJohnson,RB,2.252,6.124,-3.8721887461477396,38.284,3.8721887461477396,287
287,BlakeJarwin,TE,2.244,4.075,-1.8306445025402511,38.148,1.8306445025402511,288
288,NickWestbrookIkhine,WR,2.237,6.725,-4.487541133649067,38.029,4.487541133649067,289
289,ColbyParkinson,TE,2.211,0.593,1.6175826132781626,37.587,1.6175826132781626,290
290,DurhamSmythe,TE,2.161,4.118,-1.9565001320264406,36.737,1.9565001320264406,291
291,JamesProche,WR,2.134,2.586,-0.45216060342708086,36.278,0.45216060342708086,292
292,GabeNabers,RB,1.992,0.55,1.4424628598132079,33.864,1.4424628598132079,293
293,ScottiePhillips,RB,1.982,1.4,0.5820975220991031,33.694,0.5820975220991031,294
294,StephenAnderson,TE,1.963,2.265,-0.30150999848045834,33.371,0.30150999848045834,295
295,MikeBoone,RB,1.947,0.962,0.9854345600407639,33.099,0.9854345600407639,296
296,FosterMoreau,TE,1.938,5.018,-3.080060075851004,32.946,3.080060075851004,297
297,CodyHollister,WR,1.899,2.433,-0.5335514994182087,32.283,0.5335514994182087,298
298,AshtonDulin,WR,1.84,3.029,-1.1886000857763053,31.28,1.1886000857763053,299
299,BrandonZylstra,WR,1.731,3.769,-2.038263409876356,29.427,2.038263409876356,300
300,JacobyBrissett,QB,1.72,6.573,-4.853330242628375,29.24,4.853330242628375,301
301,DiontaeSpencer,WR,1.596,-0.22,1.8164907621258835,27.132,1.8164907621258835,302
302,KadenSmith,TE,1.564,0.7,0.8640733169155528,26.588,0.8640733169155528,303
303,JaylenSamuels,RB,1.541,1.767,-0.2258437090438381,26.197,0.2258437090438381,304
304,EricSaubert,TE,1.513,1.1,0.41253100118674113,25.721,0.41253100118674113,305
305,TommyleeLewis,WR,1.484,0.85,0.6342834276785939,25.228,0.6342834276785939,306
306,CoreyClement,RB,1.439,1.7,-0.2608485098867106,24.463,0.2608485098867106,307
307,DedeWestbrook,WR,1.384,1.12,0.2639487665829501,23.528,0.2639487665829501,308
308,ChadHenne,QB,1.374,0.825,0.5486832070595791,23.358,0.5486832070595791,309
309,BlakeBell,TE,1.215,1.169,0.04580290721703184,20.655,0.04580290721703184,310
310,JonathanWard,RB,1.213,0.746,0.4667767109553074,20.621,0.4667767109553074,311
311,CethanCarter,TE,1.193,0.225,0.9683597764501554,20.281,0.9683597764501554,312
312,CraigReynolds,RB,1.149,7.04,-5.890592141577676,19.533,5.890592141577676,313
313,BlaineGabbert,QB,1.088,0.333,0.75501104987199,18.496,0.75501104987199,314
314,JeremySprinkle,TE,1.058,0.359,0.6990772753170988,17.986,0.6990772753170988,315
315,RyanNall,RB,1.027,0.2,0.8271683949528674,17.459,0.8271683949528674,316
316,LukeStocker,TE,1.024,0.267,0.7570870737400449,17.408,0.7570870737400449,317
317,ReggieGilliam,RB,0.954,0.35,0.603561971413949,16.218,0.603561971413949,318
318,KhariBlasingame,RB,0.88,0.091,0.7893457644122963,14.96,0.7893457644122963,319
319,ElijhaaPenny,RB,0.862,2.112,-1.250169738692061,14.654,1.250169738692061,320
320,TimBoyle,QB,0.848,4.86,-4.011988822517409,14.416,4.011988822517409,321
321,CharlieWoerner,TE,0.676,0.6,0.07596979035227946,11.492,0.07596979035227946,322
322,JohnnyMundt,TE,0.597,0.317,0.28044394032602876,10.149,0.28044394032602876,323
323,GenoSmith,QB,0.477,13.575,-13.09823941625356,8.109,13.09823941625356,324
324,NickBellore,RB,0.377,0.082,0.29488257846776894,6.409,0.29488257846776894,325
325,MichaelBurton,RB,0.322,0.919,-0.5967632664389027,5.474,0.5967632664389027,326
326,AndyJanovich,RB,0.186,0.915,-0.7289766758117908,3.162,0.7289766758117908,327
327,KeithSmith,RB,0.107,1.041,-0.9342382065855594,1.819,0.9342382065855594,328
328,JakeKumerow,WR,-0.173,0.32,-0.493290628674871,-2.941,0.493290628674871,329
329,PatrickRicard,RB,-0.414,1.592,-2.006010177349929,-7.038,2.006010177349929,330
330,DerekCarrier,TE,-0.753,0.66,-1.4132541690299165,-12.801,1.4132541690299165,331
331,TylerHuntley,QB,-1.364,11.8,-13.164306018311024,-23.188,13.164306018311024,332
