Player,Tm,Pos,Age,G,GS,Cmp/G,Att/G,Yds/G,IAY/G,IAirYds/PassA,CAY/G,CAirYds/Cmp,CAirYds/PassA,YAC/G,YdsAC/Cmp,Bats/G,ThAwy/G,Spikes/G,Drops/G,Drp%,BadTh/G,BadTh%,OnTgt/G,OnTarg%,Sk/G,PockTime,Bltz/G,Hrry/G,Prss/G,Press%,Scrm/G,Yds/Scram,Plays/G,RPO_Yds/G,RPO_PassAtt/G,RPO_PassYds/G,RPO_RushAtt/G,RPO_RushYds/G,PA_PassAtt/G,PA_PassYds/G,Year,PlID,TmID
JameisWinston,TAM,QB,25,16,16,23.75,39.125,319.312,405.375,10.4,203.062,8.6,5.2,116.25,4.9,0.688,1.375,0.125,1.438,0.038,7.75,0.206,26.312,0.699,2.938,2.5,15.062,3.75,10.062,0.229,1.938,7.4,0.562,5.125,0.5,5,0.062,0.125,5.812,70.812,2019,JameisWinston2019,TAM2019
DakPrescott,DAL,QB,26,16,16,24.25,37.25,306.375,346.188,9.3,186.5,7.7,5,119.875,4.9,0.562,0.875,0.062,2.25,0.062,5.375,0.148,28.188,0.776,1.438,2.6,9.688,2.5,7.5,0.188,1.25,7.3,3.375,28.312,2.812,23.938,0.562,4.375,8.062,77.438,2019,DakPrescott2019,DAL2019
JaredGoff,LAR,QB,25,16,16,24.625,39.125,289.875,301.562,7.7,149.25,6.1,3.8,140.625,5.7,1.062,0.938,0.062,1.688,0.044,7.688,0.202,27.312,0.716,1.375,2.6,13.688,3.25,7.625,0.185,0.625,3.8,0.125,0.188,0,0,0.125,0.188,11.375,97.75,2019,JaredGoff2019,LAR2019
PhilipRivers,LAC,QB,38,16,16,24.375,36.938,288.438,314.062,8.5,151.875,6.2,4.1,136.562,5.6,0.812,1,0.188,1.562,0.044,5.5,0.154,27.438,0.767,2.125,2.5,7.125,2.5,8.125,0.206,0.375,5.5,2.25,25.188,2.25,25.188,0,0,5.625,53.812,2019,PhilipRivers2019,LAC2019
MattRyan,ATL,QB,34,15,15,27.2,41.067,297.733,333.933,8.1,187.733,6.9,4.6,110,4,1.267,1.8,0.067,1.133,0.029,5.733,0.146,29.533,0.753,3.2,2.5,13.267,3.6,10.933,0.239,1.4,7.1,2.067,16.867,2.067,16.867,0,0,7.2,55.133,2019,MattRyan2019,ATL2019
RussellWilson,SEA,QB,31,16,16,21.312,32.25,256.875,302.25,9.4,150.125,7,4.7,106.75,5,0.562,1.25,0.188,1.062,0.034,5.688,0.185,23.5,0.763,3,2.5,13.812,4.438,11,0.289,2.812,7.4,3.188,23.562,2.375,21.5,0.562,2.062,7.312,66.188,2019,RussellWilson2019,SEA2019
TomBrady,NWE,QB,42,16,16,23.312,38.312,253.562,289.875,7.6,139.562,6,3.6,114,4.9,0.375,2.5,0,2.125,0.059,7.375,0.206,26.188,0.731,1.688,2.5,12.375,3.438,7.438,0.185,0.188,11,1.312,7.438,1.312,7.438,0,0,7.75,61.25,2019,TomBrady2019,NWE2019
DerekCarr,OAK,QB,28,16,16,22.562,32.062,253.375,210.25,6.6,120.75,5.4,3.8,132.625,5.9,0.562,1.75,0.125,1.562,0.052,3.312,0.11,24.938,0.826,1.812,2.5,6.688,4.188,7.062,0.203,0.875,5.5,1.125,7.5,1.062,6.75,0.062,0.75,5.25,44.312,2019,DerekCarr2019,OAK2019
CarsonWentz,PHI,QB,27,16,16,24.25,37.938,252.438,304.875,8,139.688,5.8,3.7,112.75,4.6,1,0.625,0.062,1.75,0.047,6.625,0.178,26.938,0.723,2.312,2.4,11.5,4.188,9.812,0.234,1.75,6.3,4.938,27.938,4.25,24.75,0.438,3.188,9.312,66.375,2019,CarsonWentz2019,PHI2019
PatrickMahomes,KAN,QB,24,14,14,22.786,34.571,287.929,305.214,8.8,148.286,6.5,4.3,139.643,6.1,0.429,1.357,0,1.786,0.054,6.071,0.183,25.643,0.772,1.214,2.5,7.714,3.857,7.5,0.2,1.643,9.3,5.071,35.5,4.571,33.5,0.429,2,8.214,64.857,2019,PatrickMahomes2019,KAN2019
AaronRodgers,GNB,QB,36,16,16,22.062,35.562,250.125,312.812,8.8,124.562,5.6,3.5,125.562,5.7,0.188,1.938,0.062,1.5,0.045,7.125,0.212,25.062,0.747,2.25,2.6,9.625,3.562,8.625,0.219,1.625,7.8,2,6.688,1.875,6.688,0,0,7.75,60.375,2019,AaronRodgers2019,GNB2019
JimmyGaroppolo,SFO,QB,28,16,16,20.562,29.75,248.625,194.125,6.5,113.688,5.5,3.8,134.938,6.6,0.375,0.438,0.125,1.75,0.06,4,0.137,23.562,0.807,2.25,2.4,12.562,2.562,6.812,0.208,0.75,4.7,1.5,21.812,1.438,21.812,0,0,7.812,89.875,2019,JimmyGaroppolo2019,SFO2019
DeshaunWatson,HOU,QB,24,15,15,22.2,33,256.8,293.067,8.9,144.4,6.5,4.4,112.4,5.1,0.4,1,0.133,1.4,0.044,5.333,0.167,24.467,0.768,2.933,2.5,11.133,3.133,8.667,0.223,2.933,7.1,6.133,42.467,4.333,34.467,1.667,8,6.267,54.2,2019,DeshaunWatson2019,HOU2019
BakerMayfield,CLE,QB,24,16,16,19.812,33.375,239.188,282.25,8.5,125.438,6.3,3.8,113.75,5.7,1.25,1.188,0.125,1.875,0.058,5.812,0.181,22.625,0.706,2.5,2.3,13.188,4.062,8.062,0.218,1.062,7.9,3.75,29.375,3.625,29.438,0.062,-0.062,7.812,70.5,2019,BakerMayfield2019,CLE2019
KylerMurray,ARI,QB,22,16,16,21.812,33.875,232.625,249.188,7.4,116.875,5.4,3.5,115.75,5.3,1.125,1.5,0.25,1.062,0.033,5.75,0.179,23.625,0.735,3,2.3,9.438,3.938,7.938,0.206,1.75,6.9,6.75,48.75,4.375,33.5,2.062,15.25,7.25,58.625,2019,KylerMurray2019,ARI2019
KirkCousins,MIN,QB,31,15,15,20.467,29.6,240.2,226.333,7.6,121.2,5.9,4.1,119,5.8,0.6,1.6,0,1.133,0.04,4.333,0.155,22.133,0.79,1.867,2.7,7.133,3.2,7.067,0.22,0.6,5.6,0.067,3.067,0.067,3.067,0,0,8.267,82.333,2019,KirkCousins2019,MIN2019
RyanFitzpatrick,MIA,QB,37,15,13,20.733,33.467,235.267,297.8,8.9,150.933,7.3,4.5,84.333,4.1,1,0.467,0.2,1.867,0.057,5.8,0.177,23.867,0.728,2.667,2.3,12.8,3.2,10.267,0.267,2.333,7.6,1,5,0.867,5,0,0,4.4,37.6,2019,RyanFitzpatrick2019,MIA2019
AndyDalton,CIN,QB,32,13,13,24.154,40.615,268.769,307,7.6,141.769,5.9,3.5,127,5.3,1.077,1.308,0.538,2.077,0.054,7.077,0.183,27.846,0.718,2.846,2.3,14.462,2.769,7.462,0.169,0.769,6,2.923,15.846,2.538,15.231,0.385,0.615,7.923,53.231,2019,AndyDalton2019,CIN2019
KyleAllen,CAR,QB,23,13,12,23.308,37.615,255.538,305,8.1,126.846,5.4,3.4,128.692,5.5,1.077,1.923,0.077,2.154,0.06,5.923,0.166,27.154,0.762,3.538,2.4,10.077,3.846,9.538,0.224,1.462,5.3,4.308,34.308,4,33.769,0.154,0.538,7.923,60.538,2019,KyleAllen2019,CAR2019
GardnerMinshewII,JAX,QB,23,14,12,20.357,33.571,233.643,239,7.1,120.5,5.9,3.6,113.143,5.6,0.571,1.286,0.071,1.714,0.053,6,0.186,23.714,0.736,2.357,2.4,10.5,3.929,8.357,0.212,3.5,7.1,1.357,14.071,1.143,13.857,0.143,0.214,4.143,47,2019,GardnerMinshewII2019,JAX2019
MitchellTrubisky,CHI,QB,25,15,15,21.733,34.4,209.2,273.867,8,115.267,5.3,3.4,93.933,4.3,0.533,0.467,0.2,1.867,0.055,6.2,0.184,25.133,0.745,2.533,2.3,9.333,3.733,8.4,0.219,1.467,5.5,2.667,13.533,1.733,8.8,0.933,4.733,5.733,46.133,2019,MitchellTrubisky2019,CHI2019
LamarJackson,BAL,QB,22,15,15,17.667,26.733,208.467,236.333,8.8,117.8,6.7,4.4,90.667,5.1,0.8,0.733,0.133,0.933,0.036,4.533,0.175,19.667,0.76,1.533,2.6,9.2,2.067,5,0.162,2.6,11,11.533,83.933,5.133,39.2,6.133,44.733,7.733,59.467,2019,LamarJackson2019,BAL2019
JoshAllen,BUF,QB,23,16,16,16.938,28.812,193.062,266.625,9.3,109.875,6.5,3.8,83.188,4.9,0.625,1.562,0.188,1.938,0.072,5.5,0.203,19.812,0.732,2.375,2.3,12.562,2.812,7.875,0.232,2.688,7.3,2.625,16.688,2,15,0.5,1.688,5.812,49.188,2019,JoshAllen2019,BUF2019
DanielJones,NYG,QB,22,13,12,21.846,35.308,232.846,283.769,8,124.538,5.7,3.5,108.308,5,0.462,0.923,0,1.308,0.038,6.154,0.179,24.462,0.711,2.923,2.5,10.077,3.692,11.692,0.29,2.077,8.4,2.846,25,2.154,22.846,0.385,2.154,5.769,49.154,2019,DanielJones2019,NYG2019
SamDarnold,NYJ,QB,22,13,13,21,33.923,232.615,278,8.2,119.154,5.7,3.5,113.462,5.4,0.769,1.769,0.154,1.923,0.06,5.692,0.178,24.077,0.752,2.538,2.5,12.769,4.846,10.385,0.28,0.615,8,2.692,18.538,2.462,18.077,0.154,0.462,7.077,51.923,2019,SamDarnold2019,NYJ2019
DrewBrees,NOR,QB,40,11,11,25.545,34.364,270.818,220.818,6.4,135.273,5.3,3.9,135.545,5.3,0.364,0.818,0.455,1.182,0.036,3.545,0.107,27.818,0.841,1.091,2.3,10.364,2.273,4.909,0.138,0,0,0.182,2.455,0.182,2.455,0,0,4.818,44.727,2019,DrewBrees2019,NOR2019
JacobyBrissett,IND,QB,27,15,15,18.133,29.8,196.133,234.733,7.9,95.8,5.3,3.2,100.333,5.5,0.8,1.4,0.2,1.6,0.057,5.2,0.184,21,0.745,1.8,2.6,9,3.733,9.133,0.27,2.2,6.1,4,22.867,3.333,20.333,0.6,2.533,7.333,55.133,2019,JacobyBrissett2019,IND2019
RyanTannehill,TEN,QB,31,12,10,16.75,23.833,228.5,226.25,9.5,124.5,7.4,5.2,104,6.2,0.5,0.417,0.25,0.75,0.032,2.917,0.126,18.75,0.809,2.583,2.6,8.667,2.083,6.667,0.241,1.25,11,0.583,7.5,0.417,7.083,0.167,0.417,6.167,91.25,2019,RyanTannehill2019,TEN2019
MatthewStafford,DET,QB,31,8,8,23.375,36.375,312.375,387.125,10.6,201.125,8.6,5.5,111.25,4.8,0.625,0.625,0.25,1.125,0.032,7.375,0.208,25.125,0.708,2.25,2.4,10.875,2.875,7.625,0.191,1.25,5.6,1.75,11.25,1,6.5,0.625,4.75,8.625,84,2019,MatthewStafford2019,DET2019
JoeFlacco,DEN,QB,34,8,8,21.375,32.75,227.75,218.75,6.7,114.375,5.4,3.5,113.375,5.3,1.125,1.5,0.125,1.875,0.06,5,0.161,24.25,0.779,3.25,2.4,9.5,5.125,10.125,0.276,0.625,4.2,0.5,2,0.5,2,0,0,4.75,35.875,2019,JoeFlacco2019,DEN2019
MasonRudolph,PIT,QB,24,10,8,17.6,28.3,176.5,228.6,8.1,83.6,4.8,3,92.9,5.3,0.4,1.4,0,1.6,0.059,5.4,0.201,19.2,0.714,1.5,2.6,11.3,3.5,8,0.26,1,5,1.4,8.9,1.3,8.8,0.1,0.1,3.9,16.5,2019,MasonRudolph2019,PIT2019
CaseKeenum,WAS,QB,31,10,8,16,24.7,170.7,170,6.9,90.7,5.7,3.7,80,5,0.6,0.7,0.2,1.2,0.05,4.1,0.172,17.3,0.727,1.5,2.5,6.4,3.5,7.7,0.291,0.3,5,1.4,5.1,1.4,5.1,0,0,4.8,42.5,2019,CaseKeenum2019,WAS2019
TeddyBridgewater,NOR,QB,27,9,5,14.778,21.778,153.778,134.222,6.2,70.222,4.8,3.2,83.556,5.7,0.444,1,0,1.778,0.086,2.444,0.118,16.889,0.813,1.333,2.5,5.111,2.444,4.889,0.2,1.333,3.3,0,0,0,0,0,0,3.222,40,2019,TeddyBridgewater2019,NOR2019
DwayneHaskins,WAS,QB,22,9,7,13.222,22.556,151.667,194.556,8.6,83.333,6.3,3.7,68.333,5.2,0.444,0.667,0.111,1.556,0.071,4.222,0.194,16.111,0.74,3.222,2.6,8.333,3.333,8.444,0.311,1.333,6.7,0.778,3.889,0.667,3.889,0,0,4.444,37.222,2019,DwayneHaskins2019,WAS2019
MarcusMariota,TEN,QB,26,7,6,13.571,22.857,171.857,160.143,7,86.571,6.4,3.8,85.286,6.3,0.286,1.286,0.286,1.429,0.067,4.429,0.208,15.286,0.718,3.571,2.4,8.143,3.286,8.571,0.303,1.857,6.7,2.714,23.571,2,21,0.714,2.571,6,67.571,2019,MarcusMariota2019,TEN2019
DevlinHodges,PIT,QB,23,8,6,12.5,20,132.875,146,7.3,60.25,4.8,3,72.625,5.8,0.25,1.875,0,1.125,0.062,3.5,0.193,14,0.772,1.875,2.5,9.125,1.875,5.375,0.235,1,9,1.75,8.375,1.5,8.5,0.25,-0.125,2.25,14.5,2019,DevlinHodges2019,PIT2019
EliManning,NYG,QB,38,4,4,22.75,36.75,260.5,299.75,8.2,156.25,6.9,4.3,104.25,4.6,1,1,0,1,0.028,7,0.196,26.5,0.741,1.25,2.4,9.25,2.5,5.75,0.15,0.25,6,3.5,28,3.5,28,0,0,8.5,70.5,2019,EliManning2019,NYG2019
DrewLock,DEN,QB,23,5,5,20,31.2,204,210.6,6.8,93.4,4.7,3,110.6,5.5,0.2,0.8,0,1.8,0.059,5.4,0.178,22.2,0.73,1,2.6,9.4,3.2,7.8,0.227,2.2,6.7,2.6,18.2,2.4,18.2,0,0,6.2,56.8,2019,DrewLock2019,DEN2019
DavidBlough,DET,QB,24,5,5,18.8,34.8,196.8,296.8,8.5,131,7,3.8,65.8,3.5,1.2,1.2,0,1.6,0.048,8.6,0.256,20.2,0.601,2.8,2.6,12.6,3.6,8.8,0.227,1.2,5.3,0.4,0,0.4,0,0,0,6.2,44,2019,DavidBlough2019,DET2019
NickFoles,JAX,QB,30,4,4,19.25,29.25,184,247.5,8.5,95.5,5,3.3,88.5,4.6,0.5,1.25,0,1,0.036,3.25,0.116,22,0.786,2,2.3,6.75,1.75,5,0.157,0.5,3.5,1.5,9,1.25,5.75,0.25,3.25,3.5,23,2019,NickFoles2019,JAX2019
JeffDriskel,DET,QB,26,3,3,20.667,35,228.333,287,8.2,135,6.5,3.9,93.333,4.5,0.667,1.667,0.667,1,0.031,7.667,0.235,22.667,0.694,3.667,2.6,8.667,6,14.667,0.344,4,8.9,2.667,13.333,0,0,2.667,13.333,4.667,14.667,2019,JeffDriskel2019,DET2019
MattMoore,KAN,QB,35,6,2,9.833,15.167,109.833,105.833,7,62.833,6.4,4.1,47,4.8,0.5,0.167,0.167,0.5,0.034,2.5,0.169,11.333,0.764,1.333,2.4,3.5,1,4.167,0.25,0.167,3,2.333,22.833,2.167,22.833,0,0,5,57.167,2019,MattMoore2019,KAN2019
MattSchaub,ATL,QB,38,6,1,8.333,11.167,96.667,81.333,7.3,52.333,6.3,4.7,44.333,5.3,0,0.167,0.333,0,0,1.667,0.156,8.333,0.781,0.333,2.2,2.833,0.333,1.667,0.145,0,0,0.333,0,0.333,0,0,0,2.167,23.833,2019,MattSchaub2019,ATL2019
CamNewton,CAR,QB,30,2,2,25,44.5,286,396.5,8.9,184,7.4,4.1,102,4.1,1,1,0.5,1.5,0.035,13,0.302,27,0.628,3,2.2,21.5,6,11.5,0.24,0.5,3,7.5,58,6,58,1,0,11,97.5,2019,CamNewton2019,CAR2019
JoshRosen,MIA,QB,22,6,3,9.667,18.167,94.5,150.167,8.3,41.667,4.3,2.3,52.833,5.5,1.167,0.167,0,1.333,0.074,4,0.222,12.167,0.676,2.667,2.4,4.667,2.667,7.833,0.367,0.5,4.3,1.833,4.333,1.667,4.333,0,0,2.5,6.667,2019,JoshRosen2019,MIA2019
BrandonAllen,DEN,QB,27,3,3,13,28,171.667,215.333,7.7,93.667,7.2,3.3,78,6,0.667,3,0,1,0.04,6,0.24,17,0.68,3,2.3,10,1.667,6,0.184,1.667,5.8,2.667,8.333,2.333,4.667,0.333,3.667,8,91,2019,BrandonAllen2019,DEN2019
RyanFinley,CIN,QB,25,3,3,13.667,29,158,240.333,8.3,90.333,6.6,3.1,67.667,5,0.667,1,0,1.333,0.048,6.333,0.226,17.333,0.619,3.667,2.7,13.333,6.333,12.333,0.356,2,11.5,1,0.333,0.667,0,0.333,0.333,4.667,43.667,2019,RyanFinley2019,CIN2019
ChaseDaniel,CHI,QB,33,3,1,15,21.333,145,141.667,6.6,100,6.7,4.7,45,3,0.333,0,0,1.333,0.063,3,0.141,17,0.797,2.333,2.5,4,2.667,6.667,0.278,0.333,2,1.333,8.667,1.333,8.667,0,0,4.667,27.333,2019,ChaseDaniel2019,CHI2019
LukeFalk,NYJ,QB,25,3,2,15.667,24.333,138.667,132.333,5.4,50.667,3.2,2.1,88,5.6,1,0.667,0,1.333,0.056,3.667,0.155,17.667,0.746,5.333,2.4,11,4,12.333,0.416,0,0,1,7.333,1,7.333,0,0,4.667,37.667,2019,LukeFalk2019,NYJ2019
BrianHoyer,IND,QB,34,4,1,8.75,16.25,93,139.75,8.6,53.75,6.1,3.3,39.25,4.5,0,0.25,0,0.75,0.047,3.5,0.219,11.25,0.703,1.25,2.5,7.5,1.75,4.75,0.264,0.5,3.5,0.75,7.5,0.75,7.5,0,0,2.25,20,2019,BrianHoyer2019,IND2019
MattBarkley,BUF,QB,29,2,0,13.5,25.5,179.5,201.5,7.9,101.5,7.5,4,78,5.8,1.5,0,0.5,2.5,0.1,4.5,0.18,17,0.68,1,2.2,12,1,2.5,0.094,0,0,0,0,0,0,0,0,5,53,2019,MattBarkley2019,BUF2019
BenRoethlisberger,PIT,QB,37,2,2,17.5,31,175.5,288,9.3,79,4.5,2.5,96.5,5.5,1,0,0,3.5,0.113,6,0.194,22,0.71,1,2.3,8.5,7,9,0.277,0.5,7,0,0,0,0,0,0,0.5,4,2019,BenRoethlisberger2019,PIT2019
WillGrier,CAR,QB,24,2,2,14,26,114,245.5,9.4,24.5,1.8,0.9,89.5,6.4,0.5,1.5,0,1,0.041,5.5,0.224,15.5,0.633,3,2.4,4.5,6,10,0.317,2.5,4.4,1,0,1,0,0,0,3.5,30,2019,WillGrier2019,CAR2019
RobertGriffinIII,BAL,QB,29,7,1,3.286,5.429,32.143,40.286,7.4,20.143,6.1,3.7,12,3.7,0.286,0.143,0,0,0,0.857,0.162,3.857,0.73,0.714,2.5,3.429,0,1.286,0.205,0.143,16,2.143,9.857,1.143,6,0.857,3.857,1.429,6,2019,RobertGriffinIII2019,BAL2019
AJMcCarron,HOU,QB,29,2,1,10.5,18.5,112.5,156.5,8.5,47.5,4.5,2.6,65,6.2,0,2.5,0,0,0,3.5,0.219,12.5,0.781,2.5,2.8,7.5,4,7.5,0.319,2.5,7.8,1,3.5,1,3.5,0,0,3.5,18,2019,AJMcCarron2019,HOU2019
SeanMannion,MIN,QB,27,3,1,4,7,42,44,6.3,20,5,2.9,22,5.5,0.667,0,0,1,0.143,1,0.143,5.333,0.762,0,2.5,1,2.667,3.667,0.524,0,0,0,0,0,0,0,0,0.667,3.667,2019,SeanMannion2019,MIN2019
ColtMcCoy,WAS,QB,33,1,1,18,27,122,177,6.6,88,4.9,3.3,34,1.9,1,0,0,0,0,6,0.222,20,0.741,6,2.4,7,3,12,0.343,2,7,0,0,0,0,0,0,4,40,2019,ColtMcCoy2019,WAS2019
MikeGlennon,OAK,QB,30,2,0,3,5,28,56,11.2,19,6.3,3.8,9,3,0,0,0,0,0,1.5,0.3,3.5,0.7,0,2.5,2,0,1,0.2,0,0,0,0,0,0,0,0,0,0,2019,MikeGlennon2019,OAK2019
TaysomHill,NOR,QB,29,16,5,0.188,0.375,3.438,5.875,15.7,2.688,14.3,7.2,0.75,4,0,0,0,0,0,0.062,0.167,0.188,0.5,0.062,2.3,0.062,0.062,0.125,0.222,0.125,8.5,0.625,1.75,0,0,0.562,1.75,0.062,0,2019,TaysomHill2019,NOR2019
BrettHundley,ARI,QB,26,3,0,1.667,3.667,16.333,38,10.4,5,3,1.4,11.333,6.8,0,0,0,0.333,0.091,0.333,0.091,2.667,0.727,0.667,2.5,1.333,0,0.667,0.133,0.667,13,1.333,11.333,0.667,9.333,0.333,2,1,9.333,2019,BrettHundley2019,ARI2019
JulianEdelman,NWE,WR,33,16,13,0.125,0.125,2.938,0.562,4.5,0.562,4.5,4.5,2.375,19,0,0,0,0,0,0,0,0.125,1,0,3.7,0,0,0.062,0.5,0,0,0.062,0.938,0.062,0.938,0,0,0.062,0.938,2019,JulianEdelman2019,NWE2019
CourtlandSutton,DEN,WR,24,16,14,0.062,0.062,2.375,2.312,37,2.312,37,37,0.062,1,0,0,0,0,0,0,0,0.062,1,0,4.3,0.062,0,0,0,0,0,0,0,0,0,0,0,0,0,2019,CourtlandSutton2019,DEN2019
JaylenSamuels,PIT,RB,23,14,4,0.286,0.357,2.5,-0.786,-2.2,-1.071,-3.8,-3,3.571,12.5,0,0,0,0,0,0.071,0.2,0.286,0.8,0,1.2,0.214,0,0.071,0.2,0,0,0.786,3.357,0.071,0,0.714,3.357,0.071,0,2019,JaylenSamuels2019,PIT2019
EmmanuelSanders,2TM,WR,32,17,16,0.059,0.059,2.059,1.294,22,1.294,22,22,0.765,13,0,0,0,0,0,0,0,0.059,1,0,0,0,0,0,0,0,0,0,0,0,0,0,0,0.059,2.059,2019,EmmanuelSanders2019,2TM2019
JamesWhite,NWE,RB,27,15,1,0.067,0.067,2.333,0.533,8,0.533,8,8,1.8,27,0,0,0,0,0,0,0,0.067,1,0,2.8,0,0,0,0,0,0,0.2,0.067,0,0,0.2,0.067,0,0,2019,JamesWhite2019,NWE2019
TyrodTaylor,LAC,QB,30,8,0,0.5,0.75,4.125,4,5.3,1.75,3.5,2.3,2.375,4.8,0,0,0,0.125,0.167,0.125,0.167,0.625,0.833,0,2.1,0.125,0,0,0,0,0,0.375,-0.125,0.125,-0.25,0.25,0.125,0.25,1.5,2019,TyrodTaylor2019,LAC2019
JohnBrown,BUF,WR,29,15,15,0.067,0.067,1.867,1.4,21,1.4,21,21,0.467,7,0,0,0,0,0,0,0,0.067,1,0,3.9,0,0,0,0,0,0,0,0,0,0,0,0,0.067,1.867,2019,JohnBrown2019,BUF2019
AlexErickson,CIN,WR,27,16,6,0.062,0.062,1.625,1.438,23,1.438,23,23,0.188,3,0,0,0,0,0,0,0,0.062,1,0,3.8,0,0,0,0,0,0,0.062,1.625,0.062,1.625,0,0,0.062,1.625,2019,AlexErickson2019,CIN2019
JoshMcCown,PHI,QB,40,3,0,1,1.667,8,7.333,4.4,3,3,1.8,5,5,0.333,0,0,0.333,0.2,0,0,1.333,0.8,0,1.9,0,0,0,0,0,0,0.333,4.333,0.333,4.333,0,0,0.333,4.333,2019,JoshMcCown2019,PHI2019
OdellBeckhamJr,CLE,WR,27,16,15,0.062,0.125,1.25,4.062,32.5,0.938,15,7.5,0.312,5,0,0,0,0,0,0,0,0.125,1,0,2.3,0,0,0,0,0,0,0,0,0,0,0,0,0,0,2019,OdellBeckhamJr2019,CLE2019
AlbertWilson,MIA,WR,27,13,4,0.077,0.154,1.538,1.538,10,-0.231,-3,-1.5,1.769,23,0,0,0,0,0,0.077,0.5,0.077,0.5,0.077,2.3,0.231,0,0.077,0.333,0,0,0.385,4,0.077,1.538,0.231,2.462,0.077,1.538,2019,AlbertWilson2019,MIA2019
DannyAmendola,DET,WR,34,15,10,0.067,0.067,1.267,0.933,14,0.933,14,14,0.333,5,0,0,0,0,0,0,0,0.067,1,0,4.1,0.067,0,0,0,0,0,0.067,1.267,0.067,1.267,0,0,0.067,1.267,2019,DannyAmendola2019,DET2019
DantePettis,SFO,WR,24,11,4,0.091,0.091,1.455,-0.364,-4,-0.364,-4,-4,1.818,20,0,0,0,0,0,0,0,0.091,1,0,1.2,0,0,0,0,0,0,0,0,0,0,0,0,0,0,2019,DantePettis2019,SFO2019
TimBoyle,GNB,QB,25,3,0,1,1.333,5,3.333,2.5,0.333,0.3,0.3,4.667,4.7,0,0,0,0,0,0.333,0.25,1,0.75,0,1.7,0,0,0.333,0.25,0,0,0.333,2.333,0.333,2.333,0,0,0.667,4,2019,TimBoyle2019,GNB2019
JarrettStidham,NWE,QB,23,3,0,0.667,1.333,4.667,7,5.3,3,4.5,2.3,1.667,2.5,0,0,0,0,0,0.667,0.5,0.667,0.5,0.333,2.4,0.667,0,0.333,0.2,0,0,0,0,0,0,0,0,0,0,2019,JarrettStidham2019,NWE2019
AlvinKamara,NOR,RB,24,14,9,0.071,0.071,0.929,0.786,11,0.786,11,11,0.143,2,0,0,0,0,0,0,0,0.071,1,0,1.5,0.071,0,0,0,0,0,0.429,2.643,0,0,0.429,2.643,0,0,2019,AlvinKamara2019,NOR2019
KelvinHarmon,WAS,WR,23,16,8,0.062,0.062,0.688,0.375,6,0.375,6,6,0.312,5,0,0,0,0,0,0,0,0.062,1,0,1.1,0,0.062,0.062,1,0,0,0,0,0,0,0,0,0.062,0.688,2019,KelvinHarmon2019,WAS2019
AndrewBeck,DEN,TE,23,16,6,0.062,0.062,0.375,-0.188,-3,-0.188,-3,-3,0.562,9,0,0,0,0,0,0,0,0.062,1,0,1.8,0.062,0,0,0,0,0,0,0,0,0,0,0,0,0,2019,AndrewBeck2019,DEN2019
DeAndreHopkins,HOU,WR,27,15,15,0.067,0.133,0.4,0.6,4.5,0,0,0,0.4,6,0,0,0,0,0,0,0,0.067,0.5,0,3.1,0.067,0,0,0,0,0,0.067,0.4,0.067,0.4,0,0,0,0,2019,DeAndreHopkins2019,HOU2019
KenjonBarner,ATL,RB,30,14,0,0.071,0.071,0.214,-0.286,-4,-0.286,-4,-4,0.5,7,0,0,0,0,0,0,0,0.071,1,0,1.2,0.071,0,0,0,0,0,0,0,0,0,0,0,0,0,2019,KenjonBarner2019,ATL2019
BlakeBortles,LAR,QB,27,3,0,0.333,0.667,1,-1,-1.5,-1,-3,-1.5,2,6,0,0.333,0,0,0,0,0,0.333,1,0,2.3,0.333,0,0,0,0,0,0.333,0.333,0,0,0.333,0.333,0.333,0,2019,BlakeBortles2019,LAR2019
TrevorSiemian,NYJ,QB,28,1,1,3,6,3,41,6.8,-8,-2.7,-1.3,11,3.7,0,1,0,0,0,2,0.4,3,0.6,2,2.6,4,1,4,0.5,0,0,2,1,2,1,0,0,2,1,2019,TrevorSiemian2019,NYJ2019
AlexTanney,NYG,QB,32,1,0,1,1,1,1,1,1,1,1,0,0,0,0,0,0,0,0,0,1,1,0,2.9,1,0,0,0,0,0,0,0,0,0,0,0,1,1,2019,AlexTanney2019,NYG2019
RandallCobb,DAL,WR,29,15,6,0,0.067,0,0,0,0,0,0,0,0,0,0.067,0,0,0,0,0,0,0,0,4.8,0,0.067,0.067,1,0,0,0,0,0,0,0,0,0,0,2019,RandallCobb2019,DAL2019
StefonDiggs,MIN,WR,26,15,15,0,0.067,0,0.8,12,0,0,0,0,0,0,0,0,0,0,0.067,1,0,0,0,4.1,0,0,0,0,0,0,0,0,0,0,0,0,0,0,2019,StefonDiggs2019,MIN2019
GarrettGilbert,CLE,QB,28,5,0,0,0.6,0,9.4,15.7,0,0,0,0,0,0,0.2,0,0.2,0.5,0,0,0.2,0.5,0,2.6,0.2,0,0,0,0,0,0,0,0,0,0,0,0,0,2019,GarrettGilbert2019,CLE2019
JoshGordon,2TM,WR,28,11,7,0,0.091,0,3,33,0,0,0,0,0,0,0,0,0,0,0,0,0,0,0,0,0,0,0.091,1,0,0,0,0,0,0,0,0,0.091,0,2019,JoshGordon2019,2TM2019
CooperKupp,LAR,WR,26,16,14,0,0.062,0,1.188,19,0,0,0,0,0,0,0,0,0,0,0.062,1,0,0,0,4.3,0.062,0,0,0,0,0,0,0,0,0,0,0,0,0,2019,CooperKupp2019,LAR2019
ChristianMcCaffrey,CAR,RB,23,16,16,0,0.125,0,1,8,0,0,0,0,0,0,0.062,0,0,0,0.062,1,0,0,0,1.8,0.062,0.062,0.062,0.5,0,0,1.312,4.25,0,0,1.312,4.25,0,0,2019,ChristianMcCaffrey2019,CAR2019
ZachPascal,IND,WR,25,16,13,0,0.062,0,1.312,21,0,0,0,0,0,0,0,0,0,0,0.062,1,0,0,0,3.1,0,0,0,0,0,0,0,0,0,0,0,0,0,0,2019,ZachPascal2019,IND2019
BilalPowell,NYJ,RB,31,13,1,0,0.077,0,1,13,0,0,0,0,0,0,0,0,0,0,0.077,1,0,0,0,4,0,0,0,0,0,0,0.308,1.154,0,0,0.308,1.154,0,0,2019,BilalPowell2019,NYJ2019
StevenSims,WAS,WR,22,16,2,0,0.062,0,0.312,5,0,0,0,0,0,0,0.062,0,0,0,0,0,0,0,0,4.3,0,0,0,0,0,0,0.062,0.25,0,0,0.062,0.25,0,0,2019,StevenSims2019,WAS2019
DeshaunWatson,HOU,QB,25,16,16,23.875,34,301.438,302.5,8.9,177.938,7.5,5.2,123.5,5.2,0.312,1.188,0.125,1.188,0.036,4.938,0.151,26.25,0.803,3.062,2.5,10.5,4.688,10.688,0.261,3.875,6.4,4.562,37.375,3.5,32.438,0.812,4.938,5.062,52.125,2020,DeshaunWatson2020,HOU2020
PatrickMahomes,KAN,QB,25,15,15,26,39.2,316,327.333,8.4,164.867,6.3,4.2,151.133,5.8,0.533,1.333,0.067,1.867,0.049,6.667,0.176,29.067,0.769,1.467,2.6,9.4,4.133,9.533,0.22,2.667,7.3,6.667,51.333,6.267,50.4,0.267,0.933,9.6,71.2,2020,PatrickMahomes2020,KAN2020
TomBrady,TAM,QB,43,16,16,25.062,38.125,289.562,345.688,9.1,177.062,7.1,4.6,112.5,4.5,0.25,0.812,0.25,1.938,0.052,7.625,0.206,27.375,0.739,1.312,2.4,10.062,2.125,7.062,0.178,0.25,2,0.938,6.875,0.875,6.875,0.062,0,6.875,69.938,2020,TomBrady2020,TAM2020
MattRyan,ATL,QB,35,16,16,25.438,39.125,286.312,333.562,8.5,183.688,7.2,4.7,102.625,4,0.375,1.125,0.062,2.062,0.054,5.562,0.147,28.625,0.755,2.562,2.6,12.75,3.438,10.375,0.243,1,6.5,1.125,10.375,1,10.375,0,0,9.5,89.5,2020,MattRyan2020,ATL2020
JoshAllen,BUF,QB,24,16,16,24.75,35.75,284,303.562,8.5,168.25,6.8,4.7,115.75,4.7,0.25,1.375,0,1.562,0.045,5.5,0.16,27.188,0.791,1.625,2.6,15.25,4,8.562,0.219,1.812,7.9,5.125,38.562,3.875,34.188,1.125,4.375,10,93.812,2020,JoshAllen2020,BUF2020
JustinHerbert,LAC,QB,22,15,15,26.4,39.667,289.067,291.867,7.4,141.4,5.4,3.6,147.667,5.6,0.467,0.467,0.267,1.533,0.039,7,0.18,29.8,0.765,2.133,2.4,11.333,5.667,12.467,0.287,1.667,5.6,2.133,13.067,1.333,7.667,0.667,5.4,8.467,76,2020,JustinHerbert2020,LAC2020
AaronRodgers,GNB,QB,37,16,16,23.25,32.875,268.688,258.438,7.9,128.188,5.5,3.9,140.5,6,0.188,1.438,0.188,1.688,0.054,4.312,0.138,25.375,0.812,1.25,2.5,10.5,2.062,5.062,0.142,1.5,6.2,2.625,20.938,2.438,20.188,0.188,0.75,8.75,72.5,2020,AaronRodgers2020,GNB2020
KirkCousins,MIN,QB,32,16,16,21.812,32.25,266.562,256.438,8,145.562,6.7,4.5,121,5.5,0.688,1.688,0.188,1.125,0.037,4.188,0.138,24.688,0.813,2.438,2.6,11.312,3.5,10.812,0.302,1.062,8.1,0.25,3.875,0.188,3.75,0.062,0.125,7.938,80.375,2020,KirkCousins2020,MIN2020
RussellWilson,SEA,QB,32,16,16,24,34.875,263.25,300.562,8.6,149.062,6.2,4.3,114.188,4.8,0.25,1.5,0.062,1.688,0.051,5.25,0.158,26.5,0.795,2.938,2.6,12.875,4.062,11.188,0.272,3.312,8.7,2.625,17.75,2.062,14.875,0.5,2.875,7.75,65.438,2020,RussellWilson2020,SEA2020
PhilipRivers,IND,QB,39,16,16,23.062,33.938,260.562,243.312,7.2,121.75,5.3,3.6,138.812,6,0.688,0.875,0.188,1.062,0.032,5.25,0.16,25.375,0.772,1.188,2.3,7.75,2.312,5.812,0.165,0.062,3,2.75,23.125,2.75,23.125,0,0,5.375,44.938,2020,PhilipRivers2020,IND2020
DerekCarr,LVR,QB,29,16,16,21.75,32.312,256.438,261.5,8.1,134.188,6.2,4.2,122.25,5.6,0.312,1.25,0.25,1.25,0.041,4.938,0.16,24.312,0.789,1.625,2.5,10.812,3.5,7,0.198,1.438,5.4,1.688,10.188,1.375,8.125,0.25,2.062,5.438,36.688,2020,DerekCarr2020,LVR2020
MatthewStafford,DET,QB,32,16,16,21.188,33,255.25,288.062,8.7,146.438,6.9,4.4,108.812,5.1,0.438,0.438,0.438,2.062,0.064,5.875,0.183,24.938,0.776,2.375,2.4,11.188,2.812,7.625,0.21,1,7.3,1.688,17.062,1.688,17.062,0,0,6.562,59.938,2020,MatthewStafford2020,DET2020
KylerMurray,ARI,QB,23,16,16,23.438,34.875,248.188,271.25,7.8,138.312,5.9,4,109.875,4.7,0.875,1.562,0.5,0.812,0.025,5.5,0.168,25.312,0.771,1.688,2.4,9.75,3.438,6.625,0.167,3.188,8.4,10.688,87.188,7.562,69.188,2.688,18,6.688,54.812,2020,KylerMurray2020,ARI2020
JaredGoff,LAR,QB,26,15,15,24.667,36.8,263.467,238.6,6.5,120,4.9,3.3,143.467,5.8,0.4,1.6,0.133,1.8,0.051,5.6,0.16,27.533,0.785,1.533,2.5,12.333,2.8,7.933,0.199,1.467,4.5,0.133,0.733,0,0,0.133,0.733,11.467,92.267,2020,JaredGoff2020,LAR2020
RyanTannehill,TEN,QB,32,16,16,19.688,30.062,238.688,251.812,8.4,143.438,7.3,4.8,95.25,4.8,0.5,1.188,0,1.25,0.043,3.938,0.136,22.312,0.773,1.5,2.5,10.062,2.25,7.562,0.23,1.25,7.4,1.062,9.562,0.562,3.375,0.5,6.188,9.875,96.312,2020,RyanTannehill2020,TEN2020
BenRoethlisberger,PIT,QB,38,15,15,26.6,40.533,253.533,281.333,6.9,123.333,4.6,3,130.2,4.9,0.867,0.133,0,2.6,0.064,6.067,0.15,30.867,0.764,0.867,2.1,11.667,2.8,7.067,0.17,0.2,7,1.733,5.667,1.667,5.667,0.067,0,3.2,15.6,2020,BenRoethlisberger2020,PIT2020
TeddyBridgewater,CAR,QB,28,15,15,22.667,32.8,248.867,234.067,7.1,123.533,5.5,3.8,125.333,5.5,0.333,1.267,0.133,1.333,0.042,4.067,0.13,25.267,0.805,2.067,2.3,10.267,2.8,7.4,0.198,2.467,7.4,1.467,7.6,1.333,7.133,0.133,0.467,6,42.467,2020,TeddyBridgewater2020,CAR2020
BakerMayfield,CLE,QB,25,16,16,19.062,30.375,222.688,257.75,8.5,137.688,7.2,4.5,85,4.5,0.5,1.75,0.312,1.312,0.046,5.312,0.188,21.188,0.748,1.625,2.7,11.188,3.062,6.312,0.188,1.562,6.1,0.438,3.938,0.312,3.75,0.125,0.188,7.562,71.312,2020,BakerMayfield2020,CLE2020
DanielJones,NYG,QB,23,14,14,20,32,210.214,242.5,7.6,130.5,6.5,4.1,79.714,4,0.571,1,0.143,1.643,0.053,5.429,0.176,23.214,0.752,3.214,2.5,14.286,4,11.143,0.303,1.571,7.9,3.286,26.214,2,14.857,1.214,11.357,7.214,51.214,2020,DanielJones2020,NYG2020
DrewBrees,NOR,QB,41,12,12,22.917,32.5,245.167,196.75,6.1,122,5.3,3.8,123.167,5.4,0.25,0.583,0.167,1.75,0.055,4.25,0.134,25.667,0.808,1.083,2.4,7.667,1.083,4.917,0.146,0.167,1.5,0.417,2.833,0.417,2.833,0,0,4.583,35.833,2020,DrewBrees2020,NOR2020
DrewLock,DEN,QB,24,13,13,19.538,34.077,225.615,298.692,8.8,117.692,6,3.5,107.923,5.5,0.385,1,0.154,1.923,0.058,7.538,0.229,22.692,0.689,1.462,2.6,11.385,4.077,9.077,0.244,1.692,6,1.923,11.308,1.615,9,0.308,2.308,7.077,59.538,2020,DrewLock2020,DEN2020
LamarJackson,BAL,QB,23,15,15,16.133,25.067,183.8,216.067,8.6,105.867,6.6,4.2,77.933,4.8,0.4,0.6,0.2,1.333,0.055,4.267,0.176,18.267,0.753,1.933,2.5,6.933,3.267,6.8,0.225,3.267,7.2,10.467,86.733,5,49.467,5.067,37.267,5.8,51.133,2020,LamarJackson2020,BAL2020
JoeBurrow,CIN,QB,24,10,10,26.4,40.4,268.8,343.8,8.5,155,5.9,3.8,113.8,4.3,0.4,0.8,0.3,1.9,0.048,5.8,0.148,29.6,0.753,3.2,2.3,13.8,3,10.9,0.241,1.6,5.2,3.8,18.5,3.4,17,0.2,1.5,7.8,50.3,2020,JoeBurrow2020,CIN2020
CamNewton,NWE,QB,31,15,15,16.133,24.533,177.133,166.4,6.8,92.867,5.8,3.8,84.267,5.2,0.6,0.733,0.133,1,0.042,4.667,0.197,17.667,0.746,2.067,2.6,11.867,3.2,7.267,0.26,1.333,9.3,2.4,9.667,0.867,4.067,1.533,5.6,6.6,57.533,2020,CamNewton2020,NWE2020
CarsonWentz,PHI,QB,28,12,12,20.917,36.417,218.333,319.667,8.8,133.75,6.4,3.7,84.583,4,0.5,1.75,0.083,1.917,0.055,7.5,0.217,24.333,0.704,4.167,2.6,13.917,2.917,12.417,0.293,1.833,8.4,5.333,21.083,4.25,17.5,0.667,3.583,8.583,48.583,2020,CarsonWentz2020,PHI2020
NickMullens,SFO,QB,25,10,8,21.1,32.6,243.7,205.3,6.3,119.8,5.7,3.7,123.9,5.9,0.7,0.6,0,1.7,0.053,4.8,0.15,24.1,0.753,1.9,2.4,11.6,3.3,10.8,0.311,0.2,5,1.3,7.4,1.2,7.4,0,0,8.6,86.3,2020,NickMullens2020,SFO2020
GardnerMinshewII,JAX,QB,24,9,8,24,36.333,251,284.222,7.8,138.111,5.8,3.8,112.889,4.7,0.444,1.667,0.111,1.111,0.032,6.444,0.186,26.444,0.765,3,2.4,10,4.222,9.444,0.225,2.667,6.6,2,14.556,1.556,14.111,0.333,0.444,5.222,40.333,2020,GardnerMinshewII2020,JAX2020
SamDarnold,NYJ,QB,23,12,12,18.083,30.333,184,232.833,7.7,87.75,4.9,2.9,96.25,5.3,0.583,1.75,0.25,1.167,0.041,5.167,0.182,20.333,0.718,2.917,2.4,11.917,3.583,9.667,0.273,2.167,8,0.667,4,0.417,3.083,0.25,0.917,5.25,45.167,2020,SamDarnold2020,NYJ2020
AndyDalton,DAL,QB,33,11,9,19.636,30.273,197.273,207.091,6.8,102.455,5.2,3.4,94.818,4.8,0.455,1.273,0,1.909,0.066,4.364,0.15,22.727,0.784,2.182,2.3,10.818,1.364,5.818,0.172,1.364,5.7,1.909,16.091,1.545,14,0.273,2.091,5.545,37.636,2020,AndyDalton2020,DAL2020
RyanFitzpatrick,MIA,QB,38,9,7,20.333,29.667,232.333,230.222,7.8,137.333,6.8,4.6,95,4.7,0.556,0.222,0.111,1.111,0.038,4.111,0.14,23.444,0.799,1.556,2.2,11,2.444,7.444,0.226,1.667,8,1.778,12.111,1.556,12.111,0.111,0,4.556,37.889,2020,RyanFitzpatrick2020,MIA2020
MitchellTrubisky,CHI,QB,26,10,9,19.9,29.7,205.5,232.9,7.8,105.2,5.3,3.5,100.3,5,0.1,0.4,0,0.9,0.031,5.3,0.181,22.2,0.758,1.8,2.3,8,2.5,6.4,0.193,1.7,9.8,3.1,21.3,2.5,20,0.6,1.3,9.6,79.8,2020,MitchellTrubisky2020,CHI2020
DakPrescott,DAL,QB,27,5,5,30.2,44.4,371.2,352.4,7.9,209.2,6.9,4.7,162,5.4,0.2,0.6,0.2,2.6,0.06,6.6,0.151,33.6,0.771,2,2.5,13.2,4.6,10.4,0.217,1.6,8,6.8,52.6,6.4,52.2,0.2,0.4,11.6,116.4,2020,DakPrescott2020,DAL2020
NickFoles,CHI,QB,31,9,7,22.444,34.667,205.778,278,8,127.889,5.7,3.7,77.889,3.5,0.556,1.222,0.111,1,0.03,5.333,0.16,25.444,0.763,2,2.2,11,1.667,8.222,0.222,0.333,3.7,3.556,26.444,3.333,26.444,0,0,6.556,52,2020,NickFoles2020,CHI2020
TuaTagovailoa,MIA,QB,22,10,9,18.6,29,181.4,217.5,7.5,104.8,5.6,3.6,76.6,4.1,0.2,0.5,0.3,1.2,0.043,5.3,0.188,20.9,0.741,2,2.3,11.5,1.4,4.8,0.147,1.6,5.8,3.2,20.8,2.8,19.5,0.4,1.3,7.8,46.6,2020,TuaTagovailoa2020,MIA2020
AlexSmith,WAS,QB,36,8,6,21,31.5,197.75,160.75,5.1,78.625,3.7,2.5,119.125,5.7,0.5,1.5,0,1,0.033,5.25,0.175,22.875,0.763,2.75,2.3,7.875,4.625,10.75,0.31,0.375,3,2.75,15.25,2.75,15.25,0,0,6,45.625,2020,AlexSmith2020,WAS2020
DwayneHaskins,WAS,QB,23,7,6,21.143,34.429,205.571,231.714,6.7,81.714,3.9,2.4,123.857,5.9,0.714,0.571,0,1.714,0.051,7.571,0.224,23.571,0.696,2.857,2.3,9.429,2.429,8.714,0.228,1,8.3,5.714,33,5,32,0.429,1,5.143,22.857,2020,DwayneHaskins2020,WAS2020
JimmyGaroppolo,SFO,QB,29,6,6,15.667,23.333,182.667,146.5,6.3,63.667,4.1,2.7,119,7.6,0.167,0,0,1.5,0.064,4,0.171,18.167,0.779,1.833,2.3,8.333,1.333,5.5,0.213,0.667,5.3,1.667,9.5,1.333,9.5,0,0,6.667,64.167,2020,JimmyGaroppolo2020,SFO2020
MikeGlennon,JAX,QB,31,5,5,22.2,35.8,214.4,284.8,8,133.4,6,3.7,81,3.6,0.6,1,0.6,1.4,0.041,5,0.146,24.6,0.719,1.8,2.3,6.4,2,6.2,0.161,0.8,3.3,0.6,1.2,0.4,1.2,0,0,5.2,53.4,2020,MikeGlennon2020,JAX2020
JalenHurts,PHI,QB,22,15,4,5.133,9.867,70.733,90,9.1,39.533,7.7,4,31.2,6.1,0.333,0.8,0.067,0.267,0.03,2.4,0.267,5.467,0.607,0.867,2.3,3.667,1.067,2.733,0.222,1.6,6.9,2.667,22.533,1,13.2,1.467,9.333,1.267,15.733,2020,JalenHurts2020,PHI2020
TaysomHill,NOR,QB,30,16,8,5.5,7.562,58,52.688,7,34.75,6.3,4.6,23.25,4.2,0.062,0.188,0,0.375,0.051,1,0.136,5.875,0.797,0.875,2.7,2.562,0.625,2.312,0.243,1.062,9.4,0.688,4.688,0.25,2.75,0.438,1.938,1.625,15.812,2020,TaysomHill2020,NOR2020
BrandonAllen,CIN,QB,28,5,5,18,28.4,185,188,6.6,73.6,4.1,2.6,111.4,6.2,0.2,0.6,0,1.6,0.058,4.6,0.165,21.8,0.784,1.4,2.3,7.4,0.8,5.4,0.175,1,2.8,4,36.6,3.6,36,0.2,0.6,7,47.2,2020,BrandonAllen2020,CIN2020
JoeFlacco,NYJ,QB,35,5,4,14.8,26.8,172.8,284.4,10.6,103.8,7,3.9,69,4.7,0.2,2,0,1,0.04,5.8,0.234,17.6,0.71,1.4,2.3,11.2,3.2,8.6,0.295,1,4.4,0.8,1.8,0.8,1.8,0,0,5.6,42.6,2020,JoeFlacco2020,NYJ2020
CJBeathard,SFO,QB,27,6,2,11,17.333,131.167,139.667,8.1,73.833,6.7,4.3,57.333,5.2,0.167,0.833,0.167,1.333,0.082,2.833,0.173,12.667,0.776,1.5,2.6,4.5,0.667,4.333,0.228,0.167,7,1,5.667,0.667,2.5,0.333,3.167,2.667,16,2020,CJBeathard2020,SFO2020
JakeLuton,JAX,QB,24,3,3,20,36.667,208,288.333,7.9,112.667,5.6,3.1,95.333,4.8,1,2,0,1.667,0.048,10,0.288,22.667,0.654,2.333,2.3,14.667,3.333,8.333,0.212,0.333,13,1.333,8.333,1.333,8.333,0,0,6,36,2020,JakeLuton2020,JAX2020
KyleAllen,WAS,QB,24,4,4,15,21.75,152.5,130.75,6,71.5,4.8,3.3,81,5.4,0.25,2,0,0.5,0.025,2,0.101,16,0.81,1.75,2.5,7.75,2.25,6.25,0.255,1,7,2.75,19.25,2,18.75,0.25,0.5,7.25,58.5,2020,KyleAllen2020,WAS2020
JeffDriskel,DEN,QB,27,3,1,11.667,21.333,144,212.667,10,100.333,8.6,4.7,43.667,3.7,0.667,0.333,0,1.667,0.079,5,0.238,14.333,0.683,3.667,2.5,15.667,2.667,11,0.423,1,5,1,12.667,1,12.667,0,0,2,18.333,2020,JeffDriskel2020,DEN2020
ColtMcCoy,NYG,QB,34,4,2,10,16.5,93.75,147.5,8.9,62,6.2,3.8,31.75,3.2,0,0,0,1.25,0.076,3.5,0.212,12.5,0.758,1.25,2.4,5.25,1.5,4.75,0.253,1,3.3,0.75,0.75,0.75,0.75,0,0,3.5,21.25,2020,ColtMcCoy2020,NYG2020
PJWalker,CAR,QB,25,4,1,8,14,92,145.75,10.4,56.75,7.1,4.1,35.25,4.4,0.5,0,0,1.5,0.107,3.25,0.232,9.25,0.661,1,2.3,5.75,1,3,0.2,0,0,0.75,5,0.5,5,0,0,2,5.25,2020,PJWalker2020,CAR2020
MasonRudolph,PIT,QB,25,5,1,5,8.6,64.8,86.4,10,44.4,8.9,5.2,20.4,4.1,0,0.2,0,0.8,0.095,1.8,0.214,6.4,0.762,0.2,2.2,2.4,2.4,3.2,0.356,0.2,1,0.2,1.4,0.2,1.4,0,0,0.4,0,2020,MasonRudolph2020,PIT2020
BrettRypien,DEN,QB,24,3,1,9,13.333,98.333,115.333,8.7,71,7.9,5.3,27.333,3,0.333,1.333,0,0.333,0.028,0.667,0.056,9.333,0.778,0.333,2.4,5.667,1.333,3.667,0.268,0,0,0.333,0,0.333,0,0,0,1.667,18,2020,BrettRypien2020,DEN2020
ChaseDaniel,DET,QB,34,4,0,7.25,10.75,66,68.75,6.4,36.25,5,3.4,29.75,4.1,0.25,0.25,0.25,0.75,0.073,1.25,0.122,8.25,0.805,0.75,2.3,3.5,0.75,2.5,0.208,0.5,8,0.25,5.25,0.25,5.25,0,0,1.25,19.5,2020,ChaseDaniel2020,DET2020
JarrettStidham,NWE,QB,24,5,0,4.4,8.8,51.2,53.6,6.1,15.2,3.5,1.7,36,8.2,0.2,1.2,0,0.6,0.079,1.8,0.237,5.2,0.684,0.8,2.7,3.6,1,3.4,0.34,0.4,3.5,0.6,4.8,0.4,4.6,0.2,0.2,2,11.2,2020,JarrettStidham2020,NWE2020
ChadHenne,KAN,QB,35,3,1,9.333,12.667,82.667,52.667,4.2,16,1.7,1.3,66.667,7.1,0,0.333,0,0.333,0.027,2,0.162,10.333,0.838,0.667,1.9,2.667,0.667,2.667,0.2,0,0,1,-0.333,0.333,-0.667,0.333,0.333,3,10,2020,ChadHenne2020,KAN2020
GarrettGilbert,DAL,QB,29,1,1,21,38,243,348,9.2,191,9.1,5,52,2.5,3,0,1,0,0,11,0.297,21,0.568,2,2.3,17,10,18,0.429,2,13,1,0,1,0,0,0,2,16,2020,GarrettGilbert2020,DAL2020
JohnWolford,LAR,QB,25,1,1,22,38,231,358,9.4,138,6.3,3.6,93,4.2,1,1,0,1,0.027,10,0.27,25,0.676,2,2.1,18,3,9,0.214,2,12,8,67,5,35,3,32,7,35,2020,JohnWolford2020,LAR2020
MarcusMariota,LVR,QB,27,1,0,17,28,226,273,9.8,150,8.8,5.4,76,4.5,0,1,1,1,0.038,6,0.231,19,0.731,0,2.4,4,3,5,0.156,4,4.5,3,56,0,0,3,56,5,34,2020,MarcusMariota2020,LVR2020
BenDiNucci,DAL,QB,24,3,1,7.667,14.333,73,116.333,8.1,28.333,3.7,2,44.667,5.8,0,0.333,0.333,0.667,0.049,4.333,0.317,8.667,0.634,2.333,2.5,4.667,2.667,6,0.353,0.333,9,1.333,0.667,0.667,0,0.667,0.667,2,4.667,2020,BenDiNucci2020,DAL2020
TyrodTaylor,LAC,QB,31,2,1,8,15,104,167.5,11.2,64,8,4.3,40,5,0,1,0,0.5,0.036,3,0.214,10,0.714,1,2.5,4.5,2.5,4.5,0.265,1,3.5,2.5,12,1.5,11.5,1,0.5,3.5,23,2020,TyrodTaylor2020,LAC2020
MattBarkley,BUF,QB,30,5,0,2.2,4.2,39.4,50.2,12,28.4,12.9,6.8,11,5,0.2,0,0,0.4,0.095,1,0.238,2.6,0.619,0.2,2.6,2,0.2,0.6,0.136,0,0,0.4,2,0.4,2,0,0,1.4,13.2,2020,MattBarkley2020,BUF2020
RyanFinley,CIN,QB,26,5,1,3.4,6.4,32.8,67,10.5,18.6,5.5,2.9,14.2,4.2,0,0,0,0.2,0.031,1.4,0.219,4.8,0.75,1.8,2.3,3.6,0.6,4,0.465,0.4,11.5,1,7.2,0,0,1,7.2,0.2,0,2020,RyanFinley2020,CIN2020
BlaineGabbert,TAM,QB,31,4,0,2.25,4,35.75,27,6.8,15.75,7,3.9,20,8.9,0,0,0,0.25,0.063,1.25,0.313,2.75,0.688,0.25,1.6,2,0.25,0.5,0.105,0.5,9,0,0,0,0,0,0,0.5,7.5,2020,BlaineGabbert2020,TAM2020
TaylorHeinicke,WAS,QB,27,1,0,12,19,137,255,13.4,88,7.3,4.6,49,4.1,0,0,0,1,0.053,4,0.211,13,0.684,1,3,3,1,3,0.13,3,7.3,0,0,0,0,0,0,0,0,2020,TaylorHeinicke2020,WAS2020
BrianHoyer,NWE,QB,35,1,1,15,24,130,196,8.2,74,4.9,3.1,56,3.7,0,1,0,1,0.043,4,0.174,19,0.826,2,2.2,11,0,3,0.111,1,8,3,59,3,59,0,0,9,83,2020,BrianHoyer2020,NWE2020
ChrisStreveler,ARI,QB,25,5,0,2.2,3.2,21,21.2,6.6,1.4,0.6,0.4,19.6,8.9,0,0,0,0,0,0.4,0.125,2.8,0.875,0.4,1.8,0.8,0,0.6,0.167,0,0,0.6,4.8,0.6,4.8,0,0,1,7.4,2020,ChrisStreveler2020,ARI2020
TraceMcSorley,BAL,QB,25,2,0,1.5,5,45,44.5,8.9,18.5,12.3,3.7,26.5,17.7,0.5,0.5,0,0.5,0.111,1.5,0.333,2,0.444,0,2.3,1,1,1,0.182,0.5,9,2.5,1,1,0,1.5,1,1,0,2020,TraceMcSorley2020,BAL2020
JameisWinston,NOR,QB,26,4,0,1.75,2.75,18.75,12.75,4.6,3.5,2,1.3,15.25,8.7,0,0,0,0,0,0.75,0.273,1.75,0.636,0.5,2.2,1.25,0.25,1,0.286,0.25,3,0,0,0,0,0,0,0.75,7.75,2020,JameisWinston2020,NOR2020
JarvisLandry,CLE,WR,28,15,14,0.267,0.267,4.933,3.867,14.5,3.867,14.5,14.5,1.067,4,0,0,0,0,0,0,0,0.267,1,0,3.3,0.133,0,0.2,0.75,0,0,0,0,0,0,0,0,0.067,0.4,2020,JarvisLandry2020,CLE2020
DavidBlough,DET,QB,25,1,0,6,10,49,82,8.2,22,3.7,2.2,27,4.5,1,0,0,0,0,2,0.2,6,0.6,1,2.9,1,0,7,0.583,1,18,0,0,0,0,0,0,1,20,2020,DavidBlough2020,DET2020
CaseKeenum,CLE,QB,32,2,0,2.5,5,23,13.5,2.7,9,3.6,1.8,14,5.6,0,0,0,0,0,1.5,0.3,2.5,0.5,0,2.2,1,0,1,0.2,0,0,0,0,0,0,0,0,0.5,6.5,2020,CaseKeenum2020,CLE2020
JamisonCrowder,NYJ,WR,27,12,7,0.083,0.083,3.583,2.25,27,2.25,27,27,1.333,16,0,0,0,0,0,0,0,0.083,1,0,1.8,0.083,0,0,0,0,0,0,0,0,0,0,0,0.083,3.583,2020,JamisonCrowder2020,NYJ2020
JakobiMeyers,NWE,WR,24,14,9,0.143,0.143,3.071,2.643,18.5,2.643,18.5,18.5,0.429,3,0,0,0,0,0,0,0,0.143,1,0,2.4,0.071,0,0.071,0.5,0,0,0,0,0,0,0,0,0,0,2020,JakobiMeyers2020,NWE2020
RobertGriffinIII,BAL,QB,30,4,1,2,3.5,10.5,30.75,8.8,2,1,0.6,8.5,4.3,0,0,0,0,0,1,0.286,2,0.571,0.75,2.1,1.75,0,1.5,0.353,0,0,1,12,0,0,1,12,1,2,2020,RobertGriffinIII2020,BAL2020
RussellGage,ATL,WR,24,16,8,0.062,0.125,2.438,4.688,37.5,2.312,37,18.5,0.125,2,0,0,0,0.062,0.5,0,0,0.125,1,0,2.6,0.125,0,0.062,0.5,0,0,0,0,0,0,0,0,0,0,2020,RussellGage2020,ATL2020
JulianEdelman,NWE,WR,34,6,1,0.333,0.333,6.333,-0.333,-1,-0.333,-1,-1,6.667,20,0,0,0,0,0,0,0,0.333,1,0,1.5,0.167,0,0,0,0,0,0,0,0,0,0,0,0.167,3.667,2020,JulianEdelman2020,NWE2020
GenoSmith,SEA,QB,30,1,0,4,5,33,25,5,19,4.8,3.8,14,3.5,0,0,0,0,0,1,0.2,4,0.8,1,2.1,4,0,2,0.333,0,0,3,12,1,14,2,-2,1,14,2020,GenoSmith2020,SEA2020
LynnBowdenJr,MIA,RB,23,10,4,0.1,0.2,3.2,1.7,8.5,-0.2,-2,-1,3.4,34,0,0,0,0,0,0.1,0.5,0.1,0.5,0,5.1,0.2,0,0.1,0.25,0.2,5.5,0.1,0.8,0,0,0.1,0.8,0.1,3.2,2020,LynnBowdenJr2020,MIA2020
NateSudfeld,PHI,QB,27,1,0,5,12,32,118,9.8,14,2.8,1.2,18,3.6,0,2,0,1,0.1,3,0.3,6,0.6,2,2.3,7,2,7,0.467,1,12,1,0,1,0,0,0,2,0,2020,NateSudfeld2020,PHI2020
ZayJones,LVR,WR,25,16,2,0.062,0.062,1.812,1.625,26,1.625,26,26,0.188,3,0,0,0,0,0,0,0,0.062,1,0,3.1,0,0,0,0,0,0,0,0,0,0,0,0,0,0,2020,ZayJones2020,LVR2020
LoganThomas,WAS,TE,29,16,15,0.062,0.062,1.75,1.75,28,1.75,28,28,0,0,0,0,0,0,0,0,0,0.062,1,0,4.5,0,0,0,0,0,0,0,0,0,0,0,0,0.062,1.75,2020,LoganThomas2020,WAS2020
NathanPeterman,LVR,QB,26,1,0,3,5,25,9,1.8,4,1.3,0.8,21,7,0,0,0,0,0,1,0.2,3,0.6,2,2.6,1,0,2,0.25,1,9,0,0,0,0,0,0,1,4,2020,NathanPeterman2020,LVR2020
CedrickWilsonJr,DAL,WR,25,16,0,0.125,0.125,1.438,0.125,1,0.125,1,1,1.312,10.5,0,0,0,0,0,0,0,0.125,1,0,3.7,0.062,0,0,0,0,0,0.062,0.75,0.062,0.75,0,0,0,0,2020,CedrickWilsonJr2020,DAL2020
ColeBeasley,BUF,WR,31,15,10,0.067,0.067,1.333,1.333,20,1.333,20,20,0,0,0,0,0,0,0,0,0,0.067,1,0,3,0,0,0,0,0,0,0.067,1.333,0.067,1.333,0,0,0,0,2020,ColeBeasley2020,BUF2020
AJMcCarron,HOU,QB,30,2,0,0.5,0.5,10,9,18,9,18,18,1,2,0,0,0,0,0,0,0,0,0,0.5,0,0.5,0,0.5,0.5,0,0,0,0,0,0,0,0,0,0,2020,AJMcCarron2020,HOU2020
OdellBeckhamJr,CLE,WR,28,7,7,0.143,0.143,2.571,2.429,17,2.429,17,17,0.143,1,0,0,0,0,0,0,0,0.143,1,0,1.7,0.143,0,0,0,0,0,0,0,0,0,0,0,0,0,2020,OdellBeckhamJr2020,CLE2020
TylerBray,CHI,QB,29,1,0,1,5,18,43,8.6,5,5,1,13,13,0,0,1,0,0,3,0.75,1,0.25,0,2.1,0,0,1,0.2,0,0,0,0,0,0,0,0,0,0,2020,TylerBray2020,CHI2020
GoldenTate,NYG,WR,32,12,4,0.083,0.167,1.5,-0.75,-4.5,-0.417,-5,-2.5,1.917,23,0,0.083,0,0,0,0,0,0.083,1,0,4.8,0.083,0,0.083,0.5,0,0,0,0,0,0,0,0,0,0,2020,GoldenTate2020,NYG2020
JacobyBrissett,IND,QB,28,11,0,0.182,0.727,1.545,5.909,8.1,-0.091,-0.5,-0.1,1.636,9,0,0.091,0,0.091,0.143,0.273,0.429,0.364,0.571,0.182,2.8,0.273,0.273,0.455,0.455,0.091,2,0.364,0.727,0,0,0.273,0.727,0.182,0.364,2020,JacobyBrissett2020,IND2020
TylerBoyd,CIN,WR,26,15,8,0.067,0.133,1.067,0.133,1,-0.4,-6,-3,1.467,22,0,0,0,0,0,0.067,0.5,0.067,0.5,0,2.7,0.067,0,0,0,0,0,0.067,0,0.067,0,0,0,0.067,0,2020,TylerBoyd2020,CIN2020
TylerHuntley,BAL,QB,22,2,0,1.5,2.5,7.5,31,12.4,2.5,1.7,1,5,3.3,0,0,0,0,0,1,0.4,1.5,0.6,0,2.1,1,0,0.5,0.2,0,0,3,11.5,0.5,-0.5,2.5,12,0.5,-0.5,2020,TylerHuntley2020,BAL2020
GregWard,PHI,WR,25,16,10,0.062,0.062,0.938,0.938,15,0.938,15,15,0,0,0,0,0,0,0,0,0,0.062,1,0,5.2,0.062,0,0.062,0.5,0.062,2,0,0,0,0,0,0,0,0,2020,GregWard2020,PHI2020
KendallHinton,DEN,WR,23,1,0,1,9,13,134,14.9,-3,-3,-0.3,16,16,0,1,0,0,0,4,0.5,1,0.125,1,2.9,5,1,6,0.545,1,5,4,5,3,0,1,5,4,0,2020,KendallHinton2020,DEN2020
IsaiahMcKenzie,BUF,WR,25,16,7,0.062,0.062,0.75,-0.312,-5,-0.312,-5,-5,1.062,17,0,0,0,0,0,0,0,0.062,1,0,2.9,0,0,0,0,0,0,0,0,0,0,0,0,0,0,2020,IsaiahMcKenzie2020,BUF2020
LoganWoodside,TEN,QB,25,6,0,0.167,0.5,1.167,2.833,5.7,1.167,7,2.3,0,0,0,0,0,0,0,0.167,0.333,0,0,0,1.4,0,0.167,0.167,0.333,0,0,0,0,0,0,0,0,0,0,2020,LoganWoodside2020,TEN2020
TravisKelce,KAN,TE,31,15,15,0.067,0.133,0.267,-0.133,-1,-0.2,-3,-1.5,0.467,7,0,0,0,0,0,0,0,0.133,1,0,3.2,0,0,0,0,0,0,0.067,0,0.067,0,0,0,0,0,2020,TravisKelce2020,KAN2020
EastonStick,LAC,QB,25,1,0,1,1,4,0,0,0,0,0,4,4,0,0,0,0,0,0,0,1,1,0,2.3,1,0,0,0,0,0,0,0,0,0,0,0,1,4,2020,EastonStick2020,LAC2020
JoshuaDobbs,PIT,QB,25,1,0,4,5,2,0,0,-11,-2.8,-2.2,13,3.3,0,1,0,0,0,0,0,4,1,0,1.5,0,0,1,0.2,0,0,0,0,0,0,0,0,0,0,2020,JoshuaDobbs2020,PIT2020
JamalAgnew,DET,WR,25,14,2,0,0.071,0,1.071,15,0,0,0,0,0,0,0,0,0,0,0,0,0.071,1,0,4.5,0,0,0,0,0,0,0,0,0,0,0,0,0,0,2020,JamalAgnew2020,DET2020
KeenanAllen,LAC,WR,28,14,13,0,0.071,0,1.071,15,0,0,0,0,0,0,0,0,0,0,0.071,1,0,0,0,3.2,0,0,0,0,0,0,0,0,0,0,0,0,0,0,2020,KeenanAllen2020,LAC2020
RandallCobb,HOU,WR,30,10,2,0,0.1,0,0.7,7,0,0,0,0,0,0,0,0,0,0,0.1,1,0,0,0,3.1,0.1,0,0,0,0,0,0.1,0,0.1,0,0,0,0.1,0,2020,RandallCobb2020,HOU2020
AlexErickson,CIN,WR,28,16,2,0,0.062,0,1.312,21,0,0,0,0,0,0,0,0,0,0,0.062,1,0,0,0,4.6,0.062,0,0.062,1,0,0,0,0,0,0,0,0,0,0,2020,AlexErickson2020,CIN2020
DJMoore,CAR,WR,23,15,14,0,0.067,0,0.4,6,0,0,0,0,0,0,0,0,0,0,0.067,1,0,0,0,4.1,0.067,0,0,0,0,0,0.067,0,0.067,0,0,0,0.067,0,2020,DJMoore2020,CAR2020
ZachPascal,IND,WR,26,16,14,0,0.062,0,0.812,13,0,0,0,0,0,0,0,0,0,0,0.062,1,0,0,0,3.1,0,0,0,0,0,0,0,0,0,0,0,0,0,0,2020,ZachPascal2020,IND2020
SammyWatkins,KAN,WR,27,10,9,0,0.1,0,2.4,24,0,0,0,0,0,0,0,0,0,0,0,0,0,0,0,4.6,0.1,0,0,0,0,0,0,0,0,0,0,0,0,0,2020,SammyWatkins2020,KAN2020
IsaiahWright,WAS,WR,23,14,6,0,0.071,0,-0.214,-3,0,0,0,0,0,0,0.071,0,0,0,0,0,0,0,0,6.4,0,0,0.071,1,0,0,0.071,0.429,0,0,0.071,0.429,0,0,2020,IsaiahWright2020,WAS2020
TomBrady,TAM,QB,44,17,17,28.529,42.294,312.706,340.647,8.1,162.471,5.7,3.8,150.235,5.3,0.471,0.765,0.118,1.882,0.045,7.471,0.18,31.235,0.754,1.294,2.3,10.353,1.765,4.882,0.111,0.588,7.6,0.471,4.235,0.471,4.235,0,0,6.647,53.647,2021,TomBrady2021,TAM2021
JustinHerbert,LAC,QB,23,17,17,26.059,39.529,294.941,298.588,7.6,154.529,5.9,3.9,140.412,5.4,1,0.824,0.059,2.235,0.058,5.647,0.146,31,0.802,1.824,2.4,9.118,3,8.412,0.194,2.118,7.8,3.176,30.353,2.706,28.471,0.353,1.882,9.765,89.118,2021,JustinHerbert2021,LAC2021
MatthewStafford,LAR,QB,33,17,17,23.765,35.353,287.412,299.529,8.5,162.353,6.8,4.6,125.059,5.3,0.529,0.176,0,1.824,0.052,6.529,0.186,26.941,0.766,1.765,2.4,8.059,1.882,6.118,0.163,0.471,6.1,1.471,13.706,1.471,13.706,0,0,7.176,73.353,2021,MatthewStafford2021,LAR2021
PatrickMahomes,KAN,QB,26,17,17,25.647,38.706,284.647,284.059,7.3,125.882,4.9,3.3,158.765,6.2,0.412,1.882,0,1.824,0.05,6.941,0.188,28.529,0.775,1.647,2.3,6.588,4.471,9.529,0.221,2.706,8.7,5.647,38.353,5.294,37.529,0.294,0.824,8.647,64.647,2021,PatrickMahomes2021,KAN2021
DerekCarr,LVR,QB,30,17,17,25.176,36.824,282.588,299.235,8.1,148.529,5.9,4,134.059,5.3,0.588,1.235,0.176,1.529,0.043,5.529,0.156,27.412,0.774,2.353,2.5,9.824,3.412,8.588,0.214,1,6.3,1.824,13.412,1.706,13.412,0.059,0,5.471,53.471,2021,DerekCarr2021,LVR2021
JoeBurrow,CIN,QB,25,16,16,22.875,32.5,288.188,262,8.1,145.75,6.4,4.5,142.438,6.2,0.5,0.75,0.125,1.438,0.045,3.375,0.107,26.188,0.828,3.188,2.3,7.812,2.875,9.062,0.245,1.312,5.4,1.438,10.5,1.25,10.438,0.062,0.062,4.688,50.438,2021,JoeBurrow2021,CIN2021
DakPrescott,DAL,QB,28,16,16,25.625,37.25,278.062,287,7.7,151.562,5.9,4.1,126.5,4.9,0.625,0.688,0,1.75,0.048,5.375,0.147,28.25,0.773,1.875,2.4,11.688,2.875,7.75,0.192,1.25,6.4,2.688,13.125,2.375,12.375,0.25,0.75,7.375,59.562,2021,DakPrescott2021,DAL2021
JoshAllen,BUF,QB,25,17,17,24.059,38,259.235,312,8.2,156.706,6.5,4.1,102.529,4.3,0.941,1.882,0,2.059,0.057,6.294,0.174,27,0.748,1.529,2.4,10.706,5.588,10.882,0.257,2.824,9.6,7.294,53.882,5.471,44.824,1.824,9.059,10.471,96.647,2021,JoshAllen2021,BUF2021
KirkCousins,MIN,QB,33,16,16,23.25,35.062,263.812,286,8.2,150.938,6.5,4.3,112.875,4.9,0.25,0.812,0.312,1.375,0.041,5.812,0.171,26.125,0.77,1.75,2.4,10.5,4.25,10.062,0.266,1,7.8,0.5,1.438,0.438,1.312,0.062,0.125,7.062,69.188,2021,KirkCousins2021,MIN2021
AaronRodgers,GNB,QB,38,16,16,22.875,33.188,257.188,256.188,7.7,121.688,5.3,3.7,135.5,5.9,0.5,1.125,0.188,0.812,0.025,5.812,0.182,24.625,0.773,1.875,2.2,8.438,3.688,8.062,0.223,1.062,6.5,1.875,12.5,1.875,12.5,0,0,6.688,49.875,2021,AaronRodgers2021,GNB2021
MattRyan,ATL,QB,36,17,17,22.059,32.941,233.412,234.471,7.1,132,6,4,101.412,4.6,0.529,0.882,0.059,1.235,0.039,4.647,0.145,25,0.781,2.353,2.4,9.765,2.824,10.118,0.279,0.941,4.9,1.647,12.882,1.294,12.588,0.059,0.294,7.706,64.647,2021,MattRyan2021,ATL2021
JimmyGaroppolo,SFO,QB,30,15,15,20.067,29.4,254,220.267,7.5,122.933,6.1,4.2,131.067,6.5,0.333,0.733,0.2,1.533,0.054,3.667,0.129,23.2,0.815,1.933,2.3,6.667,1.6,5.933,0.187,0.4,3.7,2.533,22.6,2.467,22.267,0.067,0.333,6.667,67.8,2021,JimmyGaroppolo2021,SFO2021
MacJones,NWE,QB,23,17,17,20.706,30.647,223.588,244.765,8,119.235,5.8,3.9,104.353,5,0.529,0.706,0.059,0.941,0.031,5.294,0.177,22.706,0.76,1.647,2.4,10.647,1.706,6.118,0.184,0.882,7.1,1.941,19.059,1.882,19.059,0,0,6.118,52.235,2021,MacJones2021,NWE2021
KylerMurray,ARI,QB,24,14,14,23.786,34.357,270.5,274.786,8,141.857,6,4.1,128.643,5.4,0.714,1.357,0,1.143,0.035,4.643,0.141,26.214,0.794,2.214,2.3,7.714,4.857,8,0.207,2.143,7.6,7.929,55.714,5.643,50.143,2,5.571,7.786,66.929,2021,KylerMurray2021,ARI2021
BenRoethlisberger,PIT,QB,39,16,16,24.375,37.812,233.75,253.25,6.7,113,4.6,3,120.75,5,0.812,0.375,0.125,1.875,0.05,6.875,0.184,28.188,0.755,2.375,2.1,9.062,2.75,7.5,0.186,0.188,6,1.438,3.25,1.312,3.188,0.062,0.062,5.625,36.688,2021,BenRoethlisberger2021,PIT2021
RyanTannehill,TEN,QB,33,17,17,21,31.235,219.647,232.882,7.5,115.176,5.5,3.7,104.471,5,0.588,0.529,0.059,1.353,0.044,4.882,0.159,24.176,0.789,2.765,2.3,9.765,1.824,8.353,0.238,1.118,10.5,2,18.294,1.294,13.176,0.706,5.118,7.765,65.529,2021,RyanTannehill2021,TEN2021
TrevorLawrence,JAX,QB,22,17,17,21.118,35.412,214.176,279.118,7.9,117.882,5.6,3.3,96.294,4.6,0.471,1.059,0.176,1.941,0.057,7,0.205,24.353,0.713,1.882,2.4,8.647,3.941,8.882,0.226,1.941,7.3,4.353,31,3.059,26.471,1.059,4.529,7.294,59.588,2021,TrevorLawrence2021,JAX2021
CarsonWentz,IND,QB,29,17,17,18.941,30.353,209.588,231.824,7.6,112.529,5.9,3.7,97.059,5.1,0.471,1,0,1.471,0.05,5.529,0.188,21.647,0.737,1.882,2.5,9.176,2.412,8.706,0.258,1.529,7.1,4.941,35.118,4.471,32.529,0.412,2.588,8.471,72.588,2021,CarsonWentz2021,IND2021
TaylorHeinicke,WAS,QB,28,16,15,20.062,30.875,213.688,235.125,7.6,103.438,5.2,3.4,110.25,5.5,0.562,0.5,0.188,1.125,0.037,5,0.166,22.812,0.756,2.375,2.5,9.062,3.438,8.75,0.246,2.375,7.1,4.062,32.938,3.5,30.375,0.312,2.562,7.625,67.938,2021,TaylorHeinicke2021,WAS2021
JaredGoff,DET,QB,27,14,14,23.714,35.286,231.786,225,6.4,106.429,4.5,3,125.357,5.3,0.357,1.5,0.357,1.5,0.045,5.5,0.165,26.786,0.801,2.5,2.4,7.857,3.571,9.5,0.246,0.786,6.1,1.714,13.643,1.571,12.429,0.071,1.214,5.643,46.214,2021,JaredGoff2021,DET2021
JalenHurts,PHI,QB,23,15,15,17.667,28.8,209.6,257.8,9,112.067,6.3,3.9,97.533,5.5,0.733,1.467,0.133,1.467,0.054,3.8,0.14,21.267,0.782,1.733,2.7,8.267,5.067,8.933,0.264,3.333,8.3,10.267,78.533,6.333,54.6,3.467,23.933,7.4,66.267,2021,JalenHurts2021,PHI2021
RussellWilson,SEA,QB,33,14,14,18.5,28.571,222.357,282.571,9.9,123.571,6.7,4.3,98.786,5.3,0.214,0.929,0,1.143,0.041,5.143,0.186,21.143,0.765,2.357,2.4,8.071,3.429,8.786,0.27,1.643,7.3,3.214,16.071,2.571,14.571,0.5,1.5,7.286,74,2021,RussellWilson2021,SEA2021
TeddyBridgewater,DEN,QB,29,14,14,20.357,30.429,218,244.071,8,118.429,5.8,3.9,99.571,4.9,0.643,1.429,0,0.929,0.032,4.857,0.167,22.571,0.778,2.214,2.5,8.429,4.571,9.786,0.29,1.071,6.6,1.643,12.214,1.429,12.214,0,0,5.429,36.286,2021,TeddyBridgewater2021,DEN2021
BakerMayfield,CLE,QB,26,14,14,18.071,29.857,215,257.857,8.6,116.571,6.5,3.9,98.429,5.4,0.786,1,0.143,1.429,0.05,6,0.209,21.143,0.736,3.071,2.4,8.857,3.714,8.071,0.233,1.786,5.2,0.786,5.571,0.643,5.429,0.143,0.143,6.357,60.643,2021,BakerMayfield2021,CLE2021
LamarJackson,BAL,QB,24,12,12,20.5,31.833,240.167,295.25,9.3,144.5,7,4.5,95.667,4.7,0.75,0.583,0.333,1.5,0.049,6.083,0.197,22.667,0.733,3.167,2.5,12.583,3.25,8.833,0.226,4.083,8,9.917,69.5,5.25,47.833,4.5,21.667,7.75,69.25,2021,LamarJackson2021,BAL2021
DavisMills,HOU,QB,23,13,11,20.231,30.308,204.923,219.385,7.2,109.154,5.4,3.6,95.769,4.7,0.846,1,0.154,0.923,0.032,5.077,0.174,22.077,0.757,2.385,2.2,9.308,2.308,7,0.209,0.769,4.2,1.385,7.077,1,6.923,0.077,0.154,5,30.308,2021,DavisMills2021,HOU2021
TuaTagovailoa,MIA,QB,23,13,12,20.231,29.846,204.077,210.308,7,110.462,5.5,3.7,93.615,4.6,0.077,0.462,0.077,1.308,0.045,4.769,0.163,23.462,0.801,1.538,2.1,7.692,3.462,6.846,0.209,1.385,6.9,7.231,66,6.923,65.154,0.308,0.846,8.923,76.154,2021,TuaTagovailoa2021,MIA2021
SamDarnold,CAR,QB,24,12,11,20.25,33.833,210.583,245.583,7.3,95.917,4.7,2.8,114.667,5.7,0.5,1.833,0,2.25,0.07,5.917,0.185,23.833,0.745,2.917,2.5,10.667,5,11.25,0.291,1.917,8.1,2.167,6.917,1.833,5.667,0.25,1.25,7.25,49.583,2021,SamDarnold2021,CAR2021
DanielJones,NYG,QB,24,11,11,21.091,32.818,220.727,237.818,7.2,121.273,5.8,3.7,99.455,4.7,0.455,1.091,0.091,1.727,0.055,5.818,0.184,24.091,0.761,2,2.5,10.909,3.364,8.636,0.233,2.182,6.4,3.455,14.545,2.273,10.091,0.909,4.455,8.455,59.273,2021,DanielJones2021,NYG2021
ZachWilson,NYJ,QB,22,13,13,16.385,29.462,179.538,223.077,7.6,95.769,5.8,3.3,83.769,5.1,0.385,1.231,0.077,1.923,0.068,6.692,0.238,19.692,0.699,3.385,2.4,9.769,5.077,10.462,0.306,1.308,10.5,1.385,5.846,1.077,5.538,0.077,0.308,6.231,36,2021,ZachWilson2021,NYJ2021
JustinFields,CHI,QB,22,12,10,13.25,22.5,155.833,220.083,9.8,98.167,7.4,4.4,57.667,4.4,0.25,0.667,0.167,1.5,0.069,4.75,0.219,15.75,0.727,3,2.4,8,2.417,8,0.273,3.833,8,1.833,11.417,0.667,6.25,0.917,5.167,4,34.417,2021,JustinFields2021,CHI2021
AndyDalton,CHI,QB,34,8,6,18.625,29.5,189.375,202.5,6.9,95.375,5.1,3.2,94,5,0.875,1,0.125,1.125,0.04,4.875,0.172,20.25,0.714,2.25,2.2,11.5,2.875,6.75,0.203,1.5,6.8,1.75,17.625,1.5,17.25,0.125,0.375,3.75,21.75,2021,AndyDalton2021,CHI2021
JacobyBrissett,MIA,QB,29,11,5,12.818,20.455,116.636,153.727,7.5,70.455,5.5,3.4,46.182,3.6,0.091,0.545,0.091,1.545,0.078,3.273,0.165,14.364,0.725,1.727,2.5,5.636,2.364,6.273,0.268,1.182,5,2.091,14.182,1.909,13.818,0.091,0.364,3,22.091,2021,JacobyBrissett2021,MIA2021
JameisWinston,NOR,QB,27,7,7,13.571,23,167.143,191.429,8.3,84.143,6.2,3.7,83,6.1,0.714,1.286,0,1.429,0.066,4.714,0.217,15.286,0.704,1.571,2.5,9.714,2.571,6.714,0.249,2.429,9.5,0.286,1.571,0.143,0,0.143,1.571,5.286,50.714,2021,JameisWinston2021,NOR2021
TrevorSiemian,NOR,QB,30,6,4,18,31.333,192.333,216.333,6.9,108.667,6,3.5,83.667,4.6,1,1.833,0,1.167,0.04,4.333,0.147,21.833,0.74,1.5,2.5,7.833,3.333,7.5,0.225,0.5,7.3,0.5,3.333,0.5,3.333,0,0,5.667,34,2021,TrevorSiemian2021,NOR2021
TylerHuntley,BAL,QB,23,7,4,17.429,26.857,154.429,201.286,7.5,90.714,5.2,3.4,63.714,3.7,0.857,0.429,0.429,0.571,0.022,4.857,0.187,19.429,0.747,2.571,2.3,8.857,3.143,7.143,0.216,3.571,8.1,4.714,21,2.714,14.571,1.286,6.429,1.714,15.571,2021,TylerHuntley2021,BAL2021
TaysomHill,NOR,QB,31,12,9,6.5,11.167,81.5,81.833,7.3,38.083,5.9,3.4,43.417,6.7,0.25,0.333,0.167,0.917,0.086,2.167,0.203,7.833,0.734,0.75,2.5,3.333,1.5,3,0.226,1.333,7.4,0.917,6.167,0.5,3.833,0.333,2.333,2.667,29.083,2021,TaysomHill2021,NOR2021
TyrodTaylor,HOU,QB,32,6,6,15.167,25,161,184.167,7.4,78.833,5.2,3.2,82.167,5.4,0.333,0.667,0.167,0.833,0.034,5.333,0.221,16.667,0.69,2.167,2.2,10,3.167,8,0.27,2.5,9.9,4,23.833,3,19.167,0.667,4.667,4.833,39.833,2021,TyrodTaylor2021,HOU2021
MikeWhite,NYJ,QB,26,4,3,22,33,238.25,194.25,5.9,96.75,4.4,2.9,141.5,6.4,1.5,0.25,0,1.25,0.038,4.75,0.145,23.25,0.71,1,2.4,7.25,2,6.5,0.191,0,0,1,3.25,1,3.25,0,0,4.5,26.25,2021,MikeWhite2021,NYJ2021
MikeGlennon,NYG,QB,32,6,4,15,27.833,131.667,202,7.3,63.833,4.3,2.3,67.833,4.5,0.167,1.833,0.5,1.833,0.072,3.5,0.137,18.333,0.719,1.5,2.4,6.833,2,6.667,0.222,0.667,7.8,0.833,2.5,0.833,2.5,0,0,4,22.333,2021,MikeGlennon2021,NYG2021
DrewLock,DEN,QB,25,6,3,11.167,18.5,131.167,186.167,10.1,74.5,6.7,4,56.667,5.1,0.333,0.167,0.167,1.167,0.064,4,0.22,13.167,0.725,1.5,2.4,4.833,2.333,5.167,0.244,1.167,6.9,1.667,8.167,1.333,7.833,0.167,0.333,3.5,23.333,2021,DrewLock2021,DEN2021
ColtMcCoy,ARI,QB,35,8,3,9.25,12.375,92.5,65.25,5.3,36,3.9,2.9,56.5,6.1,0.25,0.125,0,0.625,0.051,1.375,0.112,10.25,0.837,0.75,2.1,3.625,1.25,3.25,0.239,0.5,5.3,3.625,33.125,3.125,31.25,0.375,1.875,3.875,36.875,2021,ColtMcCoy2021,ARI2021
GenoSmith,SEA,QB,31,4,3,16.25,23.75,175.5,167.25,7,85.5,5.3,3.6,90,5.5,0.75,1.5,0.25,0,0,3.25,0.148,16.25,0.739,3.25,2.5,9.5,3,7.75,0.277,1,9.3,0.75,6.25,0.75,6.25,0,0,4.75,53.5,2021,GenoSmith2021,SEA2021
CamNewton,CAR,QB,32,8,5,8.625,15.75,85.5,110,7,46.875,5.4,3,38.625,4.5,0.75,0.25,0,0.75,0.048,3.5,0.226,10.125,0.653,1.25,2.1,7.375,1.875,4.375,0.245,0.875,8.3,4,25.25,2.375,14.875,1.5,10.375,2.375,14.125,2021,CamNewton2021,CAR2021
JoshJohnson,2TM,QB,35,4,1,14.25,21.25,159.5,154,7.2,88.75,6.2,4.2,70.75,5,0.25,0.75,0,0.75,0.037,4,0.195,15.25,0.744,0.75,0,2,1.5,4.25,0.183,1.25,6,2,10.25,1.5,10.5,0.5,-0.25,2.5,15.25,2021,JoshJohnson2021,2TM2021
TreyLance,SFO,QB,21,6,2,6.833,11.833,100.5,109.667,9.3,52.5,7.7,4.4,48,7,0.833,0.333,0,0.5,0.043,2.167,0.188,8.5,0.739,0.667,2.6,3.5,1.333,3.167,0.221,1.833,8.5,3,28.667,1.667,24.167,1.333,4.5,3.333,28.5,2021,TreyLance2021,SFO2021
TimBoyle,DET,QB,27,5,3,12.2,18.8,105.2,117.8,6.3,52.2,4.3,2.8,53,4.3,0.2,0,0,0.6,0.032,4,0.213,12.8,0.681,0,2.3,3,1,3,0.158,0.2,14,0.8,5.2,0.8,5.2,0,0,4.8,37.2,2021,TimBoyle2021,DET2021
CaseKeenum,CLE,QB,33,7,2,6.714,10.286,66,59.571,5.8,22.286,3.3,2.2,43.714,6.5,0,0.286,0,0.429,0.043,1.857,0.186,7.571,0.757,0.714,2,2.571,0.857,2.714,0.235,0.571,4.8,0.143,0.857,0.143,0.857,0,0,2.714,28.143,2021,CaseKeenum2021,CLE2021
GardnerMinshewII,PHI,QB,25,4,2,10.25,15,109.75,83.25,5.6,41,4,2.7,68.75,6.7,0.25,1,0,1.25,0.089,1.75,0.125,11.25,0.804,1.25,2.1,4.75,1.75,4.25,0.246,1,4.8,1.5,9.25,1.25,9.25,0,0,3.75,40,2021,GardnerMinshewII2021,PHI2021
CooperRush,DAL,QB,28,5,1,6,9.4,84.4,83.6,8.9,41.8,7,4.4,42.6,7.1,0.2,0,0,0.4,0.043,1.8,0.191,6.4,0.681,0.6,2.1,3,0,1.2,0.118,0.2,2,0.4,4,0.4,4,0,0,1.4,16,2021,CooperRush2021,DAL2021
JordanLove,GNB,QB,23,6,1,6,10.333,68.5,81.333,7.9,29.667,4.9,2.9,38.833,6.5,0,0.333,0,0.333,0.033,2.5,0.25,6.667,0.667,0.5,2.3,4.833,1.5,3.167,0.271,0.833,6.6,0.333,0,0.333,0,0,0,1.667,17.333,2021,JordanLove2021,GNB2021
PJWalker,CAR,QB,26,5,1,7.2,13.2,72.4,118.8,9,45,6.3,3.4,27.4,3.8,0.2,0,0.2,0.4,0.031,4,0.308,8.2,0.631,1.4,2.4,3,1.4,4.6,0.307,0.4,9,0.4,0.6,0.4,0.6,0,0,1.2,7,2021,PJWalker2021,CAR2021
JoeFlacco,NYJ,QB,36,2,1,13.5,21,169,165,7.9,81.5,6,3.9,87.5,6.5,0.5,2,0,0.5,0.026,3,0.158,14.5,0.763,1,2.1,12,2,6,0.267,0.5,1,0.5,2.5,0.5,2.5,0,0,3.5,40.5,2021,JoeFlacco2021,NYJ2021
MasonRudolph,PIT,QB,26,2,1,17.5,29,138.5,180,6.2,77.5,4.4,2.7,61,3.5,0,0.5,0.5,1.5,0.054,4.5,0.161,22,0.786,0,2.2,7.5,0,0.5,0.016,1.5,18,0,0,0,0,0,0,3.5,20.5,2021,MasonRudolph2021,PIT2021
NickFoles,CHI,QB,32,1,1,24,35,250,198,5.7,85,3.5,2.4,165,6.9,1,0,0,1,0.029,4,0.114,30,0.857,4,2.6,5,4,9,0.225,1,8,4,43,4,43,0,0,3,7,2021,NickFoles2021,CHI2021
BrianHoyer,NWE,QB,36,5,0,1.8,2.2,45.4,19.4,8.8,16.8,9.3,7.6,28.6,15.9,0,0,0,0,0,0,0,2.2,1,0,2.2,0.8,0,0,0,0,0,0.4,11.8,0.4,11.8,0,0,0.4,5.6,2021,BrianHoyer2021,NWE2021
JakeFromm,NYG,QB,23,3,2,9,20,70,141.667,7.1,37,4.1,1.9,33,3.7,1.333,0.667,0,1,0.052,6.333,0.328,10.667,0.552,2,2.2,7,1.667,6,0.25,2,10.3,3.667,13,3,5,0.667,8,4.667,5.333,2021,JakeFromm2021,NYG2021
GarrettGilbert,WAS,QB,30,1,1,20,31,194,197,6.4,97,4.9,3.1,97,4.9,0,1,0,1,0.033,6,0.2,22,0.733,2,2.5,10,2,9,0.273,0,0,2,51,2,51,0,0,5,87,2021,GarrettGilbert2021,WAS2021
SeanMannion,MIN,QB,29,1,1,22,36,189,226,6.3,95,4.3,2.6,94,4.3,1,2,0,1,0.029,7,0.206,24,0.706,2,2.3,6,5,9,0.231,1,11,1,7,1,7,0,0,1,0,2021,SeanMannion2021,MIN2021
BrandonAllen,CIN,QB,29,6,1,2.833,5.667,24.833,28.167,5,4.833,1.7,0.9,20,7.1,0,0,0.167,0.333,0.061,1.5,0.273,3.167,0.576,0.667,1.9,1.167,0.167,1.167,0.184,0,0,0.167,1,0.167,1,0,0,1,4,2021,BrandonAllen2021,CIN2021
NickMullens,CLE,QB,26,1,1,20,30,147,204,6.8,76,3.8,2.5,71,3.6,0,0,1,2,0.069,2,0.069,22,0.759,0,2.3,6,5,9,0.3,0,0,1,6,1,6,0,0,7,31,2021,NickMullens2021,CLE2021
IanBook,NOR,QB,23,1,1,12,20,135,76,3.8,54,4.5,2.7,81,6.8,0,2,0,2,0.111,3,0.167,15,0.833,8,2.7,15,5,17,0.567,2,1.5,1,12,1,12,0,0,6,30,2021,IanBook2021,NOR2021
KyleAllen,WAS,QB,25,2,0,6,9.5,60,67.5,7.1,37,6.2,3.9,23,3.8,0,0.5,0,1,0.111,1,0.111,7.5,0.833,1,2.3,2,1,2.5,0.238,0,0,1,5.5,0.5,0,0.5,5.5,0.5,0,2021,KyleAllen2021,WAS2021
CedrickWilsonJr,DAL,WR,26,16,4,0.188,0.188,5.5,4.188,22.3,4.188,22.3,22.3,1.312,7,0,0,0,0,0,0,0,0.188,1,0,2.2,0,0,0,0,0,0,0.062,1.375,0.062,1.375,0,0,0.062,1.375,2021,CedrickWilsonJr2021,DAL2021
ChadHenne,KAN,QB,36,4,0,2.75,4,20.5,31.25,7.8,14.5,5.3,3.6,6,2.2,0,0.25,0,0.25,0.067,0.75,0.2,3,0.8,0,2.2,0.75,0.25,0.75,0.176,0.25,4,0,0,0,0,0,0,0,0,2021,ChadHenne2021,KAN2021
TomKennedy,DET,WR,25,12,0,0.083,0.083,6.25,2,24,2,24,24,4.25,51,0,0,0,0,0,0,0,0.083,1,0,3.5,0,0,0,0,0,0,0,0,0,0,0,0,0.083,6.25,2021,TomKennedy2021,DET2021
BlaineGabbert,TAM,QB,32,6,0,1.167,1.833,11.167,15,8.2,4.667,4,2.5,6.5,5.6,0.167,0,0,0,0,0.333,0.182,1.167,0.636,0.167,2,0.5,0.167,0.333,0.167,0,0,0.167,2.333,0.167,2.333,0,0,0.167,2.333,2021,BlaineGabbert2021,TAM2021
TylerBoyd,CIN,WR,27,16,10,0.062,0.062,2.875,-0.25,-4,-0.25,-4,-4,3.125,50,0,0,0,0,0,0,0,0.062,1,0,3.1,0,0.062,0.062,1,0,0,0,0,0,0,0,0,0,0,2021,TylerBoyd2021,CIN2021
JakobiMeyers,NWE,WR,25,17,16,0.118,0.118,2.647,0.647,5.5,0.647,5.5,5.5,2,17,0,0,0,0,0,0,0,0.118,1,0,2.5,0,0,0.059,0.5,0,0,0.059,0.882,0.059,0.882,0,0,0.059,0.882,2021,JakobiMeyers2021,NWE2021
MitchellTrubisky,BUF,QB,27,6,0,1,1.333,7.167,6.833,5.1,4.333,4.3,3.3,2.833,2.8,0,0,0,0.167,0.125,0.167,0.125,1.167,0.875,0,2.1,0.167,0,0,0,0.333,15,0.167,0.167,0.167,0.167,0,0,0.5,4,2021,MitchellTrubisky2021,BUF2021
ChrisStreveler,ARI,QB,26,2,0,3,4.5,18,19,4.2,7,2.3,1.6,11,3.7,0,0,0,0,0,1,0.222,3,0.667,1,2.3,0,0.5,1.5,0.25,0.5,4,0,0,0,0,0,0,0.5,4.5,2021,ChrisStreveler2021,ARI2021
JustinJefferson,MIN,WR,22,17,17,0.118,0.235,2.059,2.118,9,0.412,3.5,1.8,1.647,14,0,0,0,0,0,0.118,0.5,0.118,0.5,0,2.3,0.118,0,0.118,0.5,0,0,0,0,0,0,0,0,0.118,0.647,2021,JustinJefferson2021,MIN2021
CJBeathard,JAX,QB,28,2,0,1,1,16.5,13.5,13.5,13.5,13.5,13.5,3,3,0,0,0,0,0,0,0,1,1,0,2.2,0.5,0.5,0.5,0.5,0,0,0,0,0,0,0,0,0,0,2021,CJBeathard2021,JAX2021
ChristianKirk,ARI,WR,25,17,11,0.059,0.059,1.941,1.941,33,1.941,33,33,0,0,0,0,0,0,0,0,0,0.059,1,0,1.5,0,0,0,0,0,0,0.059,1.941,0.059,1.941,0,0,0.059,1.941,2021,ChristianKirk2021,ARI2021
KendrickBourne,NWE,WR,26,17,5,0.059,0.059,1.471,1.294,22,1.294,22,22,0.176,3,0,0,0,0,0,0,0,0.059,1,0,1.6,0,0,0,0,0,0,0,0,0,0,0,0,0,0,2021,KendrickBourne2021,NWE2021
JacobEason,IND,QB,24,1,0,2,5,25,63,12.6,18,9,3.6,7,3.5,0,0,0,1,0.2,1,0.2,4,0.8,0,3.3,0,0,1,0.2,0,0,0,0,0,0,0,0,0,0,2021,JacobEason2021,IND2021
DeeboSamuel,SFO,WR,25,16,15,0.062,0.125,1.5,2.438,19.5,1.5,24,12,0,0,0,0,0,0,0,0,0,0.062,0.5,0,2.4,0.062,0,0.062,0.5,0,0,0.438,5.688,0,0,0.438,5.688,0,0,2021,DeeboSamuel2021,SFO2021
JoshRosen,ATL,QB,24,4,0,0.5,2.75,4.75,30.25,11,2,4,0.7,2.75,5.5,0,0.25,0,0.5,0.2,1,0.4,0.75,0.3,0,2.7,0.75,0.75,0.75,0.273,0,0,0,0,0,0,0,0,0.5,3.5,2021,JoshRosen2021,ATL2021
KadariusToney,NYG,WR,22,10,4,0.1,0.3,1.9,5.3,17.7,1.3,13,4.3,0.6,6,0,0,0,0.1,0.333,0.1,0.333,0.2,0.667,0.1,2.8,0.2,0,0.1,0.2,0.1,1,0.1,0.7,0,0,0.1,0.7,0.1,0,2021,KadariusToney2021,NYG2021
DantePettis,NYG,WR,26,3,0,0.333,0.333,5.333,4.333,13,4.333,13,13,1,3,0,0,0,0,0,0,0,0.333,1,0,3.7,0,0,0,0,0,0,0,0,0,0,0,0,0,0,2021,DantePettis2021,NYG2021
CourtlandSutton,DEN,WR,26,17,16,0.059,0.059,0.941,0.882,15,0.882,15,15,0.059,1,0,0,0,0,0,0,0,0.059,1,0,3.8,0,0.059,0.059,1,0,0,0,0,0,0,0,0,0,0,2021,CourtlandSutton2021,DEN2021
RyanFitzpatrick,WAS,QB,39,1,1,3,6,13,4,0.7,7,2.3,1.2,6,2,0,0,0,1,0.167,1,0.167,5,0.833,1,1.8,0,1,4,0.5,1,2,0,0,0,0,0,0,2,2,2021,RyanFitzpatrick2021,WAS2021
DerrickHenry,TEN,RB,27,8,8,0.125,0.125,0.625,0.625,5,0.625,5,5,0,0,0,0,0,0,0,0,0,0.125,1,0,2.1,0,0,0,0,0,0,1,3.125,0.125,0.625,0.875,2.5,0,0,2021,DerrickHenry2021,TEN2021
KellenMond,MIN,QB,22,1,0,2,3,5,0,0,-4,-2,-1.3,9,4.5,0,0,0,0,0,1,0.333,2,0.667,0,1.8,2,0,1,0.333,0,0,0,0,0,0,0,0,1,-1,2021,KellenMond2021,MIN2021
JohnWolford,LAR,QB,26,3,0,0.333,1.333,1.667,6.333,4.8,-0.667,-2,-0.5,2.333,7,0,0,0,0,0,0.333,0.25,0.667,0.5,0.333,2.2,0,0,0.333,0.2,0,0,0.333,0,0,0,0.333,0,0,0,2021,JohnWolford2021,LAR2021
EzekielElliott,DAL,RB,26,17,17,0.059,0.059,0.235,-0.235,-4,-0.235,-4,-4,0.471,8,0,0,0,0,0,0,0,0.059,1,0,0.4,0,0,0,0,0,0,2.059,11.059,0,0,2.059,11.059,0,0,2021,EzekielElliott2021,DAL2021
MarcusMariota,LVR,QB,28,10,0,0.1,0.2,0.4,3.1,15.5,-0.4,-4,-2,0.8,8,0,0,0,0,0,0,0,0.1,0.5,0,2.4,0,0,0,0,0,0,0.9,7.1,0,0,0.9,7.1,0,0,2021,MarcusMariota2021,LVR2021
GregWard,PHI,WR,26,17,0,0.059,0.118,0.118,0.118,1,-0.059,-1,-0.5,0.176,3,0,0,0,0,0,0.059,0.5,0.059,0.5,0,2.1,0,0,0,0,0,0,0.059,0.118,0.059,0.118,0,0,0.059,0.118,2021,GregWard2021,PHI2021
KendallHinton,DEN,WR,24,16,1,0.062,0.062,0.062,-0.312,-5,-0.312,-5,-5,0.375,6,0,0,0,0,0,0,0,0.062,1,0,0.9,0,0,0.062,1,0,0,0.062,0.062,0.062,0.062,0,0,0.062,0.062,2021,KendallHinton2021,DEN2021
KeenanAllen,LAC,WR,29,16,16,0,0.062,0,0.875,14,0,0,0,0,0,0,0,0,0,0,0.062,1,0,0,0,1.3,0,0,0,0,0,0,0,0,0,0,0,0,0,0,2021,KeenanAllen2021,LAC2021
DannyAmendola,HOU,WR,36,8,0,0,0.125,0,1.75,14,0,0,0,0,0,0,0,0,0,0,0,0,0,0,0,1.2,0.125,0,0,0,0,0,0,0,0,0,0,0,0,0,2021,DannyAmendola2021,HOU2021
ColeBeasley,BUF,WR,32,16,8,0,0.062,0,1.188,19,0,0,0,0,0,0,0,0,0,0,0,0,0.062,1,0,1.3,0,0.062,0.062,1,0,0,0.062,0,0.062,0,0,0,0.062,0,2021,ColeBeasley2021,BUF2021
AJBrown,TEN,WR,24,13,13,0,0.154,0,3.231,21,0,0,0,0,0,0,0.077,0,0,0,0.077,1,0,0,0,0.9,0,0,0,0,0,0,0,0,0,0,0,0,0,0,2021,AJBrown2021,TEN2021
RexBurkhead,HOU,RB,31,16,5,0,0.062,0,0.438,7,0,0,0,0,0,0,0.062,0,0,0,0,0,0,0,0,0.9,0,0,0,0,0,0,0.438,1.312,0,0,0.438,1.312,0,0,2021,RexBurkhead2021,HOU2021
KeelanCole,NYJ,WR,28,15,11,0,0.067,0,0.533,8,0,0,0,0,0,0,0,0,0,0,0,0,0.067,1,0,3.3,0.067,0,0.067,1,0,0,0,0,0,0,0,0,0.067,0,2021,KeelanCole2021,NYJ2021
LeonardFournette,TAM,RB,26,14,13,0,0.071,0,0,0,0,0,0,0,0,0.071,0,0,0,0,0,0,0,0,0,2.8,0,0,0,0,0,0,0.714,6.143,0,0,0.714,6.143,0,0,2021,LeonardFournette2021,TAM2021
FeleipeFranks,ATL,QB,24,9,0,0,0.111,0,0.222,2,0,0,0,0,0,0,0,0,0,0,0,0,0,0,0,1.7,0,0,0,0,0,0,0.333,0.667,0,0,0.333,0.667,0,0,2021,FeleipeFranks2021,ATL2021
MikeGesicki,MIA,TE,26,17,9,0,0.059,0,1.647,28,0,0,0,0,0,0,0,0,0,0,0.059,1,0,0,0,3.8,0,0,0,0,0,0,0,0,0,0,0,0,0,0,2021,MikeGesicki2021,MIA2021
CooperKupp,LAR,WR,28,17,17,0,0.059,0,1.471,25,0,0,0,0,0,0,0,0,0,0,0,0,0,0,0,1.5,0.059,0.059,0.059,1,0,0,0,0,0,0,0,0,0,0,2021,CooperKupp2021,LAR2021
DavidMontgomery,CHI,RB,24,13,13,0,0.077,0,0.692,9,0,0,0,0,0,0,0,0,0,0,0,0,0,0,0,2,0.077,0,0,0,0,0,1.154,7.769,0,0,1.154,7.769,0,0,2021,DavidMontgomery2021,CHI2021
CordarrellePatterson,ATL,RB,30,16,13,0,0.062,0,1.125,18,0,0,0,0,0,0,0.062,0,0,0,0,0,0,0,0,2.3,0,0,0.062,1,0,0,0.5,1.875,0,0,0.5,1.875,0,0,2021,CordarrellePatterson2021,ATL2021
BrettRypien,DEN,QB,25,1,0,0,2,0,11,5.5,0,0,0,0,0,0,1,0,0,0,1,1,0,0,0,2.5,1,0,0,0,0,0,0,0,0,0,0,0,0,0,2021,BrettRypien2021,DEN2021
DAndreSwift,DET,RB,22,13,4,0,0.077,0,-0.923,-12,0,0,0,0,0,0,0,0,0,0,0,0,0,0,0,0,0,0,0,0,0,0,1,12.769,0,0,1,12.769,0,0,2021,DAndreSwift2021,DET2021
AlbertWilson,MIA,WR,29,14,5,0,0.071,0,0.357,5,0,0,0,0,0,0,0,0,0.071,1,0,0,0.071,1,0.071,0.7,0.143,0,0.071,0.5,0,0,0,0,0,0,0,0,0.071,0,2021,AlbertWilson2021,MIA2021
BrandonZylstra,CAR,WR,28,13,3,0,0.077,0,1,13,0,0,0,0,0,0,0,0,0,0,0.077,1,0,0,0,1.2,0,0,0,0,0,0,0,0,0,0,0,0,0,0,2021,BrandonZylstra2021,CAR2021