Player,Team,Cmp,Att,Yds,TD,Int,AvgRate,PassRate,Year,PlID
PeytonManning,IND,357,571,4413,33,15,94.7,94.7059252772913,2000,PeytonManning2000
JeffGarcia,SFO,355,561,4278,31,10,97.6,97.5824420677362,2000,JeffGarcia2000
ElvisGrbac,KAN,326,547,4169,28,14,89.9,89.90326020719074,2000,ElvisGrbac2000
DaunteCulpepper,MIN,297,474,3937,33,16,98.0,98.04852320675104,2000,DaunteCulpepper2000
BrettFavre,GNB,338,580,3812,20,16,78.0,78.03160919540231,2000,BrettFavre2000
VinnyTestaverde,NYJ,328,590,3732,21,25,69.0,68.97598870056498,2000,VinnyTestaverde2000
SteveBeuerlein,CAR,324,533,3730,19,18,79.7,79.70997498436523,2000,SteveBeuerlein2000
MarkBrunell,JAX,311,512,3640,20,14,84.0,83.95182291666666,2000,MarkBrunell2000
KerryCollins,NYG,311,529,3610,22,13,83.1,83.13248267170762,2000,KerryCollins2000
RichGannon,OAK,284,473,3430,28,11,92.4,92.37579281183933,2000,RichGannon2000
KurtWarner,STL,235,347,3429,21,18,98.3,98.25288184438041,2000,KurtWarner2000
DonovanMcNabb,PHI,330,569,3365,21,13,77.8,77.8375805506737,2000,DonovanMcNabb2000
DrewBledsoe,NWE,312,531,3291,17,13,77.3,77.34227871939737,2000,DrewBledsoe2000
JakePlummer,ARI,270,475,2946,13,21,66.0,65.99561403508773,2000,JakePlummer2000
SteveMcNair,TEN,248,396,2847,15,13,83.2,83.17550505050505,2000,SteveMcNair2000
ShaunKing,TAM,233,428,2769,18,13,75.8,75.76908099688472,2000,ShaunKing2000
BrianGriese,DEN,216,336,2688,19,4,102.9,102.87698412698411,2000,BrianGriese2000
JonKitna,SEA,259,418,2658,18,19,75.6,75.62799043062202,2000,JonKitna2000
BradJohnson,WAS,228,365,2505,11,15,75.7,75.65639269406392,2000,BradJohnson2000
CharlieBatch,DET,221,412,2489,13,15,67.3,67.30380258899676,2000,CharlieBatch2000
JayFiedler,MIA,204,357,2402,14,14,74.5,74.468954248366,2000,JayFiedler2000
ChrisChandler,ATL,192,331,2236,10,12,73.5,73.53348439073515,2000,ChrisChandler2000
RobJohnson,BUF,175,306,2125,12,7,82.2,82.21677559912854,2000,RobJohnson2000
TrentGreen,STL,145,240,2063,16,5,101.8,101.78819444444444,2000,TrentGreen2000
JeffBlake,NOR,184,302,2025,13,9,82.7,82.72626931567328,2000,JeffBlake2000
RyanLeaf,SDG,161,322,1883,11,18,56.2,56.2111801242236,2000,RyanLeaf2000
KordellStewart,PIT,151,289,1860,11,8,73.6,73.59429065743944,2000,KordellStewart2000
GusFrerotte,DEN,138,232,1776,9,8,82.1,82.11206896551725,2000,GusFrerotte2000
DougFlutie,BUF,132,231,1700,8,3,86.5,86.49891774891775,2000,DougFlutie2000
CadeMcNown,CHI,154,280,1646,8,9,68.5,68.54166666666669,2000,CadeMcNown2000
TroyAikman,DAL,156,262,1632,7,14,64.3,64.29707379134861,2000,TroyAikman2000
TonyBanks,BAL,150,274,1578,8,8,69.3,69.26703163017032,2000,TonyBanks2000
AaronBrooks,NOR,113,194,1514,9,6,85.7,85.71735395189005,2000,AaronBrooks2000
TrentDilfer,BAL,134,226,1502,12,11,76.6,76.60398230088497,2000,TrentDilfer2000
TimCouch,CLE,137,215,1483,7,9,77.3,77.33527131782945,2000,TimCouch2000
JimHarbaugh,SDG,123,202,1416,8,10,74.6,74.60808580858085,2000,JimHarbaugh2000
JeffGeorge,WAS,113,194,1389,7,6,79.6,79.59621993127149,2000,JeffGeorge2000
AkiliSmith,CIN,118,267,1253,3,6,52.8,52.8480024968789,2000,AkiliSmith2000
DougPederson,CLE,117,210,1047,2,8,56.6,56.58730158730159,2000,DougPederson2000
ScottMitchell,CIN,89,187,966,3,8,50.8,50.79099821746881,2000,ScottMitchell2000
ShaneMatthews,CHI,102,178,964,3,6,64.0,63.97471910112359,2000,ShaneMatthews2000
KentGraham,PIT,66,148,878,1,1,63.4,63.4009009009009,2000,KentGraham2000
RandallCunningham,DAL,74,125,849,6,4,82.4,82.38333333333333,2000,RandallCunningham2000
BrockHuard,SEA,49,87,540,3,2,76.8,76.79597701149424,2000,BrockHuard2000
NeilODonnell,TEN,36,64,530,2,3,74.3,74.34895833333334,2000,NeilODonnell2000
DannyKanell,ATL,57,116,524,2,5,49.6,49.64080459770115,2000,DannyKanell2000
StoneyCase,DET,56,91,503,1,4,61.7,61.744505494505496,2000,StoneyCase2000
DaveBrown,ARI,40,69,467,2,3,70.1,70.1388888888889,2000,DaveBrown2000
DougJohnson,ATL,36,67,406,2,3,63.4,63.401741293532346,2000,DougJohnson2000
JimMiller,CHI,47,82,382,1,1,68.2,68.2418699186992,2000,JimMiller2000
DamonHuard,MIA,39,63,318,1,3,60.2,60.152116402116405,2000,DamonHuard2000
MosesMoreno,SDG,27,53,241,0,2,47.8,47.75943396226416,2000,MosesMoreno2000
AnthonyWright,DAL,22,53,237,0,3,31.7,31.721698113207548,2000,AnthonyWright2000
WarrenMoon,KAN,15,34,208,1,1,61.9,61.88725490196077,2000,WarrenMoon2000
SpergonWynn,CLE,22,54,167,0,1,41.2,41.2037037037037,2000,SpergonWynn2000
KurtWarner,STL,610,893,8259,57,40,99.85,100.15630832400149,2001,KurtWarner2001
PeytonManning,IND,700,1118,8544,59,38,89.4,89.53115682766844,2001,PeytonManning2001
BrettFavre,GNB,652,1090,7733,52,31,86.05,85.5428134556575,2001,BrettFavre2001
AaronBrooks,NOR,425,752,5346,35,28,81.05,78.80097517730496,2001,AaronBrooks2001
RichGannon,OAK,645,1022,7258,55,20,93.95,94.0516960208741,2001,RichGannon2001
TrentGreen,KAN,441,763,5846,33,29,86.45,80.75305810397553,2001,TrentGreen2001
KerryCollins,NYG,638,1097,7374,41,29,80.1,80.00037982376178,2001,KerryCollins2001
JakePlummer,ARI,574,1000,6599,31,35,72.8,73.16250000000001,2001,JakePlummer2001
JeffGarcia,SFO,671,1065,7816,63,22,96.2,96.27738654147106,2001,JeffGarcia2001
DougFlutie,SDG,426,752,5164,23,21,79.25,76.46276595744682,2001,DougFlutie2001
BradJohnson,TAM,568,924,5911,24,26,76.7,76.89844877344876,2001,BradJohnson2001
SteveMcNair,TEN,512,827,6197,36,25,86.7,86.81227327690448,2001,SteveMcNair2001
MarkBrunell,JAX,600,985,6949,39,27,84.05,84.01649746192894,2001,MarkBrunell2001
JayFiedler,MIA,477,807,5692,34,33,77.4,77.73389095415118,2001,JayFiedler2001
DonovanMcNabb,PHI,615,1062,6598,46,25,81.05,80.8576585059636,2001,DonovanMcNabb2001
JonKitna,CIN,572,999,5874,30,41,68.35,67.2067901234568,2001,JonKitna2001
KordellStewart,PIT,417,731,4969,25,19,77.65,78.5140218878249,2001,KordellStewart2001
TimCouch,CLE,409,669,4523,24,30,75.2,74.47371699053313,2001,TimCouch2001
ElvisGrbac,BAL,591,1014,7202,43,32,80.5,81.2335634451019,2001,ElvisGrbac2001
ChrisWeinke,CAR,293,540,2931,11,19,62.0,62.04475308641976,2001,ChrisWeinke2001
ChrisChandler,ATL,415,696,5083,26,26,78.8,79.08884099616857,2001,ChrisChandler2001
TomBrady,NWE,264,413,2843,18,12,86.5,86.45581113801454,2001,TomBrady2001
BrianGriese,DEN,491,787,5515,42,23,90.7,88.88447691656079,2001,BrianGriese2001
VinnyTestaverde,NYJ,588,1031,6484,36,39,72.15,71.69212738441642,2001,VinnyTestaverde2001
DaunteCulpepper,MIN,532,840,6549,47,29,90.65,91.61210317460316,2001,DaunteCulpepper2001
CharlieBatch,DET,419,753,4881,25,27,72.05,71.58864541832669,2001,CharlieBatch2001
TonyBanks,WAS,348,644,3964,18,18,70.3,70.43219461697724,2001,TonyBanks2001
JimMiller,CHI,275,477,2681,14,11,71.55,73.72030048916841,2001,JimMiller2001
AlexVanPelt,BUF,178,307,2056,12,11,76.4,76.40472312703585,2001,AlexVanPelt2001
MattHasselbeck,SEA,176,321,2023,7,8,70.9,70.91770508826583,2001,MattHasselbeck2001
RobJohnson,BUF,309,522,3590,17,14,79.25,79.74936143039592,2001,RobJohnson2001
QuincyCarter,DAL,90,176,1072,5,7,63.0,62.97348484848485,2001,QuincyCarter2001
TrentDilfer,SEA,207,348,2516,19,15,84.3,82.01628352490422,2001,TrentDilfer2001
TyDetmer,DET,92,151,906,3,10,56.9,56.88465783664459,2001,TyDetmer2001
ToddBouman,MIN,51,89,795,8,4,98.3,98.29119850187266,2001,ToddBouman2001
MichaelVick,ATL,50,113,785,2,3,62.7,62.73967551622419,2001,MichaelVick2001
ShaneMatthews,CHI,186,307,1658,8,12,68.15,67.47421281216072,2001,ShaneMatthews2001
MikeMcMahon,DET,53,115,671,3,1,69.9,69.8731884057971,2001,MikeMcMahon2001
RandallCunningham,BAL,128,214,1422,9,6,81.85,81.95093457943926,2001,RandallCunningham2001
AnthonyWright,DAL,70,151,766,5,8,46.4,50.814017660044144,2001,AnthonyWright2001
NeilODonnell,TEN,78,140,1026,4,5,73.7,73.69047619047619,2001,NeilODonnell2001
RyanLeaf,DAL,206,410,2377,12,21,56.95,56.524390243902445,2001,RyanLeaf2001
SpergonWynn,MIN,70,152,585,1,7,39.9,39.50109649122807,2001,SpergonWynn2001
DrewBledsoe,NWE,352,597,3691,19,15,76.3,77.1182300390843,2001,DrewBledsoe2001
JonathanQuinn,JAX,32,61,361,1,1,69.1,69.0915300546448,2001,JonathanQuinn2001
ClintStoerner,DAL,26,49,314,3,5,53.8,50.89285714285715,2001,ClintStoerner2001
GusFrerotte,DEN,168,280,2084,12,8,91.9,85.47619047619047,2001,GusFrerotte2001
JeffGeorge,WAS,136,236,1557,7,9,57.1,71.5925141242938,2001,JeffGeorge2001
MattLytle,CAR,17,30,133,1,3,39.3,37.22222222222222,2001,MattLytle2001
AkiliSmith,CIN,123,275,1290,3,6,63.1,53.4469696969697,2001,AkiliSmith2001
RichGannon,OAK,1063,1640,11947,81,30,95.07,95.29217479674797,2002,RichGannon2002
DrewBledsoe,BUF,727,1207,8050,43,30,79.53,81.58485225075945,2002,DrewBledsoe2002
PeytonManning,IND,1092,1709,12744,86,57,89.2,89.2785742149405,2002,PeytonManning2002
KerryCollins,NYG,973,1642,11447,60,43,81.87,81.78034916768169,2002,KerryCollins2002
DaunteCulpepper,MIN,865,1389,10402,65,52,85.53,85.1826853851692,2002,DaunteCulpepper2002
TomBrady,NWE,637,1014,6607,46,26,86.1,86.02071005917159,2002,TomBrady2002
TrentGreen,KAN,728,1233,9536,59,42,88.5,85.26797783184644,2002,TrentGreen2002
BrettFavre,GNB,993,1641,11391,79,47,85.9,85.54616087751371,2002,BrettFavre2002
AaronBrooks,NOR,708,1280,8918,62,43,80.73,79.35546875,2002,AaronBrooks2002
SteveMcNair,TEN,813,1319,9584,58,40,85.8,85.74519838261308,2002,SteveMcNair2002
JeffGarcia,SFO,999,1593,11160,84,32,92.67,92.7403745553463,2002,JeffGarcia2002
DrewBrees,SDG,320,526,3284,17,16,76.9,76.89321926489227,2002,DrewBrees2002
BrianGriese,DEN,782,1223,8729,57,38,89.0,87.69589806486783,2002,BrianGriese2002
JonKitna,CIN,866,1472,9052,46,57,71.93,71.01449275362319,2002,JonKitna2002
ChadPennington,NYJ,275,399,3120,22,6,104.2,104.21365914786966,2002,ChadPennington2002
MattHasselbeck,SEA,443,740,5098,22,18,79.35,80.45045045045045,2002,MattHasselbeck2002
BradJohnson,TAM,849,1375,8960,46,32,82.1,82.14393939393939,2002,BradJohnson2002
JakePlummer,ARI,858,1530,9571,49,55,70.43,70.57734204793029,2002,JakePlummer2002
MichaelVick,ATL,281,534,3721,18,11,72.15,77.62172284644194,2002,MichaelVick2002
TimCouch,CLE,682,1112,7365,42,48,75.73,75.39343525179856,2002,TimCouch2002
TommyMaddox,PIT,234,377,2836,20,16,85.2,85.15141467727675,2002,TommyMaddox2002
MarkBrunell,JAX,845,1401,9737,56,34,84.6,84.51552462526766,2002,MarkBrunell2002
RodneyPeete,CAR,223,381,2630,15,14,77.4,77.43328958880141,2002,RodneyPeete2002
DavidCarr,HOU,233,444,2592,9,15,62.8,62.819069069069066,2002,DavidCarr2002
JoeyHarrington,DET,215,429,2294,12,16,59.9,59.911616161616166,2002,JoeyHarrington2002
DonovanMcNabb,PHI,826,1423,8887,63,31,82.7,82.15770672288592,2002,DonovanMcNabb2002
JeffBlake,BAL,349,597,4109,26,20,80.0,80.035594639866,2002,JeffBlake2002
JayFiedler,MIA,656,1099,7716,48,42,80.0,79.71451319381256,2002,JayFiedler2002
JimMiller,CHI,455,791,4625,27,20,73.53,75.22387273493469,2002,JimMiller2002
MarcBulger,STL,138,214,1826,14,6,101.5,101.49922118380061,2002,MarcBulger2002
ChadHutchinson,DAL,127,250,1555,7,8,66.3,66.33333333333334,2002,ChadHutchinson2002
PatrickRamsey,WAS,117,227,1539,9,8,71.8,71.81534508076356,2002,PatrickRamsey2002
QuincyCarter,DAL,215,397,2537,12,15,67.65,68.17275398824518,2002,QuincyCarter2002
KurtWarner,STL,754,1113,9690,60,51,89.03,93.69010182689429,2002,KurtWarner2002
ShaneMatthews,WAS,310,544,2909,19,18,69.63,69.70741421568628,2002,ShaneMatthews2002
JamieMartin,STL,124,195,1216,7,10,71.7,71.65598290598291,2002,JamieMartin2002
TrentDilfer,SEA,301,516,3698,23,21,79.9,78.4560723514212,2002,TrentDilfer2002
KordellStewart,PIT,526,897,6124,31,25,79.37,79.30369751021927,2002,KordellStewart2002
RayLucas,MIA,92,160,1045,4,6,69.9,69.921875,2002,RayLucas2002
ChrisRedman,BAL,97,182,1034,7,3,76.1,76.12179487179488,2002,ChrisRedman2002
ChrisChandler,CHI,518,857,6106,30,30,79.13,79.22257876312719,2002,ChrisChandler2002
AJFeeley,PHI,86,154,1011,6,5,75.4,75.43290043290042,2002,AJFeeley2002
SteveBeuerlein,DEN,392,650,4655,25,23,81.2,80.25641025641028,2002,SteveBeuerlein2002
MikeMcMahon,DET,115,262,1545,10,10,61.15,60.05089058524173,2002,MikeMcMahon2002
KellyHolcomb,CLE,64,106,790,8,4,92.9,92.88522012578615,2002,KellyHolcomb2002
DannyWuerffel,WAS,58,92,719,3,6,70.9,70.87862318840581,2002,DannyWuerffel2002
RobJohnson,TAM,366,610,4126,18,16,78.1,79.17349726775956,2002,RobJohnson2002
VinnyTestaverde,NYJ,642,1114,6983,39,42,74.2,72.18731298623578,2002,VinnyTestaverde2002
DougJohnson,ATL,73,124,854,4,6,71.05,70.43010752688171,2002,DougJohnson2002
GusFrerotte,CIN,212,365,2521,13,13,76.63,76.29566210045662,2002,GusFrerotte2002
DavidGarrard,JAX,23,46,231,1,2,53.8,53.80434782608695,2002,DavidGarrard2002
KoyDetmer,PHI,19,28,224,2,0,115.8,115.77380952380952,2002,KoyDetmer2002
HenryBurris,CHI,18,51,207,3,5,28.4,27.16503267973856,2002,HenryBurris2002
ChrisWeinke,CAR,310,578,3111,11,22,44.1,59.688581314878896,2002,ChrisWeinke2002
RandyFasani,CAR,15,44,171,0,4,8.8,8.806818181818176,2002,RandyFasani2002
AkiliSmith,CIN,135,308,1407,3,7,53.57,51.42045454545454,2002,AkiliSmith2002
ShaunKing,TAM,243,455,2849,18,14,52.9,73.0448717948718,2002,ShaunKing2002
ScottCovington,STL,2,5,7,0,0,47.9,41.25,2002,ScottCovington2002
PeytonManning,IND,1471,2275,17011,115,67,91.65,91.70054945054945,2003,PeytonManning2003
TrentGreen,KAN,1058,1756,13575,83,54,89.53,87.4454252088079,2003,TrentGreen2003
MarcBulger,STL,474,746,5671,36,28,91.45,87.15370866845397,2003,MarcBulger2003
MattHasselbeck,SEA,756,1253,8939,48,33,82.5,83.88367916999204,2003,MattHasselbeck2003
BradJohnson,TAM,1203,1945,12771,72,53,81.95,81.969794344473,2003,BradJohnson2003
TomBrady,NWE,954,1541,10227,69,38,86.03,85.97636815920397,2003,TomBrady2003
JonKitna,CIN,1190,1992,12643,72,72,75.8,75.29911311914324,2003,JonKitna2003
AaronBrooks,NOR,1014,1798,12464,86,51,82.75,82.08889506859474,2003,AaronBrooks2003
DaunteCulpepper,MIN,1160,1843,13881,90,63,88.25,87.95103092783506,2003,DaunteCulpepper2003
TommyMaddox,PIT,532,896,6250,38,33,80.25,79.41778273809524,2003,TommyMaddox2003
BrettFavre,GNB,1301,2112,14752,111,68,87.03,86.62405303030303,2003,BrettFavre2003
QuincyCarter,DAL,507,902,5839,29,36,68.9,69.98337028824834,2003,QuincyCarter2003
JakeDelhomme,CAR,266,449,3219,19,16,80.6,80.58184855233853,2003,JakeDelhomme2003
DonovanMcNabb,PHI,1101,1901,12103,79,42,81.92,81.5217867788883,2003,DonovanMcNabb2003
SteveMcNair,TEN,1063,1719,12799,82,47,89.45,89.14703315881326,2003,SteveMcNair2003
KerryCollins,NYG,1257,2142,14557,73,59,79.08,79.18611889200125,2003,KerryCollins2003
JoeyHarrington,DET,524,983,5174,29,38,61.9,62.16302136317397,2003,JoeyHarrington2003
DrewBledsoe,BUF,1001,1678,10910,54,42,77.9,79.18404847040127,2003,DrewBledsoe2003
ByronLeftwich,JAX,239,418,2819,14,16,73.0,73.04625199362042,2003,ByronLeftwich2003
JeffGarcia,SFO,1224,1985,13864,102,45,89.53,90.25293870696895,2003,JeffGarcia2003
JeffBlake,ARI,557,964,6356,39,35,76.53,76.06327800829874,2003,JeffBlake2003
JakePlummer,DEN,1047,1832,11753,64,62,75.62,73.98335152838428,2003,JakePlummer2003
PatrickRamsey,WAS,296,564,3705,23,17,73.8,74.22429078014184,2003,PatrickRamsey2003
ChadPennington,NYJ,464,696,5259,35,18,93.55,95.10895593869732,2003,ChadPennington2003
JayFiedler,MIA,835,1413,9854,59,55,78.1,78.08592828497288,2003,JayFiedler2003
DrewBrees,SDG,525,882,5392,28,31,72.2,73.09618291761147,2003,DrewBrees2003
DavidCarr,HOU,400,739,4605,18,28,66.15,65.48545331529093,2003,DavidCarr2003
KellyHolcomb,CLE,257,408,2587,18,16,83.75,79.36070261437908,2003,KellyHolcomb2003
DougJohnson,ATL,209,367,2509,12,18,69.87,68.48887375113533,2003,DougJohnson2003
KordellStewart,CHI,652,1148,7542,38,37,73.73,74.39024390243901,2003,KordellStewart2003
VinnyTestaverde,NYJ,765,1312,8368,46,44,78.3,74.96189024390245,2003,VinnyTestaverde2003
TimCouch,CLE,802,1315,8684,49,54,76.2,75.73352344740178,2003,TimCouch2003
RichGannon,OAK,1188,1865,13221,87,34,89.67,92.65750670241287,2003,RichGannon2003
RickMirer,OAK,116,221,1267,3,5,64.8,64.80957767722474,2003,RickMirer2003
KyleBoller,BAL,116,224,1260,7,9,62.4,62.351190476190474,2003,KyleBoller2003
AnthonyWright,BAL,164,329,1965,14,16,55.03,62.430344478216824,2003,AnthonyWright2003
DougFlutie,SDG,517,919,6261,32,25,80.43,77.62286906057308,2003,DougFlutie2003
ChrisChandler,CHI,625,1049,7156,33,37,74.67,75.94733079122975,2003,ChrisChandler2003
JoshMcCown,ARI,95,166,1018,5,6,70.3,70.30622489959839,2003,JoshMcCown2003
TimHasselbeck,WAS,95,177,1012,5,7,63.6,63.57109227871941,2003,TimHasselbeck2003
TimRattay,SFO,73,118,856,7,2,96.6,96.57485875706216,2003,TimRattay2003
BrianGriese,MIA,856,1353,9542,62,44,84.05,85.91555801921656,2003,BrianGriese2003
TonyBanks,HOU,409,746,4657,23,21,74.97,72.3302055406613,2003,TonyBanks2003
GusFrerotte,MIN,250,430,3211,20,15,87.0,82.61627906976744,2003,GusFrerotte2003
MichaelVick,ATL,331,634,4306,22,14,71.1,76.25525762355416,2003,MichaelVick2003
BillyVolek,TEN,44,69,545,4,1,101.4,101.41908212560386,2003,BillyVolek2003
JessePalmer,NYG,60,116,532,3,4,58.5,58.54885057471265,2003,JessePalmer2003
MarkBrunell,JAX,899,1483,10221,58,34,85.88,84.80135985614746,2003,MarkBrunell2003
DannyKanell,DEN,110,219,966,4,10,49.35,49.38165905631659,2003,DannyKanell2003
RexGrossman,CHI,38,72,437,2,1,74.8,74.8263888888889,2003,RexGrossman2003
KurtKittner,ATL,44,114,391,2,6,32.5,32.45614035087719,2003,KurtKittner2003
SteveBeuerlein,DEN,425,713,5044,27,28,70.47,77.49240299205236,2003,SteveBeuerlein2003
KurtWarner,STL,792,1178,10055,61,52,85.0,92.54385964912281,2003,KurtWarner2003
MarquesTuiasosopo,OAK,25,45,324,0,3,50.6,50.601851851851855,2003,MarquesTuiasosopo2003
NeilODonnell,TEN,96,167,1258,6,6,83.37,78.38073852295409,2003,NeilODonnell2003
DaveRagone,HOU,20,40,135,0,1,47.4,47.39583333333333,2003,DaveRagone2003
JariousJackson,DEN,4,9,41,0,1,18.5,11.805555555555554,2003,JariousJackson2003
RodneyPeete,CAR,227,391,2649,15,14,62.65,76.56116794543904,2003,RodneyPeete2003
DaunteCulpepper,MIN,1539,2391,18598,129,74,92.78,93.22023560574377,2004,DaunteCulpepper2004
TrentGreen,KAN,1427,2312,18166,110,71,90.66,89.32021337946944,2004,TrentGreen2004
PeytonManning,IND,1807,2772,21568,164,77,97.54,96.9727032227032,2004,PeytonManning2004
JakePlummer,DEN,1350,2353,15842,91,82,77.4,76.31835245785523,2004,JakePlummer2004
BrettFavre,GNB,1647,2652,18840,141,85,88.1,87.80480140774259,2004,BrettFavre2004
MarcBulger,STL,795,1231,9635,57,42,92.2,89.73226374221501,2004,MarcBulger2004
JakeDelhomme,CAR,576,982,7105,48,31,83.95,84.24983027834352,2004,JakeDelhomme2004
DonovanMcNabb,PHI,1401,2370,15978,110,50,86.48,86.1163853727145,2004,DonovanMcNabb2004
AaronBrooks,NOR,1323,2340,16274,107,67,82.1,81.48860398860398,2004,AaronBrooks2004
TomBrady,NWE,1242,2015,13919,97,52,87.68,87.52377998345739,2004,TomBrady2004
VinnyTestaverde,DAL,1062,1807,11900,63,64,77.92,75.3631710016602,2004,VinnyTestaverde2004
DavidCarr,HOU,685,1205,8136,34,42,71.93,72.47060857538034,2004,DavidCarr2004
KerryCollins,OAK,1546,2655,18052,94,79,78.22,78.34196484620213,2004,KerryCollins2004
MattHasselbeck,SEA,1035,1727,12321,70,48,82.65,83.68196294151709,2004,MattHasselbeck2004
DrewBrees,SDG,787,1282,8551,55,38,83.07,82.9823192927717,2004,DrewBrees2004
JoeyHarrington,DET,798,1472,8221,48,50,67.1,67.24694293478262,2004,JoeyHarrington2004
ByronLeftwich,JAX,506,859,5760,29,26,77.6,77.75271633682577,2004,ByronLeftwich2004
DrewBledsoe,BUF,1257,2128,13842,74,58,77.64,78.64583333333334,2004,DrewBledsoe2004
CarsonPalmer,CIN,263,432,2897,18,18,77.3,77.28587962962962,2004,CarsonPalmer2004
ChadPennington,NYJ,706,1066,7932,51,27,92.7,93.67182614133833,2004,ChadPennington2004
BrianGriese,TAM,1089,1689,12174,82,56,86.74,88.21417998815868,2004,BrianGriese2004
BenRoethlisberger,PIT,196,295,2621,17,11,98.1,98.14265536723163,2004,BenRoethlisberger2004
KyleBoller,BAL,374,688,3819,20,20,66.65,68.08987403100775,2004,KyleBoller2004
JoshMcCown,ARI,328,574,3529,16,16,72.2,72.99651567944251,2004,JoshMcCown2004
BillyVolek,TEN,262,426,3031,22,11,94.25,89.43661971830986,2004,BillyVolek2004
MichaelVick,ATL,512,955,6619,36,26,72.85,76.86082024432811,2004,MichaelVick2004
TimRattay,SFO,271,443,3025,17,12,87.35,83.01824680210684,2004,TimRattay2004
KurtWarner,NYG,966,1455,12109,67,56,85.3,91.39891179839634,2004,KurtWarner2004
AJFeeley,MIA,277,510,2904,17,20,68.55,65.84150326797385,2004,AJFeeley2004
JeffGarcia,CLE,1368,2237,15595,112,54,86.96,88.7228058411563,2004,JeffGarcia2004
PatrickRamsey,WAS,465,836,5370,33,28,74.13,74.4019138755981,2004,PatrickRamsey2004
SteveMcNair,TEN,1192,1934,14142,90,56,86.18,87.35996208204068,2004,SteveMcNair2004
KenDorsey,SFO,123,226,1231,6,9,62.4,62.38938053097346,2004,KenDorsey2004
MarkBrunell,WAS,1017,1720,11415,65,40,81.48,81.91618217054263,2004,MarkBrunell2004
JayFiedler,MIA,936,1603,11040,66,63,75.9,76.78701393221044,2004,JayFiedler2004
EliManning,NYG,95,197,1043,6,9,55.4,55.44627749576988,2004,EliManning2004
ChadHutchinson,CHI,219,411,2458,11,11,69.95,69.17579075425792,2004,ChadHutchinson2004
KellyHolcomb,CLE,316,495,3324,25,21,88.1,82.42003367003367,2004,KellyHolcomb2004
CraigKrenzel,CHI,59,127,718,3,6,52.5,52.54265091863517,2004,CraigKrenzel2004
BradJohnson,TAM,1268,2048,13445,75,56,81.46,81.84611002604166,2004,BradJohnson2004
JonKitna,CIN,1251,2096,13266,77,76,75.82,75.32999363867687,2004,JonKitna2004
LukeMcCown,CLE,48,98,608,4,7,52.6,52.593537414965986,2004,LukeMcCown2004
RexGrossman,CHI,85,156,1044,3,4,71.35,71.10042735042734,2004,RexGrossman2004
RichGannon,OAK,1229,1933,13745,90,36,89.12,92.45451802034835,2004,RichGannon2004
ShaunKing,ARI,290,539,3351,19,18,54.5,70.65940012368584,2004,ShaunKing2004
QuincyCarter,NYJ,542,960,6337,32,37,76.23,71.68836805555556,2004,QuincyCarter2004
ChrisSimms,TAM,42,73,467,1,3,64.1,64.12671232876713,2004,ChrisSimms2004
ChrisChandler,STL,660,1111,7619,35,45,70.02,73.78675367536754,2004,ChrisChandler2004
JonathanQuinn,CHI,83,159,774,2,4,61.4,59.57809224318659,2004,JonathanQuinn2004
DavidGarrard,JAX,61,118,605,3,3,62.5,64.40677966101694,2004,DavidGarrard2004
TrentDilfer,SEA,326,574,4031,24,24,71.45,75.18873403019745,2004,TrentDilfer2004
MattSchaub,ATL,33,70,330,1,4,42.0,41.96428571428572,2004,MattSchaub2004
TommyMaddox,PIT,562,956,6579,39,35,72.93,78.09013249651325,2004,TommyMaddox2004
DougFlutie,SDG,537,957,6537,33,25,81.58,77.91492511320098,2004,DougFlutie2004
SageRosenfels,MIA,16,39,264,1,3,41.0,40.972222222222214,2004,SageRosenfels2004
KoyDetmer,PHI,37,68,431,2,2,78.05,71.38480392156863,2004,KoyDetmer2004
JohnNavarre,ARI,18,40,168,1,4,25.8,23.750000000000004,2004,JohnNavarre2004
DrewHenson,DAL,10,18,78,1,1,61.8,61.80555555555556,2004,DrewHenson2004
TomBrady,NWE,1576,2545,18029,123,66,88.6,88.50933202357565,2005,TomBrady2005
TrentGreen,KAN,1744,2819,22180,127,81,90.57,89.46656615821213,2005,TrentGreen2005
BrettFavre,GNB,2019,3259,22721,161,114,85.23,84.65083870307866,2005,BrettFavre2005
CarsonPalmer,CIN,608,941,6733,50,30,89.2,90.16781792419411,2005,CarsonPalmer2005
EliManning,NYG,389,754,4805,30,26,65.65,70.5238726790451,2005,EliManning2005
KerryCollins,OAK,1848,3220,21811,114,91,78.07,78.15864389233954,2005,KerryCollins2005
PeytonManning,IND,2112,3225,25315,192,87,98.63,97.96834625322998,2005,PeytonManning2005
DrewBledsoe,DAL,1557,2627,17481,97,75,78.65,79.61315188427864,2005,DrewBledsoe2005
DrewBrees,SDG,1110,1782,12127,79,53,84.6,84.7315750093528,2005,DrewBrees2005
MattHasselbeck,SEA,1329,2176,15780,94,57,85.76,86.68045343137256,2005,MattHasselbeck2005
JakeDelhomme,CAR,838,1417,10526,72,47,85.33,85.43430957421783,2005,JakeDelhomme2005
JakePlummer,DEN,1627,2809,19208,109,89,79.53,78.57556069775721,2005,JakePlummer2005
SteveMcNair,TEN,1484,2410,17303,106,67,85.55,86.39004149377594,2005,SteveMcNair2005
MarkBrunell,WAS,1279,2174,14465,88,50,82.22,82.74302361238884,2005,MarkBrunell2005
GusFrerotte,MIA,507,924,6207,38,28,83.98,76.88041125541125,2005,GusFrerotte2005
AaronBrooks,NOR,1563,2771,19156,120,84,80.08,79.69670997233248,2005,AaronBrooks2005
KurtWarner,ARI,1208,1830,14822,78,65,85.38,90.24817850637523,2005,KurtWarner2005
DonovanMcNabb,PHI,1612,2727,18485,126,59,86.23,85.97436132502139,2005,DonovanMcNabb2005
DavidCarr,HOU,941,1628,10624,48,53,73.25,73.70495495495496,2005,DavidCarr2005
MichaelVick,ATL,726,1342,9031,51,39,72.9,75.76378539493294,2005,MichaelVick2005
BenRoethlisberger,PIT,364,563,5006,34,20,98.35,98.33851391355833,2005,BenRoethlisberger2005
TrentDilfer,CLE,525,907,6352,35,36,72.54,75.82460492466006,2005,TrentDilfer2005
MarcBulger,STL,987,1518,11932,71,51,92.75,90.60990338164251,2005,MarcBulger2005
ByronLeftwich,JAX,681,1161,7883,44,31,81.5,80.76191501579099,2005,ByronLeftwich2005
ChrisSimms,TAM,233,386,2502,11,10,72.75,78.09801381692574,2005,ChrisSimms2005
JoeyHarrington,DET,986,1802,10242,60,62,68.33,68.12569367369589,2005,JoeyHarrington2005
BradJohnson,MIN,1452,2342,15330,87,60,82.7,82.73021633931114,2005,BradJohnson2005
KyleOrton,CHI,190,368,1869,9,13,59.7,59.70335144927535,2005,KyleOrton2005
JoshMcCown,ARI,491,844,5365,25,27,73.1,73.59300947867298,2005,JoshMcCown2005
KyleBoller,BAL,545,981,5618,31,32,68.37,69.18323139653415,2005,KyleBoller2005
AnthonyWright,BAL,328,595,3547,20,25,59.2,66.55812324929973,2005,AnthonyWright2005
DaunteCulpepper,MIN,1678,2607,20162,135,86,89.32,91.46129011635341,2005,DaunteCulpepper2005
BrooksBollinger,NYJ,150,266,1558,7,6,72.9,72.85401002506265,2005,BrooksBollinger2005
KellyHolcomb,BUF,471,725,4833,35,29,87.47,83.42241379310344,2005,KellyHolcomb2005
JPLosman,BUF,113,228,1340,8,8,64.9,64.94883040935672,2005,JPLosman2005
JamieMartin,STL,248,372,2493,12,17,77.6,77.27374551971326,2005,JamieMartin2005
MikeMcMahon,PHI,209,469,2703,15,18,59.17,57.902452025586356,2005,MikeMcMahon2005
BrianGriese,TAM,1201,1863,13310,89,63,85.55,87.4071837538021,2005,BrianGriese2005
DavidGarrard,JAX,159,286,1722,7,4,69.63,75.83041958041959,2005,DavidGarrard2005
CharlieFrye,CLE,98,164,1002,4,5,72.8,72.76422764227641,2005,CharlieFrye2005
JeffGarcia,DET,1470,2410,16532,115,60,83.32,87.02800829875518,2005,JeffGarcia2005
AlexSmith,SFO,84,165,875,1,11,40.8,40.845959595959584,2005,AlexSmith2005
RyanFitzpatrick,STL,76,135,777,4,8,58.2,58.16358024691358,2005,RyanFitzpatrick2005
VinnyTestaverde,NYJ,1122,1913,12677,64,70,74.83,74.47617180693501,2005,VinnyTestaverde2005
ToddBouman,NOR,119,211,1517,10,11,76.5,73.11413902053712,2005,ToddBouman2005
TimRattay,SFO,327,540,3692,22,18,81.67,80.7253086419753,2005,TimRattay2005
ChadPennington,NYJ,755,1149,8462,53,30,87.25,92.02386132869161,2005,ChadPennington2005
MattSchaub,ATL,66,134,825,5,4,70.05,68.7810945273632,2005,MattSchaub2005
KenDorsey,SFO,171,316,1712,8,11,64.65,63.6867088607595,2005,KenDorsey2005
BillyVolek,TEN,312,514,3505,26,13,88.7,87.40272373540856,2005,BillyVolek2005
SageRosenfels,MIA,50,100,726,5,6,61.25,65.66666666666666,2005,SageRosenfels2005
TommyMaddox,PIT,596,1027,6985,41,39,67.62,76.26785134696527,2005,TommyMaddox2005
PatrickRamsey,WAS,480,861,5649,34,29,79.4,75.00725900116144,2005,PatrickRamsey2005
RexGrossman,CHI,105,195,1303,4,6,67.47,68.81410256410257,2005,RexGrossman2005
CharlieBatch,PIT,442,789,5127,26,28,75.2,72.04002957329955,2005,CharlieBatch2005
CodyPickett,SFO,14,35,140,0,2,28.3,28.27380952380953,2005,CodyPickett2005
MattMauck,TEN,15,27,136,0,1,53.9,53.9351851851852,2005,MattMauck2005
MarquesTuiasosopo,OAK,39,71,448,1,5,49.1,49.501173708920184,2005,MarquesTuiasosopo2005
DrewBrees,NOR,1466,2336,16545,105,64,86.92,87.45897545662102,2006,DrewBrees2006
PeytonManning,IND,2474,3782,29712,223,96,98.97,98.40802926141372,2006,PeytonManning2006
MarcBulger,STL,1357,2106,16233,95,59,92.78,91.2591009813232,2006,MarcBulger2006
JonKitna,DET,1623,2692,17474,98,98,76.5,76.3372956909361,2006,JonKitna2006
CarsonPalmer,CIN,932,1461,10768,78,43,90.77,91.4855692448095,2006,CarsonPalmer2006
BrettFavre,GNB,2362,3872,26606,179,132,83.44,82.75439049586777,2006,BrettFavre2006
TomBrady,NWE,1895,3061,21558,147,78,88.48,88.40860829794185,2006,TomBrady2006
BenRoethlisberger,PIT,644,1032,8519,52,43,90.7,87.9158591731266,2006,BenRoethlisberger2006
PhilipRivers,SDG,284,460,3388,22,9,92.0,92.01086956521736,2006,PhilipRivers2006
ChadPennington,NYJ,1068,1634,11814,70,46,86.32,89.22633618931047,2006,ChadPennington2006
EliManning,NYG,690,1276,8049,54,44,69.43,73.16810344827587,2006,EliManning2006
RexGrossman,CHI,367,675,4496,27,26,69.07,72.42901234567901,2006,RexGrossman2006
JPLosman,BUF,381,657,4391,27,22,74.9,78.0029173008625,2006,JPLosman2006
SteveMcNair,BAL,1779,2878,20353,122,79,85.11,85.75399583043782,2006,SteveMcNair2006
TonyRomo,DAL,220,337,2903,19,13,95.1,95.09767556874382,2006,TonyRomo2006
AlexSmith,SFO,341,607,3765,17,27,57.8,65.54434376716091,2006,AlexSmith2006
JakeDelhomme,CAR,1101,1848,13331,89,58,84.65,84.76506132756131,2006,JakeDelhomme2006
DavidCarr,HOU,1243,2070,13391,59,65,75.02,75.4951690821256,2006,DavidCarr2006
BradJohnson,MIN,1722,2781,18080,96,75,81.17,81.04174157976746,2006,BradJohnson2006
DonovanMcNabb,PHI,1792,3043,21132,144,65,87.56,86.96667214371782,2006,DonovanMcNabb2006
MattLeinart,ARI,214,377,2547,11,12,74.0,73.9997789566755,2006,MattLeinart2006
MichaelVick,ATL,930,1730,11505,71,52,73.37,75.7466281310212,2006,MichaelVick2006
CharlieFrye,CLE,350,557,3456,14,22,72.4,72.22097546379413,2006,CharlieFrye2006
MattHasselbeck,SEA,1539,2547,18222,112,72,84.13,85.12547441434366,2006,MattHasselbeck2006
JoeyHarrington,MIA,1209,2190,12478,72,77,68.3,68.13736681887367,2006,JoeyHarrington2006
VinceYoung,TEN,184,357,2199,12,13,66.7,66.73085901027078,2006,VinceYoung2006
JakePlummer,DEN,1802,3126,21202,120,102,78.0,77.58184047771381,2006,JakePlummer2006
DamonHuard,KAN,187,307,2196,12,4,79.1,90.2483713355049,2006,DamonHuard2006
MarkBrunell,WAS,1441,2434,16254,96,54,82.83,83.14674061900847,2006,MarkBrunell2006
DavidGarrard,JAX,304,527,3457,17,13,72.35,77.96094244149273,2006,DavidGarrard2006
AndrewWalter,OAK,147,276,1677,3,13,55.8,55.78200483091788,2006,AndrewWalter2006
BruceGradkowski,TAM,177,328,1661,9,9,65.9,65.8663617886179,2006,BruceGradkowski2006
KurtWarner,ARI,1316,1998,16199,84,70,85.94,90.16933600266933,2006,KurtWarner2006
TrentGreen,KAN,1865,3017,23522,134,90,88.21,88.45776709755827,2006,TrentGreen2006
JeffGarcia,PHI,1586,2598,17841,125,62,85.1,87.66358737490378,2006,JeffGarcia2006
JasonCampbell,WAS,110,207,1297,10,6,76.5,76.49959742351045,2006,JasonCampbell2006
DrewBledsoe,DAL,1647,2796,18645,104,83,77.3,78.98634954697187,2006,DrewBledsoe2006
ByronLeftwich,JAX,789,1344,9042,51,36,80.88,80.52455357142856,2006,ByronLeftwich2006
AaronBrooks,OAK,1673,2963,20261,123,92,77.46,78.52753403082461,2006,AaronBrooks2006
JayCutler,DEN,81,137,1001,9,5,88.5,88.48844282238444,2006,JayCutler2006
DaunteCulpepper,MIA,1759,2741,21091,137,89,87.56,90.7538307187158,2006,DaunteCulpepper2006
SenecaWallace,SEA,82,141,927,8,7,76.2,76.16725768321511,2006,SenecaWallace2006
DerekAnderson,CLE,66,117,793,5,8,63.1,63.087606837606835,2006,DerekAnderson2006
TimRattay,TAM,388,641,4440,26,20,83.3,81.90652626105044,2006,TimRattay2006
ChrisWeinke,CAR,366,674,3736,13,26,51.87,60.7875865479723,2006,ChrisWeinke2006
ChrisSimms,TAM,291,492,3087,12,17,63.93,71.24830623306234,2006,ChrisSimms2006
KerryCollins,TEN,1890,3310,22360,115,97,72.96,77.18403826787514,2006,KerryCollins2006
CharlieBatch,PIT,473,842,5619,31,28,86.65,75.1187648456057,2006,CharlieBatch2006
TarvarisJackson,MIN,47,81,475,2,4,62.5,62.525720164609055,2006,TarvarisJackson2006
CleoLemon,MIA,38,68,412,2,1,77.6,77.57352941176471,2006,CleoLemon2006
TomBrady,NWE,2293,3639,26364,197,86,92.59,92.97826783914994,2007,TomBrady2007
DrewBrees,NOR,1906,2988,20968,133,82,87.33,87.88208389112003,2007,DrewBrees2007
TonyRomo,DAL,555,857,7114,55,32,96.25,96.47267600155581,2007,TonyRomo2007
BrettFavre,GNB,2718,4407,30761,207,147,84.98,84.32087209742078,2007,BrettFavre2007
CarsonPalmer,CIN,1305,2036,14899,104,63,89.75,90.12156188605108,2007,CarsonPalmer2007
JonKitna,DET,1978,3253,21542,116,118,77.13,77.11919766369505,2007,JonKitna2007
PeytonManning,IND,2811,4297,33752,254,110,98.85,98.36368396555739,2007,PeytonManning2007
MattHasselbeck,SEA,1891,3109,22188,140,84,85.17,86.25830920982095,2007,MattHasselbeck2007
DerekAnderson,CLE,364,644,4580,34,27,72.8,78.94668737060042,2007,DerekAnderson2007
JayCutler,DEN,378,604,4498,29,19,88.3,88.16225165562913,2007,JayCutler2007
KurtWarner,ARI,1597,2449,19616,111,87,86.42,90.1056553695386,2007,KurtWarner2007
EliManning,NYG,987,1805,11385,77,64,70.55,73.37834718374884,2007,EliManning2007
DonovanMcNabb,PHI,2083,3516,24456,163,72,87.85,87.35542282897232,2007,DonovanMcNabb2007
BenRoethlisberger,PIT,908,1436,11673,84,54,94.05,92.4762070566388,2007,BenRoethlisberger2007
PhilipRivers,SDG,561,920,6540,43,24,87.2,87.22826086956522,2007,PhilipRivers2007
JasonCampbell,WAS,360,624,3997,22,17,77.05,77.25026709401709,2007,JasonCampbell2007
VinceYoung,TEN,422,739,4745,21,30,68.9,68.98116824537665,2007,VinceYoung2007
DavidGarrard,JAX,512,852,5966,35,16,78.32,87.20657276995306,2007,DavidGarrard2007
JeffGarcia,TAM,1795,2925,20281,138,66,86.29,88.4380341880342,2007,JeffGarcia2007
MarcBulger,STL,1578,2484,18625,106,74,89.03,88.07534889962426,2007,MarcBulger2007
DamonHuard,KAN,393,639,4453,23,17,78.33,83.28442879499217,2007,DamonHuard2007
MattSchaub,HOU,258,423,3066,14,13,75.77,81.33865248226951,2007,MattSchaub2007
JoeyHarrington,ATL,1424,2538,14693,79,85,69.78,69.38205936432887,2007,JoeyHarrington2007
TarvarisJackson,MIN,218,375,2386,11,16,66.65,69.0388888888889,2007,TarvarisJackson2007
BrianGriese,CHI,1362,2125,15113,99,75,84.13,85.95196078431373,2007,BrianGriese2007
CleoLemon,MIA,211,377,2185,8,7,74.3,72.20932802829356,2007,CleoLemon2007
ChadPennington,NYJ,1247,1894,13579,80,55,86.28,88.8023583245336,2007,ChadPennington2007
KyleBoller,BAL,713,1256,7361,40,42,70.08,70.49164012738855,2007,KyleBoller2007
SageRosenfels,HOU,204,340,2410,20,18,69.1,79.16666666666666,2007,SageRosenfels2007
TrentEdwards,BUF,151,269,1630,7,8,70.4,70.39188351920694,2007,TrentEdwards2007
KellenClemens,NYJ,130,250,1529,5,10,60.9,60.9,2007,KellenClemens2007
RexGrossman,CHI,489,900,5907,31,33,68.54,70.91203703703704,2007,RexGrossman2007
DaunteCulpepper,OAK,1867,2927,22422,142,94,86.36,89.94633299168659,2007,DaunteCulpepper2007
BrodieCroyle,KAN,127,224,1227,6,6,69.9,69.921875,2007,BrodieCroyle2007
JPLosman,BUF,492,832,5595,31,28,75.57,77.77944711538461,2007,JPLosman2007
TrentDilfer,SFO,638,1126,7518,42,48,69.63,71.7917406749556,2007,TrentDilfer2007
JoshMcCown,OAK,602,1034,6516,35,38,72.17,72.82801418439716,2007,JoshMcCown2007
SteveMcNair,BAL,1912,3083,21466,124,83,83.71,84.96526651529895,2007,SteveMcNair2007
ChrisRedman,ATL,186,331,2113,17,8,83.25,82.55916414904331,2007,ChrisRedman2007
GusFrerotte,STL,601,1091,7221,45,40,79.7,74.03948976474183,2007,GusFrerotte2007
LukeMcCown,TAM,142,237,1617,9,10,72.15,75.51863572433192,2007,LukeMcCown2007
TrentGreen,MIA,1950,3158,24509,139,97,86.26,87.75068608824151,2007,TrentGreen2007
QuinnGray,JAX,80,144,986,10,5,85.6,85.59027777777779,2007,QuinnGray2007
VinnyTestaverde,CAR,1216,2085,13629,69,76,73.54,73.76398880895283,2007,VinnyTestaverde2007
AlexSmith,SFO,435,800,4679,19,31,57.6,63.536458333333336,2007,AlexSmith2007
ToddCollins,WAS,67,105,888,5,0,106.4,106.36904761904762,2007,ToddCollins2007
MattMoore,CAR,63,111,730,3,5,67.0,67.02327327327326,2007,MattMoore2007
AJFeeley,PHI,336,613,3585,22,28,66.1,65.05913539967374,2007,AJFeeley2007
MattLeinart,ARI,274,489,3194,13,16,67.95,71.22102931152011,2007,MattLeinart2007
DavidCarr,CAR,1316,2206,14026,62,70,72.23,74.4352523420973,2007,DavidCarr2007
JakeDelhomme,CAR,1156,1934,13955,97,59,90.08,85.96604619096864,2007,JakeDelhomme2007
JohnBeck,MIA,60,107,559,1,3,62.0,62.0132398753894,2007,JohnBeck2007
KerryCollins,TEN,1940,3392,22891,115,97,73.83,77.24916470125788,2007,KerryCollins2007
KellyHolcomb,MIN,513,808,5348,37,30,84.6,82.36386138613861,2007,KellyHolcomb2007
ShaunHill,SFO,54,79,501,5,1,101.3,101.29219409282702,2007,ShaunHill2007
KyleOrton,CHI,233,448,2347,12,15,66.8,62.23028273809524,2007,KyleOrton2007
TroySmith,BAL,40,76,452,2,0,79.5,79.49561403508773,2007,TroySmith2007
BrooksBollinger,MIN,183,316,1949,8,7,80.45,75.25052742616035,2007,BrooksBollinger2007
JaMarcusRussell,OAK,36,66,373,2,4,55.9,55.93434343434344,2007,JaMarcusRussell2007
ByronLeftwich,ATL,821,1402,9321,52,38,76.6,79.6540656205421,2007,ByronLeftwich2007
CharlieBatch,PIT,490,878,5851,33,31,79.74,74.17425968109339,2007,CharlieBatch2007
BrockBerlin,STL,17,28,153,0,1,60.6,60.5654761904762,2007,BrockBerlin2007
ChrisWeinke,SFO,379,696,3840,14,26,60.45,61.59003831417624,2007,ChrisWeinke2007
CharlieFrye,CLE,354,567,3490,14,23,51.6,71.086860670194,2007,CharlieFrye2007
DrewBrees,NOR,2319,3623,26037,167,99,88.6,89.34642101389271,2008,DrewBrees2008
KurtWarner,ARI,1998,3047,24199,141,101,87.59,91.4321463734821,2008,KurtWarner2008
JayCutler,DEN,762,1220,9024,54,37,87.53,87.06967213114754,2008,JayCutler2008
AaronRodgers,GNB,341,536,4038,28,13,93.8,93.79664179104475,2008,AaronRodgers2008
PhilipRivers,SDG,873,1398,10549,77,35,93.3,93.49070100143061,2008,PhilipRivers2008
PeytonManning,IND,3182,4852,37754,281,122,98.42,97.98364935421819,2008,PeytonManning2008
DonovanMcNabb,PHI,2428,4087,28372,186,83,87.69,87.22320773183263,2008,DonovanMcNabb2008
MattCassel,NWE,327,516,3693,21,11,89.4,89.39760981912144,2008,MattCassel2008
ChadPennington,MIA,1568,2370,17232,99,62,87.87,90.53621659634318,2008,ChadPennington2008
DavidGarrard,JAX,847,1387,9586,50,29,78.88,85.07420091324201,2008,DavidGarrard2008
BrettFavre,NYJ,3061,4929,34233,229,169,84.53,83.97367620206938,2008,BrettFavre2008
TonyRomo,DAL,831,1307,10562,81,46,94.63,94.73189237439429,2008,TonyRomo2008
MattRyan,ATL,265,434,3440,16,11,87.7,87.72081413210445,2008,MattRyan2008
BenRoethlisberger,PIT,1189,1905,14974,101,69,91.26,89.42804024496938,2008,BenRoethlisberger2008
JakeDelhomme,CAR,1402,2348,17243,112,71,89.18,85.74141113003975,2008,JakeDelhomme2008
JasonCampbell,WAS,675,1130,7242,35,23,79.47,80.40929203539822,2008,JasonCampbell2008
EliManning,NYG,1276,2284,14623,98,74,73.72,76.11828663164039,2008,EliManning2008
MattSchaub,HOU,509,803,6109,29,23,80.0,86.70869655458696,2008,MattSchaub2008
KyleOrton,CHI,505,913,5319,30,27,71.07,71.08205549470611,2008,KyleOrton2008
JoeFlacco,BAL,257,428,2971,14,12,80.3,80.26674454828661,2008,JoeFlacco2008
MarcBulger,STL,1829,2924,21345,117,87,86.51,85.56629046967626,2008,MarcBulger2008
JeffGarcia,TAM,2039,3301,22993,150,72,86.72,88.63917499747552,2008,JeffGarcia2008
TrentEdwards,BUF,396,643,4329,18,18,77.9,79.12454639709694,2008,TrentEdwards2008
KerryCollins,TEN,2182,3807,25567,127,104,74.53,77.56599684791175,2008,KerryCollins2008
TylerThigpen,KAN,230,420,2608,18,12,76.0,75.97222222222223,2008,TylerThigpen2008
JaMarcusRussell,OAK,234,434,2796,15,12,66.5,73.85752688172043,2008,JaMarcusRussell2008
GusFrerotte,MIN,779,1392,9378,57,55,78.84,73.97629310344827,2008,GusFrerotte2008
ShaunHill,SFO,235,367,2547,18,9,94.4,90.49159854677566,2008,ShaunHill2008
RyanFitzpatrick,CIN,297,507,2682,12,17,64.1,66.85979618671925,2008,RyanFitzpatrick2008
JTOSullivan,SFO,128,220,1678,8,11,73.6,73.63636363636363,2008,JTOSullivan2008
DanOrlovsky,DET,143,255,1616,8,8,72.6,72.60620915032679,2008,DanOrlovsky2008
DerekAnderson,CLE,506,927,6195,43,35,70.7,75.14608054656598,2008,DerekAnderson2008
SenecaWallace,SEA,223,383,2459,19,10,81.6,83.01240208877286,2008,SenecaWallace2008
SageRosenfels,HOU,320,514,3841,26,28,71.7,79.2639429312581,2008,SageRosenfels2008
MattHasselbeck,SEA,2000,3318,23404,145,94,81.75,84.46729957805907,2008,MattHasselbeck2008
BrianGriese,TAM,1472,2309,16186,104,82,82.29,84.63349935036813,2008,BrianGriese2008
TarvarisJackson,MIN,306,524,3442,20,18,76.23,76.5267175572519,2008,TarvarisJackson2008
DaunteCulpepper,DET,1927,3042,23208,146,100,83.87,88.96148367302213,2008,DaunteCulpepper2008
JonKitna,DET,2046,3373,22300,121,123,76.51,76.94250914121949,2008,JonKitna2008
CarsonPalmer,CIN,1380,2165,15630,107,67,85.6,88.86162432640494,2008,CarsonPalmer2008
JPLosman,BUF,555,936,6179,33,33,72.25,76.06392450142451,2008,JPLosman2008
TrentGreen,STL,1988,3230,25034,139,103,81.31,86.72471620227039,2008,TrentGreen2008
BradyQuinn,CLE,45,89,518,2,2,66.6,66.59644194756554,2008,BradyQuinn2008
DamonHuard,KAN,443,720,4930,25,21,75.17,81.30787037037038,2008,DamonHuard2008
BradJohnson,DAL,1763,2859,18507,98,80,77.34,80.20942637285765,2008,BradJohnson2008
KenDorsey,CLE,214,407,2082,8,18,51.9,55.3388615888616,2008,KenDorsey2008
RexGrossman,CHI,521,962,6164,33,35,67.07,70.18797643797643,2008,RexGrossman2008
VinceYoung,TEN,444,775,4964,22,32,67.43,68.7715053763441,2008,VinceYoung2008
AndrewWalter,OAK,169,325,1881,3,16,43.55,52.09615384615385,2008,AndrewWalter2008
BrodieCroyle,KAN,147,253,1378,6,6,75.55,71.2203557312253,2008,BrodieCroyle2008
CharlieFrye,SEA,366,590,3573,16,25,52.05,70.3954802259887,2008,CharlieFrye2008
TomBrady,NWE,2300,3650,26440,197,86,91.5,92.95091324200912,2008,TomBrady2008
BruceGradkowski,CLE,184,349,1687,9,12,34.35,60.42860553963706,2008,BruceGradkowski2008
MattSchaub,HOU,905,1386,10879,58,38,83.72,91.72679172679172,2009,MattSchaub2009
PeytonManning,IND,3575,5423,42254,314,138,98.57,98.18174134857705,2009,PeytonManning2009
TonyRomo,DAL,1178,1857,15045,107,55,95.38,95.56969125830192,2009,TonyRomo2009
AaronRodgers,GNB,691,1077,8472,58,20,98.5,98.53953884246364,2009,AaronRodgers2009
TomBrady,NWE,2671,4215,30838,225,99,92.02,93.38226571767497,2009,TomBrady2009
DrewBrees,NOR,2682,4137,30425,201,110,91.23,91.86759729272418,2009,DrewBrees2009
BenRoethlisberger,PIT,1526,2411,19302,127,81,92.8,91.74529932254941,2009,BenRoethlisberger2009
PhilipRivers,SDG,1190,1884,14803,105,44,96.07,96.30440552016985,2009,PhilipRivers2009
BrettFavre,MIN,3424,5460,38435,262,176,86.8,86.23702686202685,2009,BrettFavre2009
EliManning,NYG,1593,2793,18644,125,88,76.95,79.21664279746987,2009,EliManning2009
KyleOrton,DEN,841,1454,9121,51,39,75.0,76.93718477762494,2009,KyleOrton2009
KurtWarner,ARI,2337,3560,27952,167,115,88.15,91.68071161048688,2009,KurtWarner2009
JayCutler,CHI,1098,1775,12690,81,63,84.85,83.84389671361502,2009,JayCutler2009
JasonCampbell,WAS,1002,1637,10860,55,38,81.2,82.26048666259416,2009,JasonCampbell2009
JoeFlacco,BAL,572,927,6584,35,24,84.6,84.8952714850773,2009,JoeFlacco2009
DavidGarrard,JAX,1161,1903,13183,65,39,79.54,84.63500613067087,2009,DavidGarrard2009
DonovanMcNabb,PHI,2695,4530,31925,208,93,88.21,87.77593818984548,2009,DonovanMcNabb2009
CarsonPalmer,CIN,1662,2631,18724,128,80,85.27,87.92521854808058,2009,CarsonPalmer2009
MattHasselbeck,SEA,2293,3806,26433,162,111,81.01,83.26326852338414,2009,MattHasselbeck2009
MattCassel,KAN,598,1009,6617,37,27,79.65,79.87074661380905,2009,MattCassel2009
MattRyan,ATL,528,885,6356,38,25,84.3,84.26789077212806,2009,MattRyan2009
ChadHenne,MIA,274,451,2878,12,14,75.2,75.23558758314857,2009,ChadHenne2009
MarkSanchez,NYJ,196,364,2444,12,20,63.0,63.026556776556774,2009,MarkSanchez2009
AlexSmith,SFO,660,1172,7029,37,43,63.58,69.23705915813426,2009,AlexSmith2009
MatthewStafford,DET,201,377,2267,13,20,61.0,60.95822281167108,2009,MatthewStafford2009
JakeDelhomme,CAR,1580,2669,19258,120,89,84.93,82.57228050455852,2009,JakeDelhomme2009
VinceYoung,TEN,596,1034,6843,32,39,71.28,72.29206963249517,2009,VinceYoung2009
JoshFreeman,TAM,158,290,1855,10,18,59.8,59.77011494252874,2009,JoshFreeman2009
MarcBulger,STL,1969,3171,22814,122,93,84.54,84.4101492694208,2009,MarcBulger2009
RyanFitzpatrick,BUF,424,734,4104,21,27,65.97,67.72820163487738,2009,RyanFitzpatrick2009
BradyQuinn,CLE,181,345,1857,10,9,66.9,67.02294685990339,2009,BradyQuinn2009
JaMarcusRussell,OAK,354,680,4083,18,23,61.0,65.21446078431373,2009,JaMarcusRussell2009
KerryCollins,TEN,2301,4023,26792,133,112,73.63,76.915548098434,2009,KerryCollins2009
TrentEdwards,BUF,506,826,5498,24,25,76.53,77.94087974172719,2009,TrentEdwards2009
MattMoore,CAR,148,249,1783,11,7,82.75,84.4628514056225,2009,MattMoore2009
BruceGradkowski,OAK,266,499,2694,15,15,49.77,66.49549098196394,2009,BruceGradkowski2009
DaunteCulpepper,DET,2016,3199,24153,149,106,81.96,87.77808169219549,2009,DaunteCulpepper2009
ShaunHill,SFO,322,522,3490,23,11,89.47,87.25255427841634,2009,ShaunHill2009
KyleBoller,STL,811,1432,8260,43,48,68.3,69.3552141527002,2009,KyleBoller2009
DerekAnderson,CLE,587,1109,7083,46,45,63.55,69.72309888788698,2009,DerekAnderson2009
ChrisRedman,ATL,255,450,2894,21,11,81.63,81.47222222222223,2009,ChrisRedman2009
KevinKolb,PHI,62,96,741,4,3,88.9,88.93229166666666,2009,KevinKolb2009
SenecaWallace,SEA,301,503,3159,22,12,81.7,82.75762094102053,2009,SenecaWallace2009
JoshJohnson,TAM,63,125,685,4,8,50.9,50.916666666666664,2009,JoshJohnson2009
ByronLeftwich,TAM,879,1509,9915,56,41,75.7,79.05207643030705,2009,ByronLeftwich2009
CharlieFrye,OAK,419,677,4154,17,29,54.7,69.74704579025111,2009,CharlieFrye2009
KeithNull,STL,73,119,566,3,9,49.9,49.9124649859944,2009,KeithNull2009
MattLeinart,ARI,325,566,3629,13,19,66.83,70.31802120141343,2009,MattLeinart2009
ChadPennington,MIA,1619,2444,17645,100,64,86.39,90.09649481723949,2009,ChadPennington2009
DrewStanton,DET,26,51,259,0,6,26.1,16.70751633986928,2009,DrewStanton2009
BrodieCroyle,KAN,170,293,1608,8,6,80.57,73.86945392491468,2009,BrodieCroyle2009
BrianBrohm,BUF,17,29,146,0,2,43.2,43.17528735632184,2009,BrianBrohm2009
DennisDixon,PIT,12,26,145,1,1,60.6,60.57692307692307,2009,DennisDixon2009
KellenClemens,NYJ,143,276,1654,5,10,62.35,61.171497584541065,2009,KellenClemens2009
MarkBrunell,NOR,1456,2464,16356,96,55,77.97,82.67045454545455,2009,MarkBrunell2009
ChrisSimms,DEN,296,509,3110,12,18,51.73,69.1265553372626,2009,ChrisSimms2009
PhilipRivers,SDG,1547,2425,19513,135,57,97.22,97.53522336769761,2010,PhilipRivers2010
PeytonManning,IND,4025,6102,46954,347,155,97.96,97.48511417021743,2010,PeytonManning2010
DrewBrees,NOR,3130,4795,35045,234,132,91.19,91.72966631908238,2010,DrewBrees2010
MattSchaub,HOU,1270,1960,15249,82,50,85.1,91.81335034013605,2010,MattSchaub2010
EliManning,NYG,1932,3332,22646,156,113,78.14,80.19707883153262,2010,EliManning2010
CarsonPalmer,CIN,2024,3217,22694,154,100,84.86,86.91133043207957,2010,CarsonPalmer2010
AaronRodgers,GNB,1003,1552,12394,86,31,99.4,99.36103951890036,2010,AaronRodgers2010
TomBrady,NWE,2995,4707,34738,261,103,93.92,95.22298349975215,2010,TomBrady2010
MattRyan,ATL,885,1456,10061,66,34,86.53,86.90762362637363,2010,MattRyan2010
KyleOrton,DEN,1134,1952,12774,71,48,77.5,79.64053961748633,2010,KyleOrton2010
JoeFlacco,BAL,878,1416,10206,60,34,87.6,87.90607344632768,2010,JoeFlacco2010
SamBradford,STL,354,590,3512,18,15,76.5,76.46186440677965,2010,SamBradford2010
JoshFreeman,TAM,449,764,5306,35,24,77.85,82.17713787085515,2010,JoshFreeman2010
DonovanMcNabb,WAS,2970,5002,35302,222,108,87.2,86.76779288284685,2010,DonovanMcNabb2010
ChadHenne,MIA,575,941,6179,27,33,75.3,75.3165958200496,2010,ChadHenne2010
MarkSanchez,NYJ,474,871,5735,29,33,69.15,70.18034825870649,2010,MarkSanchez2010
JayCutler,CHI,1359,2207,15964,104,79,85.14,84.32921764083976,2010,JayCutler2010
BenRoethlisberger,PIT,1766,2800,22502,144,86,93.4,92.47321428571428,2010,BenRoethlisberger2010
MattCassel,KAN,860,1459,9733,64,34,84.1,83.91164039296322,2010,MattCassel2010
MichaelVick,PHI,1163,2102,14523,92,58,77.2,80.07056771328894,2010,MichaelVick2010
MattHasselbeck,SEA,2559,4250,29434,174,128,80.23,82.21470588235293,2010,MattHasselbeck2010
RyanFitzpatrick,BUF,679,1175,7104,44,42,69.92,73.01950354609929,2010,RyanFitzpatrick2010
DavidGarrard,JAX,1397,2269,15917,88,54,80.95,85.63151902453357,2010,DavidGarrard2010
ShaunHill,DET,579,938,6176,39,23,87.42,84.59932480454869,2010,ShaunHill2010
BrettFavre,MIN,3641,5818,40944,273,195,85.26,85.23332760398762,2010,BrettFavre2010
JasonCampbell,OAK,1196,1966,13247,68,46,81.86,82.63394370973212,2010,JasonCampbell2010
AlexSmith,SFO,864,1514,9399,51,53,67.28,72.148833113166,2010,AlexSmith2010
JonKitna,DAL,2255,3691,24665,137,135,77.89,77.97175562178272,2010,JonKitna2010
DerekAnderson,ARI,756,1436,9148,53,55,64.02,68.8428505106778,2010,DerekAnderson2010
KerryCollins,TEN,2461,4301,28615,147,120,74.41,77.25480508408896,2010,KerryCollins2010
TonyRomo,DAL,1326,2070,16650,118,62,95.28,95.5012077294686,2010,TonyRomo2010
ColtMcCoy,CLE,135,222,1576,6,9,74.5,74.45570570570568,2010,ColtMcCoy2010
JimmyClausen,CAR,157,299,1558,3,9,58.4,58.35423634336677,2010,JimmyClausen2010
VinceYoung,TEN,689,1190,8098,42,42,76.74,75.74579831932775,2010,VinceYoung2010
KevinKolb,PHI,177,285,1938,11,10,82.5,80.41666666666669,2010,KevinKolb2010
TroySmith,SFO,113,221,1628,7,4,78.65,78.40309200603318,2010,TroySmith2010
BruceGradkowski,OAK,349,656,3753,20,22,53.9,66.44435975609755,2010,BruceGradkowski2010
RexGrossman,WAS,595,1095,7048,40,39,69.09,71.5201674277017,2010,RexGrossman2010
JakeDelhomme,CLE,1673,2818,20130,122,96,82.24,81.55754672344453,2010,JakeDelhomme2010
MattMoore,CAR,227,392,2640,16,17,73.7,73.93707482993199,2010,MattMoore2010
DrewStanton,DET,95,170,1039,4,9,52.25,59.90196078431374,2010,DrewStanton2010
SenecaWallace,CLE,365,604,3853,26,14,83.4,83.71274834437087,2010,SenecaWallace2010
JohnSkelton,ARI,60,126,662,2,2,62.3,62.33465608465608,2010,JohnSkelton2010
TimTebow,DEN,41,82,654,5,3,82.1,82.0630081300813,2010,TimTebow2010
MatthewStafford,DET,258,473,2802,19,21,76.15,67.11152219873149,2010,MatthewStafford2010
TrentEdwards,2TM,561,927,6019,26,30,71.12,75.43374685364978,2010,TrentEdwards2010
CharlieWhitehurst,SEA,57,99,507,2,3,65.5,65.50925925925927,2010,CharlieWhitehurst2010
JoeWebb,MIN,54,89,477,0,3,60.9,60.93164794007491,2010,JoeWebb2010
TylerThigpen,MIA,263,482,3043,20,14,74.5,75.5878284923928,2010,TylerThigpen2010
MattFlynn,GNB,40,66,433,3,2,82.4,82.44949494949495,2010,MattFlynn2010
MaxHall,ARI,39,78,370,1,6,35.7,35.73717948717949,2010,MaxHall2010
CharlieBatch,PIT,519,927,6203,36,34,79.15,74.28308162531464,2010,CharlieBatch2010
TarvarisJackson,MIN,340,582,3783,23,22,73.15,75.27205040091638,2010,TarvarisJackson2010
DennisDixon,PIT,34,58,399,1,2,70.0,70.97701149425288,2010,DennisDixon2010
StephenMcGee,DAL,22,44,238,2,0,81.4,81.43939393939394,2010,StephenMcGee2010
ToddBouman,JAX,137,245,1739,12,13,73.83,72.47448979591837,2010,ToddBouman2010
RustySmith,TEN,20,40,200,0,4,25.0,22.916666666666664,2010,RustySmith2010
BrianStPierre,CAR,13,28,173,1,2,48.7,48.6607142857143,2010,BrianStPierre2010
BrianBrohm,BUF,27,52,252,0,5,30.55,25.48076923076923,2010,BrianBrohm2010
ToddCollins,CHI,77,132,956,5,5,56.15,77.71464646464646,2010,ToddCollins2010
BrodieCroyle,KAN,178,312,1646,8,7,67.35,70.80662393162392,2010,BrodieCroyle2010
ChadPennington,MIA,1620,2446,17664,100,64,86.04,90.09096484055603,2010,ChadPennington2010
DrewBrees,NOR,3598,5452,40521,280,146,93.13,94.00755074590364,2011,DrewBrees2011
TomBrady,NWE,3396,5318,39973,300,115,94.98,96.41155822991098,2011,TomBrady2011
MatthewStafford,DET,679,1136,7840,60,37,83.17,84.6830985915493,2011,MatthewStafford2011
EliManning,NYG,2291,3921,27579,185,129,79.99,82.10012326787384,2011,EliManning2011
AaronRodgers,GNB,1346,2054,17037,131,37,105.17,105.00649139889646,2011,AaronRodgers2011
PhilipRivers,SDG,1913,3007,24137,162,77,95.8,95.8326405054872,2011,PhilipRivers2011
TonyRomo,DAL,1672,2592,20834,149,72,96.48,96.9167952674897,2011,TonyRomo2011
MattRyan,ATL,1232,2022,14238,95,46,87.95,88.37990438509728,2011,MattRyan2011
BenRoethlisberger,PIT,2090,3313,26579,165,100,92.99,92.10622296005636,2011,BenRoethlisberger2011
CamNewton,CAR,310,517,4051,21,17,84.5,84.53820116054158,2011,CamNewton2011
RyanFitzpatrick,BUF,1032,1744,10936,68,65,71.76,74.99044342507645,2011,RyanFitzpatrick2011
JoeFlacco,BAL,1190,1958,13816,80,46,85.92,85.96144024514811,2011,JoeFlacco2011
JoshFreeman,TAM,795,1315,8898,51,46,76.77,79.00982256020278,2011,JoshFreeman2011
MattHasselbeck,TEN,2878,4768,33005,192,142,80.43,82.24010766219237,2011,MattHasselbeck2011
MarkSanchez,NYJ,782,1414,9209,55,51,72.17,73.24375294672323,2011,MarkSanchez2011
AndyDalton,CIN,300,516,3398,20,13,80.4,80.39405684754523,2011,AndyDalton2011
MichaelVick,PHI,1416,2525,17826,110,72,78.16,80.87211221122112,2011,MichaelVick2011
RexGrossman,WAS,860,1553,10199,56,59,69.5,71.78444945267225,2011,RexGrossman2011
AlexSmith,SFO,1137,1959,12543,68,58,71.18,76.36230219499745,2011,AlexSmith2011
TarvarisJackson,SEA,611,1032,6874,37,35,74.36,76.99450904392765,2011,TarvarisJackson2011
CarsonPalmer,OAK,2223,3545,25447,167,116,84.31,86.31817113305124,2011,CarsonPalmer2011
ColtMcCoy,CLE,400,685,4309,20,20,74.55,74.52250608272507,2011,ColtMcCoy2011
MattMoore,MIA,437,739,5137,32,26,77.05,80.09979702300406,2011,MattMoore2011
MattSchaub,HOU,1448,2252,17728,97,56,86.77,92.46225577264654,2011,MattSchaub2011
JayCutler,CHI,1541,2521,18283,117,86,85.23,84.49606637577682,2011,JayCutler2011
BlaineGabbert,JAX,210,413,2214,12,11,65.4,65.38034705407586,2011,BlaineGabbert2011
SamBradford,STL,545,947,5676,24,21,73.5,74.22342485040478,2011,SamBradford2011
KevinKolb,ARI,323,538,3893,20,18,82.03,80.71561338289963,2011,KevinKolb2011
JohnSkelton,ARI,211,401,2575,13,16,65.6,66.869285120532,2011,JohnSkelton2011
ChristianPonder,MIN,158,291,1853,13,13,70.1,70.13888888888889,2011,ChristianPonder2011
KyleOrton,2TM,1284,2204,14532,80,57,77.55,79.42755595886268,2011,KyleOrton2011
TimTebow,DEN,167,353,2383,17,9,77.5,75.06491973559962,2011,TimTebow2011
MattCassel,KAN,1020,1728,11446,74,43,82.22,82.77874228395062,2011,MattCassel2011
CurtisPainter,IND,132,243,1541,6,9,66.6,66.57235939643348,2011,CurtisPainter2011
DanOrlovsky,IND,265,448,2817,14,12,77.5,76.83221726190476,2011,DanOrlovsky2011
JasonCampbell,OAK,1296,2131,14417,74,50,82.25,82.7516424213984,2011,JasonCampbell2011
DonovanMcNabb,MIN,3064,5158,36328,226,110,86.84,86.65099521778467,2011,DonovanMcNabb2011
TJYates,HOU,82,134,949,3,3,80.7,80.72139303482587,2011,TJYates2011
ChadHenne,MIA,639,1053,7047,31,37,76.53,75.71027223805001,2011,ChadHenne2011
VinceYoung,PHI,755,1304,8964,46,51,74.08,74.43762781186093,2011,VinceYoung2011
JohnBeck,WAS,140,239,1417,3,7,67.05,67.58193863319386,2011,JohnBeck2011
TylerPalko,KAN,80,134,796,2,7,59.8,59.79477611940297,2011,TylerPalko2011
CalebHanie,CHI,51,102,613,3,9,41.8,41.830065359477125,2011,CalebHanie2011
SenecaWallace,CLE,420,711,4420,28,16,79.8,80.96284575714957,2011,SenecaWallace2011
AJFeeley,STL,389,710,4133,23,30,66.08,65.18779342723006,2011,AJFeeley2011
KellenClemens,STL,191,367,2200,7,11,66.17,64.29950045413261,2011,KellenClemens2011
MattFlynn,GNB,73,115,951,9,4,103.6,101.03260869565219,2011,MattFlynn2011
KerryCollins,IND,2509,4399,29096,149,121,73.7,77.00187542623324,2011,KerryCollins2011
JoshMcCown,CHI,637,1089,6930,37,42,71.4,72.5990970309152,2011,JoshMcCown2011
CharlieWhitehurst,SEA,84,155,805,3,4,64.2,64.58333333333334,2011,CharlieWhitehurst2011
LukeMcCown,JAX,172,293,1913,9,14,61.1,68.53668941979522,2011,LukeMcCown2011
JoshJohnson,TAM,82,161,931,5,10,55.75,53.09265010351967,2011,JoshJohnson2011
CharlieBatch,PIT,534,951,6411,36,35,78.26,74.24859796705222,2011,CharlieBatch2011
KyleBoller,OAK,826,1460,8421,43,51,62.1,68.52454337899543,2011,KyleBoller2011
MattLeinart,HOU,335,579,3686,14,19,77.65,71.21113989637307,2011,MattLeinart2011
DrewBrees,NOR,4020,6122,45698,323,165,93.42,94.26317652183381,2012,DrewBrees2012
MatthewStafford,DET,1114,1863,12807,80,54,82.33,82.79320987654323,2012,MatthewStafford2012
TonyRomo,DAL,2097,3240,25737,177,91,95.63,95.62371399176955,2012,TonyRomo2012
TomBrady,NWE,3797,5955,44800,334,123,95.29,96.65372236216065,2012,TomBrady2012
MattRyan,ATL,1654,2637,18957,127,60,90.18,90.87899759828088,2012,MattRyan2012
PeytonManning,DEN,4425,6685,51613,384,166,98.62,98.21459735726751,2012,PeytonManning2012
AndrewLuck,IND,339,627,4374,23,18,76.5,76.47195640616694,2012,AndrewLuck2012
AaronRodgers,GNB,1717,2606,21332,170,45,105.74,105.6456254796623,2012,AaronRodgers2012
JoshFreeman,TAM,1101,1873,12963,78,63,77.97,79.77286883787151,2012,JoshFreeman2012
CarsonPalmer,OAK,2568,4110,29465,189,130,84.42,86.17193836171938,2012,CarsonPalmer2012
MattSchaub,HOU,1798,2796,21736,119,68,87.26,92.11671435383883,2012,MattSchaub2012
EliManning,NYG,2612,4457,31527,211,144,80.79,82.71211951237754,2012,EliManning2012
CamNewton,CAR,590,1002,7920,40,29,85.35,85.333499667332,2012,CamNewton2012
JoeFlacco,BAL,1507,2489,17633,102,56,86.28,86.34240658899157,2012,JoeFlacco2012
SamBradford,STL,873,1498,9378,45,34,76.53,77.28916332888295,2012,SamBradford2012
AndyDalton,CIN,629,1044,7067,47,29,83.9,83.9280012771392,2012,AndyDalton2012
PhilipRivers,SDG,2251,3534,27743,188,92,94.77,94.75806451612904,2012,PhilipRivers2012
RyanFitzpatrick,BUF,1338,2249,14336,92,81,73.68,76.8498962501853,2012,RyanFitzpatrick2012
BrandonWeeden,CLE,297,517,3385,14,17,72.6,72.56205673758865,2012,BrandonWeeden2012
RyanTannehill,MIA,282,484,3294,12,13,76.1,76.06749311294764,2012,RyanTannehill2012
BenRoethlisberger,PIT,2374,3762,29844,191,108,93.43,92.68673577884104,2012,BenRoethlisberger2012
RobertGriffinIII,WAS,258,393,3200,20,5,102.4,102.38019508057677,2012,RobertGriffinIII2012
RussellWilson,SEA,252,393,3118,26,10,100.0,100.02650551314673,2012,RussellWilson2012
JayCutler,CHI,1796,2955,21316,136,100,84.67,84.02918781725889,2012,JayCutler2012
ChristianPonder,MIN,458,774,4788,31,25,75.65,77.0618001722653,2012,ChristianPonder2012
MarkSanchez,NYJ,1028,1867,12092,68,69,70.85,71.69590251740759,2012,MarkSanchez2012
MichaelVick,PHI,1620,2876,20188,122,82,78.16,80.5314093648586,2012,MichaelVick2012
JakeLocker,TEN,177,314,2176,10,11,74.0,73.95169851380041,2012,JakeLocker2012
ChadHenne,JAX,805,1361,9131,42,48,75.45,74.91887092823903,2012,ChadHenne2012
ColinKaepernick,SFO,136,218,1814,10,3,98.3,98.29892966360855,2012,ColinKaepernick2012
MattCassel,KAN,1181,2005,13242,80,55,79.12,80.55798004987534,2012,MattCassel2012
AlexSmith,SFO,1290,2177,14280,81,63,75.89,79.138914408207,2012,AlexSmith2012
NickFoles,PHI,161,265,1699,6,5,79.1,79.11163522012578,2012,NickFoles2012
BlaineGabbert,JAX,372,691,3876,21,17,71.4,70.19717800289436,2012,BlaineGabbert2012
MattHasselbeck,TEN,3016,4989,34372,199,147,80.48,82.18622636466894,2012,MattHasselbeck2012
KevinKolb,ARI,432,721,5062,28,21,83.05,82.07639852057328,2012,KevinKolb2012
BradyQuinn,KAN,293,542,2998,12,17,64.63,64.49108241082412,2012,BradyQuinn2012
JohnSkelton,ARI,320,602,3707,15,25,62.2,63.039867109634564,2012,JohnSkelton2012
RyanLindley,ARI,89,171,752,0,7,46.7,46.72270955165692,2012,RyanLindley2012
CharlieBatch,PIT,579,1021,6886,37,39,76.59,73.60634998367614,2012,CharlieBatch2012
KirkCousins,WAS,33,48,466,4,3,101.6,101.5625,2012,KirkCousins2012
BrianHoyer,ARI,30,53,330,1,2,65.8,65.7625786163522,2012,BrianHoyer2012
ByronLeftwich,PIT,904,1562,10187,56,42,72.73,78.23303457106276,2012,ByronLeftwich2012
JasonCampbell,CHI,1328,2182,14682,76,52,80.9,82.51794989306447,2012,JasonCampbell2012
GregMcElroy,NYJ,19,31,214,1,1,79.2,79.23387096774194,2012,GregMcElroy2012
ThaddeusLewis,CLE,22,32,204,1,1,83.3,83.33333333333334,2012,ThaddeusLewis2012
TerrellePryor,OAK,14,30,155,2,1,70.8,70.83333333333334,2012,TerrellePryor2012
PeytonManning,DEN,4875,7344,57090,439,176,99.88,99.73107298474946,2013,PeytonManning2013
DrewBrees,NOR,4466,6772,50860,362,177,94.36,95.26112423705455,2013,DrewBrees2013
MatthewStafford,DET,1485,2497,17457,109,73,82.7,83.14227072486985,2013,MatthewStafford2013
MattRyan,ATL,2093,3288,23472,153,77,90.08,90.62753446877534,2013,MattRyan2013
PhilipRivers,SDG,2629,4078,32221,220,103,96.11,96.18685630210888,2013,PhilipRivers2013
TomBrady,NWE,4177,6583,49143,359,134,94.68,95.7608613094334,2013,TomBrady2013
AndyDalton,CIN,992,1630,11360,80,49,85.53,85.67229038854806,2013,AndyDalton2013
CarsonPalmer,ARI,2930,4682,33739,213,152,84.37,85.89634059518724,2013,CarsonPalmer2013
BenRoethlisberger,PIT,2749,4346,34105,219,122,93.29,92.59280564503757,2013,BenRoethlisberger2013
RyanTannehill,MIA,637,1072,7207,36,30,78.9,79.14723258706468,2013,RyanTannehill2013
JoeFlacco,BAL,1869,3103,21545,121,78,84.08,83.73146954560102,2013,JoeFlacco2013
TonyRomo,DAL,2439,3775,29565,208,101,95.76,95.77538631346579,2013,TonyRomo2013
AndrewLuck,IND,682,1197,8196,46,27,81.75,81.5041074909496,2013,AndrewLuck2013
EliManning,NYG,2929,5008,35345,229,171,79.65,81.24417598509052,2013,EliManning2013
CamNewton,CAR,882,1475,11299,64,42,86.5,86.43079096045199,2013,CamNewton2013
RussellWilson,SEA,509,800,6475,52,19,100.6,100.59895833333334,2013,RussellWilson2013
AlexSmith,KAN,1598,2685,17593,104,70,77.54,81.02963997517071,2013,AlexSmith2013
ChadHenne,JAX,1110,1864,12372,55,62,75.66,75.33977110157369,2013,ChadHenne2013
RobertGriffinIII,WAS,532,849,6403,36,17,92.3,91.51698076168041,2013,RobertGriffinIII2013
ColinKaepernick,SFO,379,634,5011,31,11,94.95,93.90115667718192,2013,ColinKaepernick2013
GenoSmith,NYJ,247,443,3046,12,21,66.5,66.47385252069226,2013,GenoSmith2013
NickFoles,PHI,364,582,4590,33,7,99.15,100.95217640320733,2013,NickFoles2013
JayCutler,CHI,2020,3310,23937,155,112,85.24,84.58207452165155,2013,JayCutler2013
MikeGlennon,TAM,247,416,2608,19,9,83.9,83.89423076923079,2013,MikeGlennon2013
AaronRodgers,GNB,1910,2896,23868,187,51,105.6,105.57090239410682,2013,AaronRodgers2013
RyanFitzpatrick,TEN,1555,2599,16790,106,93,74.87,77.54504937796588,2013,RyanFitzpatrick2013
MattSchaub,HOU,2017,3154,24046,129,82,85.68,89.94266539843584,2013,MattSchaub2013
JasonCampbell,CLE,1508,2499,16697,87,60,80.4,81.81022408963585,2013,JasonCampbell2013
EJManuel,BUF,180,306,1972,11,9,77.7,77.68246187363835,2013,EJManuel2013
JoshMcCown,CHI,786,1313,8759,50,43,77.67,78.81283320639754,2013,JoshMcCown2013
MattCassel,MIN,1334,2259,15049,91,64,79.53,80.67452412571934,2013,MattCassel2013
TerrellePryor,OAK,170,302,1953,9,12,69.95,69.31567328918322,2013,TerrellePryor2013
CaseKeenum,HOU,137,253,1760,9,6,78.2,78.17028985507247,2013,CaseKeenum2013
BrandonWeeden,CLE,438,784,5116,23,26,71.45,71.78996598639456,2013,BrandonWeeden2013
SamBradford,STL,1032,1760,11065,59,38,80.12,79.32054924242424,2013,SamBradford2013
KellenClemens,STL,333,609,3873,15,18,69.33,70.04310344827586,2013,KellenClemens2013
ChristianPonder,MIN,610,1013,6436,38,34,76.4,77.25608752879238,2013,ChristianPonder2013
MattMcGloin,OAK,118,211,1547,8,8,76.1,76.076224328594,2013,MattMcGloin2013
MattFlynn,3TM,197,315,2343,17,9,97.63,91.27645502645501,2013,MattFlynn2013
JakeLocker,TEN,288,497,3432,18,15,80.35,78.64268947015427,2013,JakeLocker2013
MichaelVick,PHI,1697,3017,21403,127,85,78.99,80.80805988288586,2013,MichaelVick2013
ThaddeusLewis,BUF,115,189,1296,5,4,82.15,81.36022927689594,2013,ThaddeusLewis2013
KirkCousins,WAS,114,203,1320,8,10,80.0,68.58579638752053,2013,KirkCousins2013
JoshFreeman,2TM,1164,2020,13724,80,67,72.9,77.79290429042904,2013,JoshFreeman2013
ScottTolzien,GNB,55,90,717,1,5,66.8,66.75925925925927,2013,ScottTolzien2013
BrianHoyer,CLE,87,149,945,6,5,74.2,76.60794183445189,2013,BrianHoyer2013
BlaineGabbert,JAX,414,777,4357,22,24,59.6,66.41731016731018,2013,BlaineGabbert2013
KyleOrton,DAL,1317,2255,14930,82,59,78.66,79.55931263858092,2013,KyleOrton2013
JeffTuel,BUF,26,59,309,1,3,45.1,45.09180790960452,2013,JeffTuel2013
ChaseDaniel,KAN,25,38,248,1,1,81.9,81.90789473684211,2013,ChaseDaniel2013
SenecaWallace,GNB,436,735,4559,28,17,77.23,80.42233560090702,2013,SenecaWallace2013
DrewBrees,NOR,4922,7431,55812,395,194,94.56,95.41532095276546,2014,DrewBrees2014
BenRoethlisberger,PIT,3157,4954,39057,251,131,94.2,93.90896245458215,2014,BenRoethlisberger2014
AndrewLuck,IND,1062,1813,12957,86,43,86.67,86.60484464055894,2014,AndrewLuck2014
PeytonManning,DEN,5270,7941,61817,478,191,100.0,99.86541367585949,2014,PeytonManning2014
MattRyan,ATL,2508,3916,28166,181,91,90.63,91.14742934967653,2014,MattRyan2014
EliManning,NYG,3308,5609,39755,259,185,80.78,82.41182326023653,2014,EliManning2014
AaronRodgers,GNB,2251,3416,28249,225,56,106.54,106.57811280249805,2014,AaronRodgers2014
PhilipRivers,SDG,3008,4648,36507,251,121,95.86,95.89339500860586,2014,PhilipRivers2014
MatthewStafford,DET,1848,3099,21714,131,85,83.2,83.6338334946757,2014,MatthewStafford2014
TomBrady,NWE,4550,7165,53252,392,143,94.87,95.89119562688997,2014,TomBrady2014
RyanTannehill,MIA,1029,1662,11252,63,42,83.53,83.9926795026073,2014,RyanTannehill2014
JoeFlacco,BAL,2213,3657,25531,148,90,85.07,84.83672864825449,2014,JoeFlacco2014
JayCutler,CHI,2390,3871,27749,183,130,85.61,85.16802290536468,2014,JayCutler2014
TonyRomo,DAL,2743,4210,33270,242,110,97.7,97.58016627078385,2014,TonyRomo2014
RussellWilson,SEA,794,1252,9950,72,26,98.73,98.5623003194888,2014,RussellWilson2014
AndyDalton,CIN,1301,2111,14758,99,66,85.03,85.17586451918521,2014,AndyDalton2014
ColinKaepernick,SFO,668,1112,8380,50,21,92.1,90.66247002398083,2014,ColinKaepernick2014
BrianHoyer,CLE,329,587,4271,18,18,74.97,76.55096536059057,2014,BrianHoyer2014
DerekCarr,OAK,348,599,3270,21,12,76.6,76.58249860879243,2014,DerekCarr2014
AlexSmith,KAN,1901,3149,20858,122,76,79.3,82.84706785222822,2014,AlexSmith2014
CamNewton,CAR,1144,1923,14426,82,54,85.4,85.42966718668748,2014,CamNewton2014
KyleOrton,BUF,1604,2702,17948,100,69,79.8,80.9261658031088,2014,KyleOrton2014
TeddyBridgewater,MIN,259,402,2919,14,12,85.2,85.19900497512438,2014,TeddyBridgewater2014
BlakeBortles,JAX,280,475,2908,11,17,69.5,69.52192982456141,2014,BlakeBortles2014
GenoSmith,NYJ,466,810,5571,25,34,72.0,71.48148148148148,2014,GenoSmith2014
RyanFitzpatrick,HOU,1752,2911,19273,123,101,77.42,79.45222145883432,2014,RyanFitzpatrick2014
MarkSanchez,PHI,1226,2176,14510,82,80,74.36,74.06173406862746,2014,MarkSanchez2014
JoshMcCown,TAM,970,1640,10965,61,57,76.64,77.14684959349594,2014,JoshMcCown2014
NickFoles,PHI,550,893,6753,46,17,93.23,94.15593505039193,2014,NickFoles2014
AustinDavis,STL,180,284,2001,12,9,85.1,85.13791079812206,2014,AustinDavis2014
DrewStanton,ARI,227,410,2750,11,14,61.07,70.88414634146342,2014,DrewStanton2014
KirkCousins,WAS,240,407,3030,18,19,82.13,77.53378378378379,2014,KirkCousins2014
RobertGriffinIII,WAS,679,1063,8097,40,23,90.5,90.57894324239574,2014,RobertGriffinIII2014
ShaunHill,STL,724,1167,7833,47,30,86.72,84.4633676092545,2014,ShaunHill2014
CarsonPalmer,ARI,3071,4906,35365,224,155,85.39,86.33815735833673,2014,CarsonPalmer2014
MikeGlennon,TAM,364,619,4025,29,15,83.6,83.70018847603662,2014,MikeGlennon2014
ZachMettenberger,TEN,107,179,1412,8,7,83.4,83.36824953445064,2014,ZachMettenberger2014
CharlieWhitehurst,TEN,189,340,2131,10,6,71.93,76.97303921568628,2014,CharlieWhitehurst2014
ColtMcCoy,WAS,491,813,5366,24,23,81.83,77.96484214842148,2014,ColtMcCoy2014
JakeLocker,TEN,374,643,4425,23,22,77.2,76.89541213063764,2014,JakeLocker2014
EJManuel,BUF,256,437,2810,16,12,79.0,78.45633104500381,2014,EJManuel2014
DerekAnderson,CAR,821,1533,9849,58,55,70.88,71.14454229180257,2014,DerekAnderson2014
MichaelVick,NYJ,1761,3138,22007,130,87,78.02,80.32717229657956,2014,MichaelVick2014
RyanLindley,ARI,134,264,1314,2,11,51.75,50.28409090909092,2014,RyanLindley2014
ChadHenne,JAX,1152,1942,12864,58,63,76.5,75.55569859251632,2014,ChadHenne2014
CaseKeenum,HOU,182,330,2195,11,8,75.2,76.76767676767676,2014,CaseKeenum2014
MattCassel,MIN,1375,2330,15474,94,68,77.57,80.21995708154506,2014,MattCassel2014
RyanMallett,HOU,41,75,400,2,2,67.6,67.63888888888889,2014,RyanMallett2014
BrandonWeeden,DAL,462,825,5419,26,28,76.2,72.48232323232324,2014,BrandonWeeden2014
JimmyClausen,CHI,183,347,1781,5,10,65.1,60.21253602305477,2014,JimmyClausen2014
ChristianPonder,MIN,632,1057,6658,38,36,68.75,75.94804478082624,2014,ChristianPonder2014
ConnorShaw,CLE,14,28,177,0,1,55.2,55.208333333333336,2014,ConnorShaw2014
JohnnyManziel,CLE,18,35,175,0,2,42.0,41.9642857142857,2014,JohnnyManziel2014
ChaseDaniel,KAN,41,66,405,1,1,77.5,78.15656565656566,2014,ChaseDaniel2014
DrewBrees,NOR,5350,8058,60682,427,205,95.02,95.85246545875735,2015,DrewBrees2015
PhilipRivers,SDG,3445,5309,41299,280,134,95.65,95.63437872794626,2015,PhilipRivers2015
TomBrady,NWE,4952,7789,58022,428,150,95.36,96.39475542431634,2015,TomBrady2015
CarsonPalmer,ARI,3413,5443,40036,259,166,86.99,88.13881744136202,2015,CarsonPalmer2015
MattRyan,ATL,2915,4530,32757,202,107,90.42,90.85908756438558,2015,MattRyan2015
EliManning,NYG,3695,6227,44187,294,199,81.85,83.52102403511589,2015,EliManning2015
BlakeBortles,JAX,635,1081,7336,46,35,78.85,80.0050107924761,2015,BlakeBortles2015
MatthewStafford,DET,2246,3691,25976,163,98,85.17,85.7733902284837,2015,MatthewStafford2015
RyanTannehill,MIA,1392,2248,15460,87,54,84.83,85.23131672597864,2015,RyanTannehill2015
KirkCousins,WAS,619,950,7196,47,30,87.0,91.27631578947368,2015,KirkCousins2015
JameisWinston,TAM,312,535,4042,22,15,84.2,84.18613707165109,2015,JameisWinston2015
RussellWilson,SEA,1123,1735,13974,106,34,101.57,101.78073967339097,2015,RussellWilson2015
DerekCarr,OAK,698,1172,7257,53,25,83.85,83.6995164960182,2015,DerekCarr2015
BenRoethlisberger,PIT,3476,5423,42995,272,147,94.23,93.95668141864896,2015,BenRoethlisberger2015
RyanFitzpatrick,NYJ,2087,3473,23178,154,116,78.6,80.831293790191,2015,RyanFitzpatrick2015
CamNewton,CAR,1440,2418,18263,117,64,88.2,88.28232699200441,2015,CamNewton2015
AaronRodgers,GNB,2598,3988,32070,256,64,104.81,104.58876629889669,2015,AaronRodgers2015
SamBradford,PHI,1378,2292,14790,78,52,81.38,80.9627690517743,2015,SamBradford2015
JayCutler,CHI,2701,4354,31408,204,141,86.28,85.96022814270404,2015,JayCutler2015
AlexSmith,KAN,2208,3619,24344,142,83,80.91,84.47718062079765,2015,AlexSmith2015
AndyDalton,CIN,1556,2497,18008,124,73,89.26,88.4336203444133,2015,AndyDalton2015
TeddyBridgewater,MIN,551,849,6150,28,21,86.95,87.03621908127208,2015,TeddyBridgewater2015
TyrodTaylor,BUF,242,380,3035,20,6,99.4,99.39692982456138,2015,TyrodTaylor2015
MarcusMariota,TEN,230,370,2818,19,10,91.5,91.47522522522523,2015,MarcusMariota2015
JoeFlacco,BAL,2479,4070,28322,162,102,84.82,84.66113841113841,2015,JoeFlacco2015
BrianHoyer,HOU,553,956,6877,37,25,79.07,82.2655160390516,2015,BrianHoyer2015
PeytonManning,DEN,5468,8272,64066,487,208,97.86,98.58659735654417,2015,PeytonManning2015
JoshMcCown,CLE,1156,1932,13074,73,61,78.72,79.5807453416149,2015,JoshMcCown2015
NickFoles,STL,740,1230,8805,53,27,87.18,87.2628726287263,2015,NickFoles2015
BlaineGabbert,SFO,592,1059,6388,32,31,66.25,71.67728989612841,2015,BlaineGabbert2015
BrockOsweiler,DEN,170,275,1967,10,6,86.4,86.43181818181817,2015,BrockOsweiler2015
AndrewLuck,IND,1224,2106,14838,101,55,83.72,84.97744539411207,2015,AndrewLuck2015
MattHasselbeck,IND,3172,5245,36062,208,152,80.75,82.27240228789321,2015,MattHasselbeck2015
ColinKaepernick,SFO,812,1356,9995,56,26,88.7,88.47406588003933,2015,ColinKaepernick2015
JohnnyManziel,CLE,147,258,1675,7,7,60.7,74.35400516795866,2015,JohnnyManziel2015
RyanMallett,2TM,177,319,1736,7,8,67.75,67.86180773249738,2015,RyanMallett2015
MattCassel,2TM,1494,2534,16750,99,75,76.7,79.44784267298081,2015,MattCassel2015
BrandonWeeden,2TM,559,965,6462,31,30,81.35,76.01252158894646,2015,BrandonWeeden2015
ZachMettenberger,TEN,208,345,2347,12,14,75.05,75.35628019323673,2015,ZachMettenberger2015
TonyRomo,DAL,2826,4331,34154,247,117,95.87,97.07101901023628,2015,TonyRomo2015
AJMcCarron,CIN,79,119,854,6,2,97.1,97.11134453781513,2015,AJMcCarron2015
CaseKeenum,STL,258,455,3023,15,9,79.37,79.76648351648352,2015,CaseKeenum2015
KellenMoore,DAL,61,104,779,4,6,71.0,70.95352564102564,2015,KellenMoore2015
JimmyClausen,2TM,255,472,2520,7,14,65.63,61.93502824858758,2015,JimmyClausen2015
MarkSanchez,PHI,1285,2267,15126,86,84,75.42,74.32638582561388,2015,MarkSanchez2015
EJManuel,BUF,308,521,3371,19,15,78.83,78.4668905950096,2015,EJManuel2015
AustinDavis,CLE,236,378,2548,13,12,75.65,80.43430335097001,2015,AustinDavis2015
MattSchaub,BAL,2069,3234,24586,132,86,84.71,89.59879406307977,2015,MattSchaub2015
LandryJones,PIT,32,55,513,3,4,77.3,77.31060606060606,2015,LandryJones2015
MichaelVick,PIT,1801,3204,22378,132,88,78.17,80.31627132750728,2015,MichaelVick2015
TJYates,HOU,110,191,1319,6,4,80.5,80.5955497382199,2015,TJYates2015
LukeMcCown,NOR,204,332,2248,9,15,68.78,71.71184738955823,2015,LukeMcCown2015
JoshFreeman,IND,1179,2048,13873,81,68,71.73,77.630615234375,2015,JoshFreeman2015
DrewBrees,NOR,5821,8731,65890,464,220,95.47,96.30220860535258,2016,DrewBrees2016
MattRyan,ATL,3288,5064,37701,240,114,93.39,93.62904818325435,2016,MattRyan2016
KirkCousins,WAS,1025,1556,12113,72,42,89.04,93.59200942587833,2016,KirkCousins2016
AaronRodgers,GNB,2999,4598,36498,296,71,104.74,104.53548644338117,2016,AaronRodgers2016
PhilipRivers,SDG,3794,5887,45685,313,155,94.95,94.87606873902949,2016,PhilipRivers2016
MatthewStafford,DET,2634,4285,30303,187,108,86.19,86.81981719175417,2016,MatthewStafford2016
JoeFlacco,BAL,2915,4742,32639,182,117,84.68,84.50196822718965,2016,JoeFlacco2016
AndrewLuck,IND,1570,2651,19078,132,68,86.26,87.3310386017855,2016,AndrewLuck2016
CarsonPalmer,ARI,3777,6040,44269,285,180,87.01,88.0442880794702,2016,CarsonPalmer2016
RussellWilson,SEA,1476,2281,18193,127,45,99.78,99.57894929124652,2016,RussellWilson2016
AndyDalton,CIN,1920,3060,22214,142,81,89.68,89.05773420479302,2016,AndyDalton2016
JameisWinston,TAM,657,1102,8132,50,33,85.15,85.15955837870538,2016,JameisWinston2016
EliManning,NYG,4072,6825,48214,320,215,82.17,83.740231990232,2016,EliManning2016
DerekCarr,OAK,1055,1732,11194,81,31,88.13,87.90415704387989,2016,DerekCarr2016
BlakeBortles,JAX,1003,1706,11241,69,51,78.83,79.55744431418523,2016,BlakeBortles2016
SamBradford,MIN,1773,2844,18667,98,57,84.37,84.51857712142522,2016,SamBradford2016
BenRoethlisberger,PIT,3804,5932,46814,301,160,94.32,94.08013036637448,2016,BenRoethlisberger2016
CarsonWentz,PHI,379,607,3782,16,14,79.3,79.25247116968698,2016,CarsonWentz2016
DakPrescott,DAL,311,459,3667,23,4,104.9,104.90649963689178,2016,DakPrescott2016
TomBrady,NWE,5243,8221,61576,456,152,96.41,97.22382719052833,2016,TomBrady2016
CamNewton,CAR,1710,2928,21772,136,78,86.13,86.11680327868852,2016,CamNewton2016
AlexSmith,KAN,2536,4108,27846,157,91,81.85,85.280753002272,2016,AlexSmith2016
MarcusMariota,TEN,506,821,6244,45,19,93.55,93.76015022330492,2016,MarcusMariota2016
TrevorSiemian,DEN,289,486,3401,18,10,84.6,84.56790123456788,2016,TrevorSiemian2016
TyrodTaylor,BUF,511,816,6058,37,12,94.55,94.18913398692811,2016,TyrodTaylor2016
RyanTannehill,MIA,1653,2637,18455,106,66,86.56,86.45161800025282,2016,RyanTannehill2016
BrockOsweiler,HOU,471,785,4924,25,22,79.3,77.15764331210191,2016,BrockOsweiler2016
RyanFitzpatrick,NYJ,2315,3876,25888,166,133,77.7,79.66331269349845,2016,RyanFitzpatrick2016
ColinKaepernick,SFO,1008,1687,12236,72,30,89.1,88.91399920964237,2016,ColinKaepernick2016
CaseKeenum,LAR,454,777,5224,24,20,78.62,78.3596096096096,2016,CaseKeenum2016
MattBarkley,CHI,129,216,1611,8,14,68.3,68.26774691358025,2016,MattBarkley2016
BrianHoyer,CHI,687,1156,8322,43,25,82.86,84.99134948096886,2016,BrianHoyer2016
CodyKessler,CLE,128,195,1380,6,2,92.3,92.25427350427351,2016,CodyKessler2016
JoshMcCown,CLE,1246,2097,14174,79,67,78.01,79.00671594341122,2016,JoshMcCown2016
JaredGoff,LAR,112,205,1089,5,7,63.6,63.648373983739845,2016,JaredGoff2016
JayCutler,CHI,2782,4491,32467,208,146,85.54,85.72005121353818,2016,JayCutler2016
BlaineGabbert,SFO,683,1219,7313,37,37,66.68,71.24179655455292,2016,BlaineGabbert2016
RobertGriffinIII,CLE,766,1210,8983,42,26,86.0,88.38842975206612,2016,RobertGriffinIII2016
BrycePetty,NYJ,75,133,809,3,7,60.0,60.00939849624061,2016,BrycePetty2016
MattMoore,MIA,492,826,5858,40,29,82.76,82.78349475383374,2016,MattMoore2016
LandryJones,PIT,85,141,1071,7,6,81.8,82.78664302600474,2016,LandryJones2016
JimmyGaroppolo,NWE,43,63,502,4,0,113.3,113.32671957671958,2016,JimmyGaroppolo2016
PaxtonLynch,DEN,49,83,497,2,1,79.2,79.24196787148593,2016,PaxtonLynch2016
TomSavage,HOU,46,73,461,0,0,80.9,80.90753424657534,2016,TomSavage2016
DerekAnderson,CAR,857,1586,10302,60,60,70.41,71.02511559478772,2016,DerekAnderson2016
NickFoles,KAN,776,1285,9215,56,27,90.92,88.05933852140079,2016,NickFoles2016
JacobyBrissett,NWE,34,55,400,0,0,83.9,83.90151515151516,2016,JacobyBrissett2016
MattCassel,TEN,1524,2585,17034,101,77,76.07,79.28191489361703,2016,MattCassel2016
ShaunHill,MIN,743,1202,8075,47,30,84.95,84.22074320576817,2016,ShaunHill2016
ScottTolzien,IND,78,127,933,2,7,65.75,66.15813648293964,2016,ScottTolzien2016
DrewStanton,ARI,246,458,2942,13,17,55.7,67.60371179039302,2016,DrewStanton2016
EJManuel,BUF,319,547,3502,19,15,73.7,77.50990249847654,2016,EJManuel2016
GenoSmith,NYJ,474,824,5697,26,35,75.07,71.64745145631068,2016,GenoSmith2016
MattMcGloin,OAK,126,226,1597,8,8,68.25,75.03687315634218,2016,MattMcGloin2016
TomBrady,NWE,5628,8802,66153,488,160,96.79,97.58861622358556,2017,TomBrady2017
PhilipRivers,LAC,4154,6462,50200,341,165,95.03,94.97253172392449,2017,PhilipRivers2017
MatthewStafford,DET,3005,4850,34749,216,118,87.64,88.27663230240549,2017,MatthewStafford2017
DrewBrees,NOR,6207,9267,70224,487,228,95.99,96.74000035969928,2017,DrewBrees2017
BenRoethlisberger,PIT,4164,6493,51065,329,174,94.25,94.0188793059192,2017,BenRoethlisberger2017
MattRyan,ATL,3630,5593,41796,260,126,93.19,93.41475952082959,2017,MattRyan2017
KirkCousins,WAS,1372,2096,16206,99,55,89.85,93.65855597964376,2017,KirkCousins2017
AlexSmith,KAN,2877,4613,31888,183,96,83.75,87.41103042127321,2017,AlexSmith2017
RussellWilson,SEA,1815,2834,22176,161,56,99.05,98.7605857445307,2017,RussellWilson2017
JaredGoff,LAR,408,682,4893,33,14,82.05,89.40615835777128,2017,JaredGoff2017
BlakeBortles,JAX,1318,2229,14928,90,64,80.3,80.75837445790341,2017,BlakeBortles2017
CaseKeenum,MIN,779,1258,8771,46,27,82.56,85.98304186539481,2017,CaseKeenum2017
JameisWinston,TAM,939,1544,11636,69,44,87.5,87.18696027633852,2017,JameisWinston2017
DerekCarr,OAK,1378,2247,14690,103,44,87.7,87.54913959353212,2017,DerekCarr2017
EliManning,NYG,4424,7396,51682,339,228,82.04,83.47980890571482,2017,EliManning2017
DakPrescott,DAL,619,949,6991,45,17,95.75,95.47550052687038,2017,DakPrescott2017
AndyDalton,CIN,2217,3556,25534,167,93,89.24,88.71391076115486,2017,AndyDalton2017
CamNewton,CAR,2001,3420,25074,158,94,85.36,85.33625730994153,2017,CamNewton2017
CarsonWentz,PHI,644,1047,7078,49,21,90.6,88.75159184972938,2017,CarsonWentz2017
MarcusMariota,TEN,787,1274,9476,58,34,88.8,88.60871271585556,2017,MarcusMariota2017
JoeFlacco,BAL,3267,5291,35780,200,130,84.25,84.07791532791533,2017,JoeFlacco2017
JacobyBrissett,IND,310,524,3498,13,7,82.8,81.90203562340969,2017,JacobyBrissett2017
JoshMcCown,NYJ,1513,2494,17100,97,76,79.66,81.47387062282813,2017,JoshMcCown2017
DeShoneKizer,CLE,255,476,2894,11,22,60.5,60.50420168067227,2017,DeShoneKizer2017
TyrodTaylor,BUF,774,1236,8857,51,16,92.77,92.48584142394822,2017,TyrodTaylor2017
JayCutler,MIA,3048,4920,35133,227,160,85.14,85.29217479674797,2017,JayCutler2017
TrevorSiemian,DEN,495,835,5686,30,24,78.95,79.85778443113773,2017,TrevorSiemian2017
MitchellTrubisky,CHI,196,330,2193,7,7,77.5,77.5,2017,MitchellTrubisky2017
CarsonPalmer,ARI,3941,6307,46247,294,187,86.82,87.8920907985836,2017,CarsonPalmer2017
BrettHundley,GNB,192,316,1836,9,12,70.6,70.59599156118144,2017,BrettHundley2017
DeshaunWatson,HOU,126,204,1699,19,8,103.0,102.96160130718954,2017,DeshaunWatson2017
AaronRodgers,GNB,3153,4836,38173,312,77,103.99,104.1761441963055,2017,AaronRodgers2017
JimmyGaroppolo,SFO,163,241,2062,11,5,104.75,100.66562932226833,2017,JimmyGaroppolo2017
CJBeathard,SFO,123,224,1430,4,6,69.2,69.23363095238096,2017,CJBeathard2017
TomSavage,HOU,171,296,1873,5,6,76.15,73.77533783783784,2017,TomSavage2017
BrianHoyer,2TM,810,1367,9609,47,29,81.47,83.37143379663496,2017,BrianHoyer2017
RyanFitzpatrick,TAM,2411,4039,26991,173,136,78.45,79.91922505570686,2017,RyanFitzpatrick2017
BrockOsweiler,DEN,567,957,6012,30,27,77.03,76.32575757575756,2017,BrockOsweiler2017
BlaineGabbert,ARI,778,1390,8399,43,43,67.55,71.32494004796163,2017,BlaineGabbert2017
DrewStanton,ARI,325,617,3836,19,22,57.84,67.29132901134521,2017,DrewStanton2017
MattMoore,MIA,570,953,6719,44,34,81.57,81.82712486883524,2017,MattMoore2017
MikeGlennon,CHI,457,759,4858,33,20,81.37,82.44126043039087,2017,MikeGlennon2017
BrycePetty,NYJ,130,245,1353,4,10,57.55,57.74659863945578,2017,BrycePetty2017
NickFoles,PHI,833,1386,9752,61,29,89.02,87.43686868686868,2017,NickFoles2017
TJYates,HOU,157,288,1842,10,7,75.6,75.6076388888889,2017,TJYates2017
KevinHogan,CLE,46,75,517,4,5,71.9,71.91666666666666,2017,KevinHogan2017
SamBradford,MIN,1805,2887,19049,101,57,90.09,85.1121406304122,2017,SamBradford2017
PaxtonLynch,DEN,79,128,792,4,4,75.6,76.69270833333334,2017,PaxtonLynch2017
PatrickMahomes,KAN,22,35,284,0,1,76.4,76.36904761904762,2017,PatrickMahomes2017
EJManuel,OAK,343,590,3767,20,16,73.42,77.13276836158192,2017,EJManuel2017
NathanPeterman,BUF,24,49,252,2,5,38.4,35.41666666666667,2017,NathanPeterman2017
LandryJones,PIT,108,169,1310,8,7,87.63,86.15631163708088,2017,LandryJones2017
GenoSmith,NYG,495,860,5909,27,35,77.42,72.18507751937985,2017,GenoSmith2017
SeanMannion,LAR,22,37,185,0,0,72.5,72.46621621621622,2017,SeanMannion2017
MattCassel,TEN,1549,2627,17196,102,79,74.05,78.90734043903058,2017,MattCassel2017
ScottTolzien,IND,87,145,1061,2,9,55.1,61.30747126436783,2017,ScottTolzien2017
BenRoethlisberger,PIT,4616,7168,56194,363,190,94.4,94.24874441964285,2018,BenRoethlisberger2018
PatrickMahomes,KAN,405,615,5381,50,13,95.1,111.71070460704608,2018,PatrickMahomes2018
MattRyan,ATL,4052,6201,46720,295,133,94.55,94.8506289308176,2018,MattRyan2018
JaredGoff,LAR,772,1243,9581,65,26,88.4,94.67182890855457,2018,JaredGoff2018
AndrewLuck,IND,2000,3290,23671,171,83,88.33,89.5339412360689,2018,AndrewLuck2018
AaronRodgers,GNB,3525,5433,42615,337,79,103.41,103.45074851217866,2018,AaronRodgers2018
TomBrady,NWE,6003,9372,70508,517,171,96.84,97.59300754019064,2018,TomBrady2018
PhilipRivers,LAC,4501,6970,54508,373,177,95.84,95.73947871831659,2018,PhilipRivers2018
EliManning,NYG,4804,7972,55981,360,239,82.73,84.12098595082789,2018,EliManning2018
KirkCousins,MIN,1797,2702,20504,129,65,91.26,95.0144954354799,2018,KirkCousins2018
DeshaunWatson,HOU,471,709,5864,45,17,103.05,103.07063939821344,2018,DeshaunWatson2018
DerekCarr,OAK,1759,2800,18739,122,54,88.94,88.80803571428572,2018,DerekCarr2018
DrewBrees,NOR,6571,9756,74216,519,233,97.15,97.68945606122728,2018,DrewBrees2018
CaseKeenum,DEN,1144,1844,12661,64,42,82.33,84.46990238611714,2018,CaseKeenum2018
DakPrescott,DAL,975,1475,10876,67,25,96.13,95.97033898305085,2018,DakPrescott2018
MatthewStafford,DET,3372,5405,38526,237,129,87.87,88.4431853222325,2018,MatthewStafford2018
BakerMayfield,CLE,310,486,3725,27,14,93.7,93.68998628257886,2018,BakerMayfield2018
RussellWilson,SEA,2095,3261,25624,196,63,100.74,100.34562506388633,2018,RussellWilson2018
CamNewton,CAR,2321,3891,28469,182,107,86.46,86.41148376595564,2018,CamNewton2018
MitchellTrubisky,CHI,485,764,5416,31,19,86.45,87.68542757417103,2018,MitchellTrubisky2018
CarsonWentz,PHI,923,1448,10152,70,28,94.47,92.47237569060775,2018,CarsonWentz2018
JameisWinston,TAM,1183,1922,14628,88,58,88.17,87.77532084634062,2018,JameisWinston2018
SamDarnold,NYJ,239,414,2865,17,15,77.6,77.61674718196457,2018,SamDarnold2018
BlakeBortles,JAX,1561,2632,17646,103,75,80.2,80.61360182370821,2018,BlakeBortles2018
AndyDalton,CIN,2443,3921,28100,188,104,89.29,88.79590665646519,2018,AndyDalton2018
MarcusMariota,TEN,1015,1605,12004,69,42,89.67,89.37305295950155,2018,MarcusMariota2018
JoeFlacco,BAL,3499,5670,38245,212,136,84.25,84.08289241622575,2018,JoeFlacco2018
RyanFitzpatrick,TAM,2575,4285,29357,190,148,80.28,81.09636328276935,2018,RyanFitzpatrick2018
JoshRosen,ARI,217,393,2278,11,14,66.7,66.73558100084817,2018,JoshRosen2018
NickMullens,SFO,176,274,2277,13,10,90.8,90.84549878345499,2018,NickMullens2018
AlexSmith,WAS,3082,4941,34068,193,101,83.9,87.29550360925589,2018,AlexSmith2018
JoshAllen,BUF,169,320,2074,10,12,67.9,67.890625,2018,JoshAllen2018
RyanTannehill,MIA,1829,2911,20434,123,75,87.58,87.03982022214588,2018,RyanTannehill2018
NickFoles,PHI,974,1581,11165,68,33,90.01,88.4869808138309,2018,NickFoles2018
CJBeathard,SFO,225,393,2682,12,13,75.5,74.62362171331635,2018,CJBeathard2018
BrockOsweiler,MIA,680,1135,7259,36,31,79.28,77.85058737151247,2018,BrockOsweiler2018
LamarJackson,BAL,99,170,1201,6,3,84.5,84.46078431372548,2018,LamarJackson2018
JeffDriskel,CIN,105,176,1003,6,2,82.2,82.17329545454545,2018,JeffDriskel2018
JimmyGaroppolo,SFO,216,330,2780,16,8,99.83,97.79040404040403,2018,JimmyGaroppolo2018
CodyKessler,JAX,213,326,2089,8,4,84.85,86.29856850715747,2018,CodyKessler2018
BlaineGabbert,TEN,839,1491,9025,47,47,68.6,71.56969595349877,2018,BlaineGabbert2018
JoshJohnson,WAS,134,252,1521,8,14,60.3,58.97817460317461,2018,JoshJohnson2018
JoshMcCown,NYJ,1573,2604,17639,98,80,77.49,80.3907450076805,2018,JoshMcCown2018
ChaseDaniel,CHI,94,142,920,4,3,81.87,84.82981220657277,2018,ChaseDaniel2018
TyrodTaylor,CLE,816,1321,9330,53,18,85.7,90.68414080242242,2018,TyrodTaylor2018
DerekAnderson,BUF,899,1656,10767,60,64,68.61,70.38798309178743,2018,DerekAnderson2018
SamBradford,ARI,1855,2967,19449,103,61,86.64,84.50244354566902,2018,SamBradford2018
ColtMcCoy,WAS,525,867,5738,27,26,81.03,78.0060553633218,2018,ColtMcCoy2018
TaylorHeinicke,CAR,35,57,320,1,3,60.6,60.562865497076025,2018,TaylorHeinicke2018
NathanPeterman,BUF,68,130,548,3,12,34.55,32.46794871794872,2018,NathanPeterman2018
KyleAllen,CAR,20,31,266,2,0,113.1,113.10483870967742,2018,KyleAllen2018
MattBarkley,BUF,144,241,1843,10,14,92.85,73.36618257261411,2018,MattBarkley2018
MarkSanchez,WAS,1304,2302,15264,86,87,68.64,73.6225745728352,2018,MarkSanchez2018
TeddyBridgewater,NOR,565,872,6268,29,22,81.5,86.60168195718653,2018,TeddyBridgewater2018
JameisWinston,TAM,1563,2548,19737,121,88,87.4,86.9162087912088,2019,JameisWinston2019
DakPrescott,DAL,1363,2071,15778,97,36,97.02,97.04148559472075,2019,DakPrescott2019
JaredGoff,LAR,1166,1869,14219,87,42,87.92,91.92415730337079,2019,JaredGoff2019
PhilipRivers,LAC,4891,7561,59123,396,197,95.31,95.17232068068598,2019,PhilipRivers2019
MattRyan,ATL,4460,6817,51186,321,147,94.34,94.60081414111778,2019,MattRyan2019
RussellWilson,SEA,2436,3777,29734,227,68,101.44,101.16329097167063,2019,RussellWilson2019
TomBrady,NWE,6376,9985,74565,541,179,96.37,97.00279586045735,2019,TomBrady2019
DerekCarr,OAK,2120,3313,22793,143,62,90.92,90.66493107958547,2019,DerekCarr2019
CarsonWentz,PHI,1311,2055,14191,97,35,94.12,92.65713706407138,2019,CarsonWentz2019
PatrickMahomes,KAN,724,1099,9412,76,18,98.5,108.89255383682135,2019,PatrickMahomes2019
AaronRodgers,GNB,3878,6002,46617,363,83,102.74,102.68660446517828,2019,AaronRodgers2019
JimmyGaroppolo,SFO,545,806,6758,43,21,100.38,100.29466501240695,2019,JimmyGaroppolo2019
DeshaunWatson,HOU,804,1204,9716,71,29,101.37,100.97591362126248,2019,DeshaunWatson2019
BakerMayfield,CLE,627,1020,7552,49,35,86.25,85.87418300653594,2019,BakerMayfield2019
KylerMurray,ARI,349,542,3722,20,12,87.4,87.43081180811808,2019,KylerMurray2019
KirkCousins,MIN,2104,3146,24107,155,71,93.28,96.76308539944904,2019,KirkCousins2019
RyanFitzpatrick,MIA,2886,4787,32886,210,161,80.68,81.55725576213356,2019,RyanFitzpatrick2019
AndyDalton,CIN,2757,4449,31594,204,118,88.07,87.5463587322994,2019,AndyDalton2019
KyleAllen,CAR,323,520,3588,19,16,96.55,81.95512820512822,2019,KyleAllen2019
GardnerMinshewII,JAX,285,470,3271,21,6,91.2,91.18794326241137,2019,GardnerMinshewII2019
MitchellTrubisky,CHI,811,1280,8554,48,29,85.3,85.78776041666666,2019,MitchellTrubisky2019
LamarJackson,BAL,364,571,4328,42,9,98.9,104.73949211908933,2019,LamarJackson2019
JoshAllen,BUF,440,781,5163,30,21,76.6,78.17701664532652,2019,JoshAllen2019
DanielJones,NYG,284,459,3027,24,12,87.7,87.65885984023237,2019,DanielJones2019
SamDarnold,NYJ,512,855,5889,36,28,80.95,81.07456140350877,2019,SamDarnold2019
DrewBrees,NOR,6852,10134,77195,546,237,98.22,98.38250772975462,2019,DrewBrees2019
JacobyBrissett,IND,582,971,6440,31,13,84.53,84.73008925506352,2019,JacobyBrissett2019
RyanTannehill,TEN,2030,3197,23176,145,81,91.86,89.76449275362319,2019,RyanTannehill2019
MatthewStafford,DET,3559,5696,41025,256,134,89.52,89.3412043539326,2019,MatthewStafford2019
JoeFlacco,DEN,3670,5932,40067,218,141,84.32,84.12915823780625,2019,JoeFlacco2019
MasonRudolph,PIT,176,283,1765,13,9,82.0,81.95671378091873,2019,MasonRudolph2019
CaseKeenum,WAS,1304,2091,14368,75,47,83.61,85.27319464371114,2019,CaseKeenum2019
TeddyBridgewater,NOR,698,1068,7652,38,24,85.9,88.8966916354557,2019,TeddyBridgewater2019
DwayneHaskins,WAS,119,203,1365,7,7,76.1,76.07758620689654,2019,DwayneHaskins2019
MarcusMariota,TEN,1110,1765,13207,76,44,90.2,89.63526912181304,2019,MarcusMariota2019
DevlinHodges,PIT,100,160,1063,5,8,71.4,71.43229166666667,2019,DevlinHodges2019
EliManning,NYG,4895,8119,57023,366,244,82.73,84.09415157860164,2019,EliManning2019
DrewLock,DEN,100,156,1020,7,3,89.7,89.69017094017096,2019,DrewLock2019
DavidBlough,DET,94,174,984,4,6,64.0,63.96072796934865,2019,DavidBlough2019
NickFoles,JAX,1051,1698,11901,71,35,89.34,88.21652925009815,2019,NickFoles2019
JeffDriskel,DET,167,281,1688,10,6,78.75,79.6040925266904,2019,JeffDriskel2019
MattMoore,KAN,629,1044,7378,48,34,84.33,83.49297573435504,2019,MattMoore2019
MattSchaub,ATL,2119,3301,25166,135,87,86.92,89.99356255680097,2019,MattSchaub2019
CamNewton,CAR,2371,3980,29041,182,108,84.74,86.06679229480739,2019,CamNewton2019
JoshRosen,MIA,275,502,2845,12,19,59.35,63.54581673306773,2019,JoshRosen2019
BrandonAllen,DEN,39,84,515,3,2,68.3,68.30357142857144,2019,BrandonAllen2019
RyanFinley,CIN,41,87,474,2,2,62.1,62.14080459770115,2019,RyanFinley2019
ChaseDaniel,CHI,139,206,1355,7,5,84.3,86.93365695792879,2019,ChaseDaniel2019
LukeFalk,NYJ,47,73,416,0,3,62.4,62.35730593607306,2019,LukeFalk2019
BrianHoyer,IND,845,1432,9981,51,33,79.21,82.56808659217879,2019,BrianHoyer2019
BenRoethlisberger,PIT,4651,7230,56545,363,191,92.63,94.00645458736746,2019,BenRoethlisberger2019
WillGrier,CAR,28,52,228,0,4,33.2,33.17307692307692,2019,WillGrier2019
RobertGriffinIII,BAL,789,1248,9208,43,28,81.6,87.6469017094017,2019,RobertGriffinIII2019
AJMcCarron,HOU,100,156,1079,6,3,80.3,89.12927350427351,2019,AJMcCarron2019
SeanMannion,MIN,34,58,311,0,2,53.8,58.90804597701149,2019,SeanMannion2019
ColtMcCoy,WAS,543,894,5860,27,27,77.02,77.4934750186428,2019,ColtMcCoy2019
TrevorSiemian,NYJ,498,841,5689,30,24,71.37,79.61504161712249,2019,TrevorSiemian2019
DeshaunWatson,HOU,1186,1748,14539,104,36,104.12,104.53136918382914,2020,DeshaunWatson2020
PatrickMahomes,KAN,1114,1687,14152,114,24,100.92,108.66306065994864,2020,PatrickMahomes2020
TomBrady,TAM,6777,10595,79198,581,191,96.67,97.3004168633003,2020,TomBrady2020
MattRyan,ATL,4867,7443,55767,347,158,94.26,94.48950915849345,2020,MattRyan2020
JoshAllen,BUF,836,1353,9707,67,31,86.8,90.42713722591772,2020,JoshAllen2020
JustinHerbert,LAC,396,595,4336,31,10,98.3,98.27380952380952,2020,JustinHerbert2020
AaronRodgers,GNB,4250,6528,50916,411,88,104.18,104.20496323529413,2020,AaronRodgers2020
KirkCousins,MIN,2453,3662,28372,190,84,94.58,97.9234935372292,2020,KirkCousins2020
RussellWilson,SEA,2820,4335,33946,267,81,101.84,101.66618608227604,2020,RussellWilson2020
PhilipRivers,IND,5260,8104,63292,420,208,95.43,95.29450477130635,2020,PhilipRivers2020
DerekCarr,LVR,2468,3830,26896,170,71,92.41,92.11379460400347,2020,DerekCarr2020
MatthewStafford,DET,3898,6224,45109,282,144,90.08,89.93479541559553,2020,MatthewStafford2020
KylerMurray,ARI,724,1100,7693,46,24,90.85,90.92045454545455,2020,KylerMurray2020
JaredGoff,LAR,1536,2421,18171,107,55,88.34,91.49370095002067,2020,JaredGoff2020
RyanTannehill,TEN,2345,3678,26995,178,88,93.69,91.9589450788472,2020,RyanTannehill2020
BenRoethlisberger,PIT,5050,7838,60348,396,201,92.71,94.01154631283491,2020,BenRoethlisberger2020
TeddyBridgewater,CAR,1038,1560,11385,53,35,87.14,89.91720085470085,2020,TeddyBridgewater2020
BakerMayfield,CLE,932,1506,11115,75,43,89.47,89.11022576361222,2020,BakerMayfield2020
DanielJones,NYG,564,907,5970,35,22,84.05,84.08443586916574,2020,DanielJones2020
DrewBrees,NOR,7127,10524,80137,570,243,98.65,98.6788135056379,2020,DrewBrees2020
DrewLock,DEN,354,599,3953,23,18,82.55,79.10754034501947,2020,DrewLock2020
LamarJackson,BAL,606,947,7085,68,18,99.03,102.59811686026048,2020,LamarJackson2020
JoeBurrow,CIN,264,404,2688,13,5,89.8,89.83085808580859,2020,JoeBurrow2020
CamNewton,NWE,2613,4348,31698,190,118,84.56,85.79806807727691,2020,CamNewton2020
CarsonWentz,PHI,1562,2492,16811,113,50,89.86,89.1803772070626,2020,CarsonWentz2020
NickMullens,SFO,387,600,4714,25,22,87.45,87.18055555555554,2020,NickMullens2020
GardnerMinshewII,JAX,501,797,5530,37,11,93.55,93.1017356754496,2020,GardnerMinshewII2020
SamDarnold,NYJ,729,1219,8097,45,39,78.2,78.57020782061798,2020,SamDarnold2020
AndyDalton,DAL,2973,4782,33764,218,126,87.99,87.52875365955668,2020,AndyDalton2020
RyanFitzpatrick,MIA,3069,5054,34977,223,169,81.75,82.29784988787759,2020,RyanFitzpatrick2020
MitchellTrubisky,CHI,1010,1577,10609,64,37,87.35,87.23710632001692,2020,MitchellTrubisky2020
DakPrescott,DAL,1514,2293,17634,106,40,97.54,97.28975868585549,2020,DakPrescott2020
NickFoles,CHI,1253,2010,13753,81,43,88.39,87.06053067993368,2020,NickFoles2020
TuaTagovailoa,MIA,186,290,1814,11,5,87.1,87.05459770114942,2020,TuaTagovailoa2020
AlexSmith,WAS,3250,5193,35650,199,109,83.51,86.86894216573592,2020,AlexSmith2020
DwayneHaskins,WAS,267,444,2804,12,14,74.55,74.38063063063063,2020,DwayneHaskins2020
JimmyGaroppolo,SFO,639,946,7854,50,26,98.78,99.13231148696265,2020,JimmyGaroppolo2020
MikeGlennon,JAX,568,938,5930,40,25,81.05,81.99626865671644,2020,MikeGlennon2020
JalenHurts,PHI,77,148,1061,6,4,77.6,77.56193693693695,2020,JalenHurts2020
TaysomHill,NOR,88,121,928,4,2,98.8,98.7775482093664,2020,TaysomHill2020
BrandonAllen,CIN,129,226,1440,8,6,75.15,76.93584070796462,2020,BrandonAllen2020
JoeFlacco,NYJ,3744,6066,40931,224,144,84.03,84.05044510385757,2020,JoeFlacco2020
CJBeathard,SFO,291,497,3469,18,13,85.57,81.13262910798122,2020,CJBeathard2020
JakeLuton,JAX,60,110,624,2,6,54.5,54.50757575757576,2020,JakeLuton2020
KyleAllen,WAS,383,607,4198,23,17,97.47,84.44192751235585,2020,KyleAllen2020
JeffDriskel,DEN,202,345,2120,13,8,78.63,79.3780193236715,2020,JeffDriskel2020
ColtMcCoy,NYG,583,960,6235,28,28,76.68,77.32204861111111,2020,ColtMcCoy2020
PJWalker,CAR,32,56,368,1,5,45.8,45.83333333333333,2020,PJWalker2020
MasonRudolph,PIT,201,326,2089,15,10,84.85,82.71983640081798,2020,MasonRudolph2020
BrettRypien,DEN,27,40,295,2,4,66.1,64.0625,2020,BrettRypien2020
ChadHenne,KAN,1180,1980,13112,60,63,81.03,76.18265993265993,2020,ChadHenne2020
GarrettGilbert,DAL,21,38,243,1,1,72.6,72.58771929824562,2020,GarrettGilbert2020
JohnWolford,LAR,22,38,231,0,1,64.7,64.69298245614036,2020,JohnWolford2020
BenDiNucci,DAL,23,43,219,0,0,67.9,67.87790697674417,2020,BenDiNucci2020
TyrodTaylor,LAC,832,1351,9538,53,18,83.64,90.34511472982976,2020,TyrodTaylor2020
RyanFinley,CIN,58,119,638,3,4,57.1,59.43627450980392,2020,RyanFinley2020
BrianHoyer,NWE,860,1456,10111,51,34,76.74,82.18578296703298,2020,BrianHoyer2020
RobertGriffinIII,BAL,797,1262,9250,43,30,71.77,86.70430533544639,2020,RobertGriffinIII2020
TomBrady,TAM,7262,11314,84514,624,203,96.92,97.6043692180779,2021,TomBrady2021
JustinHerbert,LAC,839,1267,9350,69,25,98.0,97.94626414101553,2021,JustinHerbert2021
MatthewStafford,LAR,4302,6825,49995,323,161,91.07,91.07905982905983,2021,MatthewStafford2021
PatrickMahomes,KAN,1550,2345,18991,151,37,100.44,105.79868514570008,2021,PatrickMahomes2021
DerekCarr,LVR,2896,4456,31700,193,85,92.61,92.37357869539198,2021,DerekCarr2021
JoeBurrow,CIN,630,924,7299,47,19,99.05,100.20292207792207,2021,JoeBurrow2021
DakPrescott,DAL,1924,2889,22083,143,50,98.65,98.7185589015807,2021,DakPrescott2021
JoshAllen,BUF,1245,1999,14114,103,46,88.15,90.99028681007172,2021,JoshAllen2021
KirkCousins,MIN,2825,4223,32593,223,91,95.43,98.61127555450312,2021,KirkCousins2021
AaronRodgers,GNB,4616,7059,55031,448,92,104.74,104.78378665533361,2021,AaronRodgers2021
MattRyan,ATL,5242,8003,59735,367,170,93.99,94.20243450372777,2021,MattRyan2021
JimmyGaroppolo,SFO,940,1387,11664,70,38,98.77,99.00714972362414,2021,JimmyGaroppolo2021
MacJones,NWE,352,521,3801,22,13,92.5,92.462412028151,2021,MacJones2021
KylerMurray,ARI,1057,1581,11480,70,34,94.1,93.85014758591609,2021,KylerMurray2021
BenRoethlisberger,PIT,5440,8443,64088,418,211,92.38,93.49436416755498,2021,BenRoethlisberger2021
RyanTannehill,TEN,2702,4209,30729,199,102,93.23,91.66221192682346,2021,RyanTannehill2021
TrevorLawrence,JAX,359,602,3641,12,17,71.9,71.85769656699888,2021,TrevorLawrence2021
CarsonWentz,IND,1884,3008,20374,140,57,90.65,90.11801861702126,2021,CarsonWentz2021
TaylorHeinicke,WAS,356,551,3739,21,18,73.25,83.29174228675136,2021,TaylorHeinicke2021
JaredGoff,DET,1868,2915,21416,126,63,88.87,91.50014293882217,2021,JaredGoff2021
JalenHurts,PHI,342,580,4205,22,13,82.4,84.73419540229884,2021,JalenHurts2021
RussellWilson,SEA,3079,4735,37059,292,87,101.97,101.78326293558607,2021,RussellWilson2021
TeddyBridgewater,DEN,1323,1986,14437,71,42,88.43,90.99110439744881,2021,TeddyBridgewater2021
BakerMayfield,CLE,1185,1924,14125,92,56,87.88,87.8096846846847,2021,BakerMayfield2021
LamarJackson,BAL,852,1329,9967,84,31,96.03,98.1047780285929,2021,LamarJackson2021
DavisMills,HOU,263,394,2664,16,10,88.8,88.84306260575295,2021,DavisMills2021
TuaTagovailoa,MIA,449,678,4467,27,15,88.6,88.77826941986233,2021,TuaTagovailoa2021
SamDarnold,CAR,972,1625,10624,54,52,76.62,76.91410256410256,2021,SamDarnold2021
DanielJones,NYG,796,1268,8398,45,29,84.3,84.29284963196636,2021,DanielJones2021
ZachWilson,NYJ,213,383,2334,9,11,69.7,69.68559617058312,2021,ZachWilson2021
JustinFields,CHI,159,270,1870,7,10,73.2,73.22530864197532,2021,JustinFields2021
AndyDalton,CHI,3122,5018,35279,226,135,86.98,87.0267038660821,2021,AndyDalton2021
JacobyBrissett,MIA,723,1196,7723,36,17,82.93,83.47617056856187,2021,JacobyBrissett2021
JameisWinston,NOR,1658,2709,20907,135,91,89.97,87.85760428202288,2021,JameisWinston2021
TrevorSiemian,NOR,606,1029,6843,41,27,75.62,81.21760609005507,2021,TrevorSiemian2021
TylerHuntley,BAL,122,188,1081,3,4,76.6,76.57358156028367,2021,TylerHuntley2021
TaysomHill,NOR,166,255,1906,8,7,87.1,86.4950980392157,2021,TaysomHill2021
TyrodTaylor,HOU,923,1501,10504,58,23,82.48,88.98095713968465,2021,TyrodTaylor2021
MikeWhite,NYJ,88,132,953,5,8,75.1,75.09469696969697,2021,MikeWhite2021
MikeGlennon,NYG,658,1105,6720,44,35,74.78,77.1210407239819,2021,MikeGlennon2021
DrewLock,DEN,421,710,4740,25,20,81.83,79.31338028169014,2021,DrewLock2021
ColtMcCoy,ARI,657,1059,6975,31,29,80.21,79.57389046270066,2021,ColtMcCoy2021
GenoSmith,SEA,560,955,6611,32,36,82.54,75.25523560209423,2021,GenoSmith2021
CamNewton,CAR,2682,4474,32382,194,123,82.73,85.19501564595441,2021,CamNewton2021
JoshJohnson,2TM,191,337,2159,13,16,69.97,69.08382789317508,2021,JoshJohnson2021
TreyLance,SFO,41,71,603,5,2,97.3,97.32981220657278,2021,TreyLance2021
TimBoyle,DET,61,94,526,3,6,63.5,63.51950354609929,2021,TimBoyle2021
CaseKeenum,CLE,1351,2163,14830,78,48,84.57,85.47445677300047,2021,CaseKeenum2021
GardnerMinshewII,PHI,542,857,5969,41,12,97.3,93.92016725009724,2021,GardnerMinshewII2021
CooperRush,DAL,30,47,422,3,1,105.1,105.09751773049645,2021,CooperRush2021
JordanLove,GNB,36,62,411,2,3,68.7,68.68279569892474,2021,JordanLove2021
PJWalker,CAR,68,122,730,2,8,51.15,51.605191256830594,2021,PJWalker2021
JoeFlacco,NYJ,3771,6108,41269,227,144,86.1,84.24948155424579,2021,JoeFlacco2021
MasonRudolph,PIT,236,384,2366,16,11,80.17,80.92447916666666,2021,MasonRudolph2021
NickFoles,CHI,1277,2045,14003,82,43,89.4,87.25651996740015,2021,NickFoles2021
JakeFromm,NYG,27,60,210,1,3,38.9,38.88888888888889,2021,JakeFromm2021
GarrettGilbert,WAS,41,69,437,1,1,77.25,76.78140096618357,2021,GarrettGilbert2021
SeanMannion,MIN,56,94,500,1,2,63.9,68.572695035461,2021,SeanMannion2021
BrandonAllen,CIN,146,260,1589,10,6,77.3,77.54807692307692,2021,BrandonAllen2021
NickMullens,CLE,407,630,4861,26,22,88.03,87.2751322751323,2021,NickMullens2021
IanBook,NOR,12,20,135,0,2,40.6,38.54166666666667,2021,IanBook2021
RyanFitzpatrick,WAS,3072,5060,34990,223,169,80.05,82.26284584980237,2021,RyanFitzpatrick2021
