Tm,Abbr,G,PF/G,TotYds/G,Ply/G,Yds/Play,TO/G,FL/G,1stD/G,Cmp/G,PasAtt/G,Comp%,PassYds/G,PassTD/G,PassTD%,Int/G,INT%,NY/PassA,Pass1stD/G,PassLong,Yds/PassA,AYds/PassA,Y/Comp,PassRate,Sk/G,SackYds/G,Sack%,ANY/PA,4QComeB,GWinDri,EXPPass/G,RushAtt/G,RushYds/G,RushTDs/G,RLong,Yds/RA,Rush1stD/G,Fmb/G,EXPRush/G,Pen/G,PenYds/G,1stPy/G,Score%,TurnOv%,EXPTot/G,Year,TmID
New England Patriots,NWE,16,34.812,427.875,74.438,5.7,1.0,0.438,27.75,25.125,40.062,0.627,291.375,2.125,0.053,0.562,0.013999999999999999,7.0,16.0,83,7.6,8.0,12.0,97.7,1.688,11.375,0.04,7.4,1,2,11.931,32.688,136.5,1.562,47,4.2,9.438,0.875,-4.122,6.062,52.5,2.312,0.48100000000000004,0.081,7.436,2012,NWE2012
Denver Broncos,DEN,16,30.062,397.875,68.125,5.8,1.562,0.875,23.75,25.125,36.75,0.684,283.375,2.312,0.063,0.688,0.019,7.4,14.5,71,7.9,8.4,11.6,105.3,1.312,8.562,0.034,7.8,3,3,10.795,30.062,114.5,0.75,31,3.8,7.0,1.375,-6.85,6.25,50.312,2.25,0.39899999999999997,0.122,3.392,2012,DEN2012
New Orleans Saints,NOR,16,28.812,410.875,66.688,6.2,1.5,0.312,22.0,26.438,41.938,0.63,312.312,2.688,0.064,1.188,0.027999999999999997,7.2,16.688,80,7.7,7.7,12.3,96.4,1.625,11.875,0.037000000000000005,7.2,1,2,6.418,23.125,98.562,0.625,56,4.3,4.0,0.812,-1.333,6.5,56.938,1.312,0.374,0.121,4.646,2012,NOR2012
Washington Redskins,WAS,16,27.25,383.188,62.125,6.2,0.875,0.375,21.312,18.188,27.625,0.6579999999999999,213.875,1.5,0.054000000000000006,0.5,0.018000000000000002,7.2,10.688,88,8.3,8.6,12.6,102.1,2.062,15.25,0.069,7.5,4,3,2.647,32.438,169.312,1.375,76,5.2,9.0,1.625,-2.558,7.25,61.562,1.625,0.39299999999999996,0.077,-1.031,2012,WAS2012
Green Bay Packers,GNB,16,27.062,359.438,65.125,5.5,1.0,0.5,21.312,23.375,34.875,0.67,253.062,2.5,0.07200000000000001,0.5,0.013999999999999999,6.6,13.312,73,7.8,8.6,11.6,108.3,3.188,18.312,0.084,7.4,2,3,5.509,27.062,106.375,0.562,41,3.9,5.312,1.0,-3.974,6.438,57.688,2.688,0.376,0.081,1.611,2012,GNB2012
New York Giants,NYG,16,26.812,355.438,60.5,5.9,1.312,0.375,20.438,20.188,33.688,0.599,239.062,1.625,0.048,0.938,0.027999999999999997,6.8,11.688,80,7.4,7.1,12.3,87.2,1.25,8.875,0.036000000000000004,6.6,3,3,2.152,25.562,116.375,1.125,52,4.6,6.438,0.812,-2.664,4.5,36.125,2.312,0.43799999999999994,0.11900000000000001,-0.919,2012,NYG2012
Atlanta Falcons,ATL,16,26.188,369.125,63.812,5.8,1.125,0.25,21.438,26.375,38.438,0.6859999999999999,281.812,2.0,0.052000000000000005,0.875,0.023,7.0,15.438,80,7.7,7.7,11.2,99.1,1.75,13.125,0.044000000000000004,7.0,4,6,7.341,23.625,87.312,0.75,43,3.7,4.375,0.562,-7.962,3.438,25.938,1.625,0.44,0.10300000000000001,-1.132,2012,ATL2012
Houston Texans,HOU,16,26.0,372.062,68.125,5.5,1.062,0.25,21.312,22.125,34.625,0.639,239.375,1.375,0.04,0.812,0.023,6.6,12.812,60,7.3,7.0,11.4,89.2,1.75,13.5,0.048,6.3,2,2,4.101,31.75,132.688,1.188,81,4.2,7.125,0.75,-4.794,6.75,54.562,1.375,0.35600000000000004,0.084,-1.255,2012,HOU2012
Seattle Seahawks,SEA,16,25.75,350.625,60.875,5.8,1.125,0.5,19.438,16.188,25.312,0.64,189.438,1.688,0.067,0.625,0.025,6.9,9.562,67,8.0,8.2,12.5,100.6,2.062,12.688,0.075,7.1,3,4,3.531,33.5,161.188,1.0,77,4.8,8.062,1.0,-1.914,6.875,55.625,1.812,0.39399999999999996,0.1,0.567,2012,SEA2012
Baltimore Ravens,BAL,16,24.875,352.5,65.125,5.4,1.0,0.312,19.625,20.875,35.0,0.596,233.688,1.375,0.039,0.688,0.02,6.3,11.375,61,7.1,7.0,12.0,86.4,2.375,16.062,0.064,6.2,3,3,5.303,27.75,118.812,1.062,78,4.3,6.125,0.875,-3.571,7.562,70.438,2.125,0.358,0.078,1.377,2012,BAL2012
San Francisco 49ers,SFO,16,24.812,361.812,60.562,6.0,1.0,0.5,20.125,18.062,27.25,0.6629999999999999,206.125,1.438,0.053,0.5,0.018000000000000002,6.9,10.75,57,8.1,8.4,12.3,101.2,2.562,15.812,0.086,7.1,1,1,1.981,30.75,155.688,1.062,50,5.1,8.0,1.625,-2.301,6.812,60.0,1.375,0.39299999999999996,0.079,-0.957,2012,SFO2012
Cincinnati Bengals,CIN,16,24.438,332.688,63.5,5.2,1.625,0.625,18.25,20.938,33.75,0.62,223.625,1.75,0.052000000000000005,1.0,0.03,6.1,10.812,73,7.1,6.8,11.4,88.1,2.875,14.312,0.078,5.8,2,4,-2.766,26.875,109.062,0.688,48,4.1,5.938,1.188,-2.709,6.188,53.562,1.5,0.354,0.128,-5.655,2012,CIN2012
Tampa Bay Buccaneers,TAM,16,24.312,363.75,63.0,5.8,1.438,0.375,18.812,19.438,35.375,0.5489999999999999,248.938,1.688,0.048,1.062,0.03,6.7,11.75,95,7.3,6.9,13.3,81.8,1.625,10.062,0.044000000000000004,6.3,1,1,0.176,26.0,114.812,0.812,70,4.4,5.562,1.0,-1.769,6.312,51.188,1.5,0.35200000000000004,0.109,-2.056,2012,TAM2012
Minnesota Vikings,MIN,16,23.688,336.562,62.562,5.4,1.438,0.688,19.125,18.75,30.188,0.621,171.938,1.125,0.037000000000000005,0.75,0.025,5.3,10.188,65,6.1,5.7,9.8,81.2,2.0,11.5,0.062,5.0,1,2,-1.942,30.375,164.625,1.0,82,5.4,7.062,1.312,-1.578,5.625,51.875,1.875,0.379,0.126,-3.744,2012,MIN2012
Dallas Cowboys,DAL,16,23.5,374.625,65.562,5.7,1.812,0.625,21.125,27.125,41.125,0.66,295.562,1.812,0.044000000000000004,1.188,0.028999999999999998,6.8,14.812,85,7.6,7.2,11.5,91.3,2.25,16.438,0.052000000000000005,6.4,5,5,3.844,22.188,79.062,0.5,48,3.6,4.75,1.25,-5.322,7.312,53.312,1.562,0.36700000000000005,0.15,-2.444,2012,DAL2012
Chicago Bears,CHI,16,23.438,310.562,62.438,5.0,1.5,0.5,18.25,17.938,30.312,0.5920000000000001,187.438,1.312,0.043,1.0,0.033,5.7,10.188,60,6.8,6.2,11.5,80.4,2.75,18.688,0.083,5.1,1,1,-1.296,29.375,123.125,0.688,46,4.2,6.188,1.25,-4.818,6.375,50.688,1.875,0.303,0.11800000000000001,-7.198,2012,CHI2012
Detroit Lions,DET,16,23.25,408.75,72.5,5.6,2.062,1.0,23.875,27.812,46.25,0.601,307.938,1.375,0.03,1.062,0.023,6.4,17.0,57,6.9,6.5,11.5,81.5,1.812,13.25,0.038,6.0,3,3,0.116,24.438,100.812,1.062,67,4.1,5.25,1.5,-3.68,6.438,59.0,1.625,0.36,0.152,-3.729,2012,DET2012
Carolina Panthers,CAR,16,22.312,360.688,61.75,5.8,1.375,0.625,20.5,17.75,30.625,0.58,230.188,1.188,0.039,0.75,0.024,7.0,10.688,82,8.0,7.7,13.8,86.5,2.25,15.25,0.068,6.7,1,1,3.132,28.875,130.5,1.312,72,4.5,7.688,1.375,-2.363,6.125,52.188,2.125,0.326,0.10300000000000001,0.13,2012,CAR2012
Indianapolis Colts,IND,16,22.312,362.438,69.312,5.2,1.688,0.562,22.5,21.188,39.25,0.54,258.0,1.438,0.037000000000000005,1.125,0.028999999999999998,6.2,13.0,70,7.0,6.4,12.9,76.4,2.562,15.375,0.061,5.6,4,7,-0.683,27.5,104.438,0.688,26,3.8,6.875,1.312,-3.802,5.875,50.062,2.625,0.33299999999999996,0.139,-4.569,2012,IND2012
San Diego Chargers,SDG,16,21.875,297.25,61.75,4.8,1.625,0.688,18.312,21.125,33.0,0.64,205.938,1.625,0.049,0.938,0.027999999999999997,5.7,11.5,80,6.8,6.5,10.7,88.5,3.062,19.438,0.085,5.4,0,0,-1.231,25.688,91.312,0.25,52,3.6,5.062,1.5,-5.919,6.438,49.75,1.75,0.306,0.139,-7.842,2012,SDG2012
Buffalo Bills,BUF,16,21.5,342.875,61.438,5.6,2.125,1.062,18.812,19.312,31.938,0.605,204.312,1.5,0.047,1.062,0.033,6.0,11.0,68,6.7,6.2,11.1,82.2,1.875,10.062,0.055,5.5,0,1,-2.801,27.625,138.562,0.75,62,5.0,6.438,1.438,-2.596,6.5,54.438,1.375,0.3,0.174,-6.274,2012,BUF2012
Pittsburgh Steelers,PIT,16,21.0,332.75,63.938,5.2,1.875,1.0,19.188,22.125,35.875,0.617,236.688,1.688,0.047,0.875,0.024,6.2,12.625,82,7.0,6.8,11.3,88.1,2.312,14.062,0.061,6.1,3,4,0.1,25.75,96.062,0.5,34,3.7,5.0,2.062,-6.41,5.75,58.625,1.562,0.33899999999999997,0.156,-6.753,2012,PIT2012
Tennessee Titans,TEN,16,20.625,313.125,59.812,5.2,1.75,0.75,16.25,19.875,33.75,0.589,207.688,1.062,0.031,1.0,0.03,5.7,10.375,71,6.6,5.9,11.2,76.9,2.438,15.875,0.067,5.1,2,3,-3.036,23.625,105.438,0.625,94,4.5,4.375,1.312,-3.267,6.625,52.938,1.5,0.27699999999999997,0.149,-6.846,2012,TEN2012
Cleveland Browns,CLE,16,18.875,314.25,62.375,5.0,1.625,0.5,17.438,20.5,35.375,0.58,214.688,1.0,0.027999999999999997,1.125,0.032,5.7,11.562,71,6.5,5.6,11.2,73.5,2.25,14.562,0.06,4.9,1,1,-4.546,24.75,99.562,0.75,35,4.0,4.438,1.375,-3.089,7.062,62.812,1.438,0.298,0.12,-8.73,2012,CLE2012
St. Louis Rams,STL,16,18.688,329.0,62.625,5.3,1.375,0.5,17.938,20.75,34.812,0.596,221.875,1.375,0.039,0.875,0.025,6.0,11.812,80,6.8,6.5,11.4,82.7,2.188,14.562,0.059000000000000004,5.7,4,3,-3.334,25.625,107.125,0.312,53,4.2,4.938,1.5,-4.612,8.125,61.125,1.188,0.275,0.11,-8.518,2012,STL2012
Oakland Raiders,OAK,16,18.125,344.0,64.5,5.3,1.625,0.625,18.75,23.5,39.312,0.598,255.25,1.5,0.038,1.0,0.025,6.2,12.5,64,6.8,6.4,11.4,82.4,1.688,13.0,0.040999999999999995,5.9,2,2,-1.113,23.5,88.75,0.25,64,3.8,4.5,1.375,-5.951,6.75,58.688,1.75,0.314,0.128,-7.399,2012,OAK2012
Miami Dolphins,MIA,16,18.0,311.5,61.312,5.1,1.625,0.812,18.0,18.312,31.5,0.581,198.875,0.812,0.026000000000000002,0.812,0.026000000000000002,5.9,9.875,80,6.8,6.2,11.7,76.7,2.312,15.188,0.068,5.3,1,1,-1.058,27.5,112.625,0.938,65,4.1,5.812,1.562,-4.413,5.125,45.25,2.312,0.27399999999999997,0.129,-5.541,2012,MIA2012
New York Jets,NYJ,16,17.562,299.188,64.625,4.6,2.312,1.125,18.688,17.0,30.812,0.552,180.688,0.875,0.027999999999999997,1.188,0.039,5.4,10.125,66,6.4,5.3,11.7,68.3,2.938,17.938,0.087,4.3,2,2,-6.084,30.875,118.5,0.75,61,3.8,6.375,2.0,-3.676,5.188,44.25,2.188,0.242,0.175,-10.409,2012,NYJ2012
Philadelphia Eagles,PHI,16,17.5,354.062,67.438,5.3,2.312,1.375,20.75,22.938,38.625,0.594,236.938,1.125,0.028999999999999998,0.938,0.024,5.7,11.875,77,6.6,6.1,11.1,78.6,3.0,17.75,0.07200000000000001,5.2,4,4,-5.519,25.812,117.125,0.625,65,4.5,6.938,2.312,-5.344,6.125,50.812,1.938,0.299,0.179,-10.904,2012,PHI2012
Jacksonville Jaguars,JAX,16,15.938,299.25,62.125,4.8,1.625,0.562,16.812,20.5,36.625,0.56,213.688,1.25,0.034,1.062,0.028999999999999998,5.4,9.812,81,6.4,5.8,11.4,74.7,3.125,20.438,0.079,4.8,1,1,-7.608,22.375,85.562,0.312,59,3.8,4.75,1.25,-3.689,6.312,59.688,2.25,0.255,0.128,-12.006,2012,JAX2012
Arizona Cardinals,ARI,16,15.625,263.062,63.625,4.1,2.125,0.812,15.375,21.062,38.0,0.5539999999999999,187.812,0.688,0.018000000000000002,1.312,0.035,4.5,10.5,53,5.6,4.4,10.0,63.1,3.625,23.625,0.087,3.4,3,3,-12.353,22.0,75.25,0.625,52,3.4,3.625,1.562,-5.561,6.375,53.562,1.25,0.22,0.14800000000000002,-18.565,2012,ARI2012
Kansas City Chiefs,KAN,16,13.188,319.25,63.438,5.0,2.312,1.062,17.875,17.062,29.688,0.575,169.562,0.5,0.017,1.25,0.042,5.3,9.0,57,6.2,4.6,10.8,63.8,2.5,14.0,0.078,3.8,1,1,-8.577,31.25,149.688,0.562,91,4.8,7.375,1.625,-3.754,5.75,45.812,1.5,0.242,0.188,-12.722,2012,KAN2012
Denver Broncos,DEN,16,37.875,457.312,72.25,6.3,1.625,1.0,27.188,28.812,42.188,0.6829999999999999,340.25,3.438,0.081,0.625,0.015,7.8,18.312,78,8.3,9.2,12.1,114.4,1.25,8.0,0.028999999999999998,8.8,2,2,17.983,28.812,117.062,1.0,45,4.1,6.688,1.688,-0.744,7.312,62.5,2.188,0.475,0.10400000000000001,17.326,2013,DEN2013
Chicago Bears,CHI,16,27.812,381.812,63.312,6.0,1.438,0.625,21.5,23.312,36.188,0.644,267.562,2.0,0.055,0.812,0.022000000000000002,7.0,13.438,80,7.7,7.8,11.9,96.9,1.875,10.562,0.049,7.1,4,4,5.173,25.25,114.25,0.812,55,4.5,6.375,1.312,0.142,5.312,44.25,1.688,0.39,0.121,4.705,2013,CHI2013
New England Patriots,NWE,16,27.75,384.5,71.125,5.4,1.25,0.562,23.625,23.75,39.25,0.605,255.438,1.562,0.04,0.688,0.018000000000000002,6.1,14.062,81,6.9,6.9,11.4,87.3,2.5,16.0,0.06,6.1,5,5,6.972,29.375,129.062,1.188,47,4.4,6.875,1.5,-0.671,4.312,39.062,2.688,0.408,0.1,6.277,2013,NWE2013
Philadelphia Eagles,PHI,16,27.625,417.25,65.875,6.3,1.188,0.625,22.188,19.375,31.75,0.61,256.875,2.0,0.063,0.562,0.018000000000000002,7.4,12.312,70,8.7,9.1,14.2,102.7,2.875,18.5,0.083,7.8,1,1,7.041,31.25,160.375,1.188,65,5.1,8.312,1.188,1.708,5.938,52.875,1.562,0.368,0.09,8.378,2013,PHI2013
Dallas Cowboys,DAL,16,27.438,341.125,59.812,5.7,1.25,0.5,20.312,23.438,36.625,0.64,247.125,2.062,0.055999999999999994,0.75,0.02,6.4,13.312,82,7.2,7.4,11.3,95.7,2.188,17.0,0.055999999999999994,6.6,2,4,4.688,21.0,94.0,0.75,45,4.5,5.0,1.125,1.481,6.375,54.188,2.0,0.39899999999999997,0.098,5.556,2013,DAL2013
Cincinnati Bengals,CIN,16,26.875,368.188,68.562,5.4,1.875,0.625,20.625,22.75,36.688,0.62,258.5,2.062,0.055999999999999994,1.25,0.034,6.7,12.812,82,7.4,6.9,11.9,89.0,1.812,11.375,0.047,6.3,1,3,4.776,30.062,109.688,0.875,35,3.6,6.312,1.25,-2.105,6.375,62.5,1.5,0.32299999999999995,0.149,2.094,2013,CIN2013
Kansas City Chiefs,KAN,16,26.875,337.25,64.312,5.2,1.125,0.625,20.188,20.812,34.125,0.61,208.75,1.5,0.044000000000000004,0.5,0.015,5.7,11.188,71,6.5,6.7,10.7,88.6,2.562,13.812,0.07,5.9,1,1,3.676,27.625,128.5,1.062,46,4.7,6.875,1.312,-0.649,6.312,48.375,2.125,0.32,0.091,2.428,2013,KAN2013
Green Bay Packers,GNB,16,26.062,400.25,67.125,6.0,1.562,0.562,21.938,22.875,35.625,0.642,266.75,1.562,0.044000000000000004,1.0,0.027999999999999997,6.9,12.562,83,8.0,7.6,12.4,91.7,2.812,16.875,0.073,6.6,4,3,6.022,28.688,133.5,1.062,67,4.7,7.438,1.188,1.687,5.375,50.062,1.938,0.409,0.124,7.114,2013,GNB2013
Seattle Seahawks,SEA,16,26.062,339.0,60.812,5.6,1.188,0.625,19.188,16.688,26.25,0.636,202.25,1.688,0.064,0.562,0.021,7.0,10.0,80,8.4,8.7,13.1,102.4,2.75,17.0,0.095,7.3,3,4,7.072,31.812,136.75,0.875,43,4.3,7.25,1.625,-2.218,8.0,73.938,1.938,0.40700000000000003,0.09300000000000001,3.784,2013,SEA2013
New Orleans Saints,NOR,16,25.875,399.438,67.438,5.9,1.188,0.438,22.438,27.875,40.688,0.685,307.375,2.438,0.06,0.75,0.018000000000000002,7.1,15.25,76,7.9,8.3,11.6,104.5,2.312,15.25,0.054000000000000006,7.5,2,2,11.621,24.438,92.062,0.625,38,3.8,5.438,0.75,-0.869,5.938,51.062,1.75,0.40299999999999997,0.083,10.616,2013,NOR2013
San Francisco 49ers,SFO,16,25.375,323.75,60.062,5.4,1.125,0.625,17.875,15.25,26.062,0.585,186.188,1.312,0.05,0.5,0.019,6.5,9.25,64,7.7,7.8,13.2,91.7,2.438,14.438,0.086,6.7,2,3,4.471,31.562,137.562,1.125,51,4.4,7.188,1.25,0.387,6.438,52.812,1.438,0.37799999999999995,0.09,3.635,2013,SFO2013
San Diego Chargers,SDG,16,24.75,393.312,66.25,5.9,1.312,0.625,23.312,23.625,34.0,0.695,270.5,2.0,0.059000000000000004,0.688,0.02,7.5,14.375,60,8.2,8.5,11.8,105.5,1.875,9.375,0.052000000000000005,7.8,4,4,12.389,30.375,122.812,0.562,51,4.0,6.5,0.875,0.197,5.938,47.812,2.438,0.449,0.114,11.643,2013,SDG2013
Detroit Lions,DET,16,24.688,392.125,68.875,5.7,2.125,0.938,21.875,23.188,39.625,0.585,280.125,1.812,0.046,1.188,0.03,6.8,13.812,87,7.3,6.9,12.5,84.2,1.438,10.5,0.035,6.4,2,3,4.251,27.812,112.0,0.938,39,4.0,6.625,1.75,-2.41,6.875,57.812,1.438,0.321,0.17300000000000001,1.599,2013,DET2013
Indianapolis Colts,IND,16,24.438,341.75,63.938,5.3,0.875,0.25,19.875,21.875,36.375,0.601,232.812,1.438,0.04,0.625,0.017,6.1,11.938,73,6.8,6.8,11.3,86.5,2.0,14.188,0.052000000000000005,6.1,3,3,5.387,25.562,108.938,0.938,51,4.3,5.5,0.875,0.628,4.125,36.0,2.438,0.38799999999999996,0.069,6.125,2013,IND2013
Minnesota Vikings,MIN,16,24.438,344.25,63.312,5.4,2.0,0.812,19.312,20.312,34.125,0.595,214.188,1.125,0.033,1.188,0.035,5.8,10.812,79,6.7,5.8,11.2,76.0,2.75,13.625,0.075,5.0,3,2,-0.254,26.438,130.062,1.438,78,4.9,6.625,1.438,2.181,4.375,43.438,1.875,0.344,0.149,1.532,2013,MIN2013
Arizona Cardinals,ARI,16,23.688,346.375,64.812,5.3,1.938,0.562,20.562,22.688,35.875,0.632,250.125,1.5,0.042,1.375,0.038,6.5,12.812,91,7.5,6.6,11.8,83.9,2.562,18.062,0.067,5.7,3,4,2.719,26.375,96.25,0.75,80,3.6,5.25,1.375,-2.367,6.0,46.5,2.5,0.33,0.155,-0.359,2013,ARI2013
Pittsburgh Steelers,PIT,16,23.688,337.5,63.938,5.3,1.5,0.625,19.5,23.562,36.625,0.643,251.062,1.75,0.048,0.875,0.024,6.4,12.938,67,7.3,7.2,11.4,92.3,2.688,18.062,0.068,6.3,1,3,4.572,24.625,86.438,0.562,43,3.5,5.062,1.0,-2.952,5.0,42.312,1.5,0.354,0.127,1.676,2013,PIT2013
Carolina Panthers,CAR,16,22.875,316.812,62.438,5.1,1.188,0.375,19.938,18.25,29.562,0.617,190.188,1.5,0.051,0.812,0.027000000000000003,5.9,10.562,79,7.1,6.9,11.6,88.8,2.688,21.0,0.083,5.7,4,4,4.036,30.188,126.625,0.875,56,4.2,7.625,0.75,1.769,5.0,41.938,1.75,0.365,0.094,5.65,2013,CAR2013
Tennessee Titans,TEN,16,22.625,336.875,64.5,5.2,1.562,0.562,19.438,20.5,33.312,0.615,218.5,1.375,0.040999999999999995,1.0,0.03,6.1,10.75,77,7.0,6.4,11.3,83.6,2.312,13.375,0.065,5.6,3,4,3.69,28.875,118.375,1.0,39,4.1,6.438,1.688,-0.211,6.312,56.25,2.25,0.342,0.114,2.908,2013,TEN2013
Atlanta Falcons,ATL,16,22.062,343.125,64.0,5.4,1.75,0.688,20.625,27.812,41.188,0.675,265.188,1.625,0.039,1.062,0.026000000000000002,6.0,14.188,81,6.9,6.5,10.2,89.5,2.75,18.625,0.063,5.7,1,1,4.899,20.062,77.938,0.688,50,3.9,4.0,1.062,-1.369,5.688,49.25,2.438,0.341,0.145,3.033,2013,ATL2013
St. Louis Rams,STL,16,21.75,304.812,60.5,5.0,1.312,0.625,17.625,18.812,31.625,0.595,195.312,1.375,0.043,0.688,0.022000000000000002,5.8,10.312,81,6.6,6.5,11.2,84.8,2.25,14.688,0.066,5.7,1,1,1.238,26.625,109.5,0.625,65,4.1,5.125,1.25,-2.184,7.688,63.062,2.188,0.315,0.114,-0.7,2013,STL2013
Buffalo Bills,BUF,16,21.188,338.125,69.75,4.8,1.688,0.75,18.812,18.688,32.625,0.573,193.938,1.0,0.031,0.938,0.028999999999999998,5.4,9.312,59,6.5,5.8,11.3,75.0,3.0,16.875,0.084,4.8,2,3,-3.058,34.125,144.188,0.938,77,4.2,7.062,2.0,-0.601,6.875,59.625,2.438,0.299,0.121,-3.694,2013,BUF2013
Washington Redskins,WAS,16,20.875,369.688,69.188,5.3,2.125,0.938,20.562,22.188,38.188,0.581,234.438,1.25,0.033,1.188,0.031,5.7,12.375,62,6.6,5.9,11.4,76.1,2.688,19.125,0.066,5.0,1,2,-2.004,28.312,135.25,0.875,45,4.8,7.0,1.875,-0.244,6.188,50.125,1.188,0.276,0.166,-2.665,2013,WAS2013
Oakland Raiders,OAK,16,20.125,333.75,62.5,5.3,1.938,0.688,17.188,18.625,32.438,0.574,208.75,1.062,0.033,1.25,0.039,5.9,10.5,73,7.0,5.9,12.2,73.9,2.75,18.062,0.078,4.9,0,0,-1.889,27.312,125.0,1.0,93,4.6,5.625,1.688,-0.539,7.25,57.0,1.062,0.278,0.149,-3.258,2013,OAK2013
Baltimore Ravens,BAL,16,20.0,307.375,68.125,4.5,1.812,0.375,18.438,22.688,38.688,0.586,224.375,1.188,0.031,1.438,0.037000000000000005,5.4,11.812,74,6.3,5.3,10.8,72.0,3.0,20.25,0.07200000000000001,4.4,2,4,-0.609,26.438,83.0,0.438,47,3.1,4.25,0.938,-4.776,7.0,58.875,2.375,0.309,0.135,-5.962,2013,BAL2013
Miami Dolphins,MIA,16,19.812,312.938,62.562,5.0,1.625,0.438,17.375,22.312,37.125,0.601,222.938,1.5,0.04,1.188,0.032,5.5,12.812,67,6.7,6.0,11.1,80.1,3.625,24.938,0.08900000000000001,4.9,4,3,1.152,21.812,90.0,0.5,55,4.1,3.812,1.0,-2.0,4.375,37.375,0.75,0.299,0.134,-1.167,2013,MIA2013
Cleveland Browns,CLE,16,19.25,338.938,67.375,5.0,1.812,0.562,18.812,23.688,42.562,0.557,252.5,1.625,0.038,1.25,0.028999999999999998,5.5,12.5,95,6.4,5.9,11.5,75.7,3.062,20.75,0.067,5.0,1,2,-4.344,21.75,86.438,0.25,45,4.0,4.812,1.062,-0.161,6.5,57.5,1.5,0.262,0.138,-5.212,2013,CLE2013
New York Giants,NYG,16,18.375,307.5,61.75,5.0,2.75,0.938,17.5,20.312,35.438,0.573,224.25,1.125,0.032,1.812,0.051,5.9,11.0,70,6.8,5.2,11.9,67.6,2.5,17.938,0.066,4.4,1,2,-1.639,23.812,83.25,0.688,49,3.5,4.812,1.625,-4.746,5.688,49.125,1.688,0.255,0.201,-6.685,2013,NYG2013
New York Jets,NYJ,16,18.125,318.125,63.75,5.0,1.812,0.438,17.5,16.625,30.0,0.5539999999999999,183.25,0.812,0.027000000000000003,1.375,0.046,5.6,9.625,69,6.8,5.3,12.3,66.6,2.938,21.125,0.08900000000000001,4.2,2,5,-4.185,30.812,134.875,0.75,69,4.4,6.562,0.938,-1.229,6.75,52.312,1.312,0.29600000000000004,0.14800000000000002,-5.931,2013,NYJ2013
Tampa Bay Buccaneers,TAM,16,18.0,277.0,61.312,4.5,1.312,0.562,16.812,18.188,32.125,0.5660000000000001,176.25,1.375,0.043,0.75,0.023,5.0,9.812,85,6.2,6.0,10.9,79.6,2.938,22.562,0.084,4.8,2,2,-2.335,26.25,100.75,0.375,80,3.8,4.688,1.125,-2.241,7.562,71.0,2.312,0.271,0.096,-4.967,2013,TAM2013
Houston Texans,HOU,16,17.25,347.25,68.062,5.1,1.938,0.562,19.188,23.188,39.562,0.586,238.312,1.188,0.03,1.375,0.035,5.6,12.375,66,6.6,5.6,11.3,74.0,2.625,23.125,0.062,4.7,2,2,-4.224,25.875,108.938,0.438,60,4.2,5.625,1.312,-0.556,7.0,71.125,1.188,0.259,0.149,-5.316,2013,HOU2013
Jacksonville Jaguars,JAX,16,15.438,293.812,63.75,4.6,1.688,0.375,16.938,21.812,37.0,0.59,215.062,1.0,0.027000000000000003,1.312,0.035,5.4,11.0,67,6.3,5.3,10.7,71.8,3.125,19.375,0.078,4.4,1,1,-4.234,23.625,78.75,0.438,48,3.3,4.438,1.125,-3.074,6.0,49.812,1.5,0.23600000000000002,0.138,-8.132,2013,JAX2013
Green Bay Packers,GNB,16,30.375,386.125,62.562,6.2,0.812,0.438,22.25,21.812,33.5,0.6509999999999999,266.312,2.375,0.071,0.375,0.011000000000000001,7.5,13.875,80,8.3,9.2,12.7,109.9,1.875,11.625,0.053,8.4,1,1,13.466,27.188,119.812,0.875,44,4.4,6.5,1.188,-2.068,5.75,48.438,1.875,0.467,0.071,10.768,2014,GNB2014
Denver Broncos,DEN,16,30.125,402.875,66.688,6.0,1.25,0.312,22.5,24.938,37.938,0.657,291.312,2.5,0.066,0.938,0.025,7.5,14.188,86,7.9,8.1,12.0,101.3,1.062,7.375,0.027000000000000003,7.7,1,1,10.139,27.688,111.562,0.938,47,4.0,6.125,1.0,-1.206,7.5,65.312,2.188,0.39899999999999997,0.096,8.775,2014,DEN2014
Philadelphia Eagles,PHI,16,29.625,396.75,70.438,5.6,2.25,0.938,22.25,24.0,38.812,0.618,272.25,1.688,0.043,1.312,0.034,6.7,13.625,72,7.4,6.7,11.9,84.8,2.0,14.062,0.049,6.1,2,3,4.699,29.625,124.5,1.0,53,4.2,6.812,1.562,-1.912,7.188,62.188,1.812,0.369,0.172,2.198,2014,PHI2014
New England Patriots,NWE,16,29.25,365.5,67.062,5.5,0.812,0.25,22.562,24.5,38.062,0.644,257.562,2.125,0.055999999999999994,0.562,0.015,6.5,14.25,69,7.0,7.5,10.9,97.5,1.625,10.625,0.040999999999999995,6.9,2,2,11.737,27.375,107.938,0.812,43,3.9,6.0,0.812,0.437,7.5,67.5,2.312,0.45299999999999996,0.07200000000000001,11.32,2014,NWE2014
Dallas Cowboys,DAL,16,29.188,383.625,63.375,6.1,1.562,0.875,21.375,20.5,29.75,0.6890000000000001,236.5,2.312,0.078,0.688,0.023,7.5,12.812,68,8.4,8.9,12.2,110.9,1.875,14.0,0.059000000000000004,8.0,3,4,11.593,31.75,147.125,1.0,65,4.6,6.625,1.312,-0.274,6.562,52.438,1.938,0.436,0.128,10.889,2014,DAL2014
Indianapolis Colts,IND,16,28.625,406.625,69.062,5.9,1.938,0.938,23.188,25.625,41.312,0.62,305.875,2.625,0.064,1.0,0.024,7.1,15.688,80,7.7,7.8,12.3,96.8,1.812,10.5,0.042,7.3,1,1,9.027,25.938,100.75,0.562,49,3.9,5.0,1.938,-3.337,6.562,53.0,2.5,0.395,0.146,5.233,2014,IND2014
Pittsburgh Steelers,PIT,16,27.25,411.062,66.75,6.2,1.312,0.688,23.688,25.688,38.25,0.672,301.562,2.062,0.054000000000000006,0.625,0.016,7.5,15.188,94,8.2,8.5,12.2,103.2,2.062,10.75,0.051,7.8,2,3,11.268,26.438,109.5,0.625,81,4.1,6.125,1.0,-1.573,6.438,52.125,2.375,0.414,0.115,9.786,2014,PIT2014
Baltimore Ravens,BAL,16,25.562,364.875,63.812,5.7,1.25,0.5,21.562,21.5,34.625,0.621,238.688,1.688,0.049,0.75,0.022000000000000002,6.7,12.125,80,7.2,7.2,11.6,91.0,1.188,10.438,0.033,6.7,2,2,9.973,28.0,126.188,1.0,52,4.5,7.062,1.0,-1.085,6.938,54.375,2.375,0.396,0.099,8.452,2014,BAL2014
New Orleans Saints,NOR,16,25.062,411.375,68.438,6.0,1.875,0.812,24.688,28.5,41.188,0.6920000000000001,297.75,2.062,0.05,1.062,0.026000000000000002,6.9,16.125,69,7.5,7.4,10.9,97.0,1.875,11.75,0.044000000000000004,6.8,2,2,9.201,25.375,113.625,1.0,67,4.5,6.312,1.375,0.602,5.0,41.875,2.25,0.391,0.16699999999999998,9.466,2014,NOR2014
Seattle Seahawks,SEA,16,24.625,375.75,63.812,5.9,0.875,0.438,20.5,17.938,28.375,0.632,203.125,1.25,0.044000000000000004,0.438,0.015,6.6,10.0,80,7.7,7.9,12.2,95.1,2.625,15.125,0.085,6.7,1,4,5.589,32.812,172.625,1.25,79,5.3,9.0,1.438,4.274,8.125,63.062,1.5,0.406,0.069,8.574,2014,SEA2014
Miami Dolphins,MIA,16,24.25,350.062,65.0,5.4,1.438,0.688,22.562,24.625,37.188,0.662,233.062,1.688,0.045,0.75,0.02,5.8,14.125,50,6.8,6.8,10.3,92.5,2.875,21.062,0.07200000000000001,5.8,2,1,5.099,24.938,117.0,0.75,97,4.7,6.188,1.688,-0.186,5.062,39.688,2.25,0.376,0.105,4.674,2014,MIA2014
Atlanta Falcons,ATL,16,23.812,378.188,64.688,5.8,1.438,0.5,20.625,26.125,39.5,0.6609999999999999,284.562,1.75,0.044000000000000004,0.938,0.024,6.9,14.562,79,7.5,7.3,11.4,93.4,1.938,12.812,0.047,6.7,3,3,5.831,23.25,93.625,0.688,55,4.0,4.688,1.0,-1.251,6.062,52.5,1.375,0.389,0.131,3.847,2014,ATL2014
New York Giants,NYG,16,23.75,367.188,67.875,5.4,1.75,0.875,21.0,23.938,37.938,0.631,267.0,1.875,0.049,0.875,0.023,6.7,13.625,80,7.4,7.3,11.7,92.2,1.875,12.375,0.047,6.7,1,1,5.276,28.062,100.188,0.812,50,3.6,5.188,1.312,-1.936,6.312,56.0,2.188,0.34700000000000003,0.124,2.538,2014,NYG2014
Houston Texans,HOU,16,23.25,344.562,66.375,5.2,1.375,0.562,19.562,18.438,30.312,0.608,209.5,1.375,0.045,0.812,0.027000000000000003,6.6,10.688,76,7.1,6.8,11.7,86.4,1.625,6.75,0.051,6.3,1,1,3.373,34.438,135.062,0.75,51,3.9,6.75,1.188,-2.139,5.875,52.125,2.125,0.33,0.113,0.813,2014,HOU2014
Cincinnati Bengals,CIN,16,22.812,348.0,63.625,5.5,1.625,0.562,19.562,20.188,31.438,0.642,213.812,1.25,0.04,1.062,0.034,6.5,10.25,81,7.1,6.3,11.0,84.2,1.438,8.125,0.044000000000000004,5.8,4,3,1.057,30.75,134.188,1.188,89,4.4,7.625,1.25,0.174,6.375,50.75,1.688,0.34,0.131,0.865,2014,CIN2014
Kansas City Chiefs,KAN,16,22.062,318.75,60.125,5.3,1.062,0.688,19.312,20.0,30.812,0.649,198.875,1.125,0.037000000000000005,0.375,0.012,5.9,11.5,70,7.0,7.1,10.7,92.2,3.062,15.375,0.09,6.0,3,3,3.731,26.25,119.875,1.125,63,4.6,5.75,1.375,0.648,5.5,42.562,2.062,0.358,0.092,3.288,2014,KAN2014
San Diego Chargers,SDG,16,21.75,341.562,63.062,5.4,1.438,0.312,20.375,23.75,35.875,0.662,256.125,1.938,0.054000000000000006,1.125,0.031,6.7,13.375,59,7.5,7.2,11.3,93.4,2.312,12.375,0.061,6.4,3,3,7.163,24.875,85.438,0.375,52,3.4,4.688,0.938,-2.507,6.938,60.438,2.312,0.33899999999999997,0.126,4.059,2014,SDG2014
Buffalo Bills,BUF,16,21.438,318.5,63.75,5.0,1.438,0.625,17.062,22.688,36.188,0.627,225.875,1.438,0.04,0.812,0.022000000000000002,5.8,11.625,84,6.7,6.4,10.6,86.0,2.438,15.125,0.063,5.6,2,3,1.132,25.125,92.625,0.438,53,3.7,4.062,1.375,-3.51,7.75,64.438,1.375,0.325,0.11199999999999999,-2.708,2014,BUF2014
Carolina Panthers,CAR,16,21.188,346.688,66.25,5.2,1.438,0.688,21.688,20.438,34.062,0.6,219.438,1.438,0.042,0.75,0.022000000000000002,6.0,12.438,51,7.0,6.9,11.7,86.2,2.625,19.812,0.07200000000000001,5.8,3,2,3.621,29.562,127.25,0.625,69,4.3,7.312,1.562,-0.387,5.188,47.25,1.938,0.348,0.11800000000000001,2.755,2014,CAR2014
Minnesota Vikings,MIN,16,20.312,315.5,61.312,5.1,1.25,0.125,18.0,20.125,32.312,0.623,202.75,1.062,0.033,1.125,0.035,5.7,10.688,87,6.9,6.0,11.1,79.2,3.188,20.125,0.09,4.9,3,3,0.48,25.812,112.75,0.75,67,4.4,5.625,0.75,0.563,6.25,52.25,1.688,0.318,0.10800000000000001,0.409,2014,MIN2014
St. Louis Rams,STL,16,20.25,314.688,59.812,5.3,1.688,0.688,18.0,20.438,32.188,0.635,212.5,1.25,0.039,1.0,0.031,6.0,11.812,63,7.2,6.6,11.3,84.9,2.938,18.438,0.084,5.5,1,2,0.088,24.688,102.188,0.688,89,4.1,4.938,1.688,-2.546,7.688,71.188,1.25,0.29600000000000004,0.14,-2.758,2014,STL2014
Detroit Lions,DET,16,20.062,340.75,65.312,5.2,1.25,0.5,19.375,22.812,37.75,0.604,251.875,1.375,0.036000000000000004,0.75,0.02,6.2,13.125,73,7.1,6.9,11.7,85.9,2.812,15.875,0.069,6.1,5,5,5.296,24.75,88.875,0.688,57,3.6,4.5,1.312,-1.73,7.375,61.812,1.75,0.324,0.095,3.162,2014,DET2014
Chicago Bears,CHI,16,19.938,327.062,62.812,5.2,1.812,0.625,20.125,24.75,38.062,0.65,237.0,1.875,0.049,1.188,0.031,5.8,12.125,74,6.6,6.2,10.2,87.3,2.562,15.188,0.063,5.4,1,1,0.007,22.188,90.062,0.5,32,4.1,5.688,1.188,0.101,7.062,62.312,2.312,0.278,0.161,-0.738,2014,CHI2014
Arizona Cardinals,ARI,16,19.375,319.75,62.062,5.2,1.062,0.312,18.875,20.0,35.5,0.563,238.0,1.312,0.037000000000000005,0.75,0.021,6.4,11.938,81,7.0,6.8,12.5,81.8,1.75,11.375,0.047,6.2,3,3,3.248,24.812,81.75,0.375,22,3.3,4.188,1.0,-3.097,5.688,44.188,2.75,0.309,0.094,-0.612,2014,ARI2014
San Francisco 49ers,SFO,16,19.125,327.438,63.062,5.2,1.375,0.75,18.938,18.25,30.438,0.6,191.438,1.25,0.040999999999999995,0.625,0.021,5.7,10.312,80,7.0,6.9,11.7,86.3,3.25,21.5,0.096,5.6,3,2,2.719,29.375,136.0,0.625,90,4.6,6.5,1.125,-1.747,7.25,58.562,2.125,0.309,0.11800000000000001,0.862,2014,SFO2014
Washington Redskins,WAS,16,18.812,358.625,62.875,5.7,1.938,0.812,19.875,22.75,34.188,0.665,252.938,1.125,0.033,1.125,0.033,6.7,11.625,81,8.2,7.3,12.3,88.8,3.625,25.875,0.096,5.9,1,3,2.142,25.062,105.688,0.938,30,4.2,5.5,1.938,-0.753,7.5,70.625,2.75,0.297,0.156,0.879,2014,WAS2014
Cleveland Browns,CLE,16,18.688,324.562,63.125,5.1,1.438,0.438,18.375,17.125,31.375,0.546,216.562,0.75,0.024,1.0,0.032,6.5,11.188,81,7.3,6.4,13.4,72.8,1.938,13.312,0.057999999999999996,5.6,4,4,1.509,29.812,108.0,1.062,36,3.6,5.5,1.062,-2.154,7.25,58.25,1.688,0.28,0.109,-1.322,2014,CLE2014
New York Jets,NYJ,16,17.688,326.625,65.75,5.0,1.5,0.562,18.062,17.938,31.125,0.5760000000000001,184.125,1.0,0.032,0.938,0.03,5.4,9.625,74,6.4,5.7,11.2,75.1,2.938,16.25,0.086,4.8,1,2,-1.044,31.688,142.5,0.688,71,4.5,7.0,1.562,-0.659,6.812,58.25,1.438,0.317,0.11800000000000001,-2.808,2014,NYJ2014
Tampa Bay Buccaneers,TAM,16,17.312,292.0,58.5,5.0,2.062,0.812,16.438,18.812,33.188,0.5670000000000001,206.062,1.312,0.04,1.25,0.038,5.7,10.125,56,6.8,5.9,12.0,75.2,3.25,20.375,0.08900000000000001,4.8,1,1,-1.219,22.062,85.938,0.438,63,3.9,4.5,1.812,-2.498,7.375,58.688,1.812,0.267,0.172,-4.204,2014,TAM2014
Tennessee Titans,TEN,16,15.875,303.688,57.438,5.3,1.625,0.625,16.125,18.688,32.062,0.583,213.25,1.25,0.039,1.0,0.031,6.1,9.938,80,7.3,6.7,12.5,81.0,3.125,20.375,0.08900000000000001,5.5,0,0,-2.03,22.25,90.438,0.375,52,4.1,4.688,1.438,-2.537,6.938,60.062,1.5,0.23600000000000002,0.126,-5.553,2014,TEN2014
Oakland Raiders,OAK,16,15.812,282.188,62.125,4.5,1.812,0.812,15.5,22.812,39.312,0.58,204.688,1.375,0.035,1.0,0.025,5.0,10.812,77,5.5,5.0,9.5,74.4,1.75,11.312,0.043,4.6,1,1,-3.622,21.062,77.5,0.25,90,3.7,3.5,1.75,-4.537,7.25,58.688,1.188,0.22699999999999998,0.136,-8.717,2014,OAK2014
Jacksonville Jaguars,JAX,16,15.562,289.625,61.75,4.7,1.625,0.5,16.938,20.312,34.812,0.583,187.562,0.938,0.027000000000000003,1.125,0.032,4.8,9.625,63,6.2,5.3,10.6,72.0,4.438,28.125,0.113,4.0,1,1,-6.525,22.5,102.062,0.562,62,4.5,5.375,0.938,-0.285,4.562,35.812,1.938,0.226,0.128,-7.533,2014,JAX2014
Carolina Panthers,CAR,16,31.25,366.938,66.25,5.5,1.188,0.562,22.312,18.75,31.312,0.599,224.312,2.188,0.07,0.625,0.02,6.7,12.312,74,7.7,8.2,12.9,99.2,2.062,17.75,0.062,7.2,3,4,6.509,32.875,142.625,1.188,47,4.3,8.5,0.75,0.924,6.438,55.438,1.5,0.429,0.096,7.205,2015,CAR2015
Arizona Cardinals,ARI,16,30.562,408.312,65.062,6.3,1.5,0.688,23.312,22.062,35.125,0.628,288.5,2.188,0.062,0.812,0.023,7.8,14.812,68,8.5,8.7,13.5,100.9,1.688,9.938,0.046,8.0,1,4,12.562,28.25,119.812,1.0,63,4.2,5.75,1.438,-1.847,5.875,47.375,2.75,0.425,0.11800000000000001,9.277,2015,ARI2015
New England Patriots,NWE,16,29.062,374.438,65.625,5.7,0.875,0.438,21.75,25.25,39.312,0.642,286.688,2.25,0.057,0.438,0.011000000000000001,6.9,14.375,76,7.7,8.3,11.9,101.9,2.375,14.062,0.057,7.5,2,2,10.828,23.938,87.75,0.875,38,3.7,5.438,0.875,-1.575,6.0,53.75,1.938,0.43200000000000005,0.057,8.628,2015,NWE2015
Seattle Seahawks,SEA,16,26.438,378.625,64.688,5.9,1.0,0.5,20.938,20.812,30.562,0.6809999999999999,236.875,2.125,0.07,0.5,0.016,7.1,11.875,80,8.3,9.0,12.2,109.8,2.875,16.938,0.086,7.7,2,2,10.921,31.25,141.75,0.625,69,4.5,8.0,1.062,-0.332,7.312,62.938,1.062,0.42,0.086,8.082,2015,SEA2015
Pittsburgh Steelers,PIT,16,26.438,395.438,63.188,6.3,1.75,0.438,20.688,24.438,36.875,0.6629999999999999,287.688,1.625,0.044000000000000004,1.312,0.036000000000000004,7.4,12.938,88,8.2,7.5,12.3,91.2,2.062,13.688,0.053,6.7,2,3,6.378,24.25,107.75,1.0,55,4.4,5.688,1.0,-0.804,5.875,54.25,2.062,0.405,0.13699999999999998,1.436,2015,PIT2015
New York Giants,NYG,16,26.25,372.0,65.812,5.7,1.312,0.438,20.688,24.5,38.938,0.629,271.438,2.25,0.057999999999999996,0.875,0.022000000000000002,6.7,13.0,87,7.2,7.4,11.5,94.5,1.688,9.812,0.042,6.8,1,2,5.112,25.188,100.562,0.312,39,4.0,4.812,1.438,-2.241,6.375,48.562,2.875,0.382,0.113,1.952,2015,NYG2015
Cincinnati Bengals,CIN,16,26.188,358.0,62.75,5.7,1.062,0.5,20.25,20.875,31.562,0.6609999999999999,245.188,1.938,0.061,0.562,0.018000000000000002,7.3,11.938,80,8.1,8.6,12.3,104.1,2.0,11.312,0.06,7.7,3,3,8.981,29.188,112.812,1.125,38,3.9,6.188,1.062,-2.222,6.938,57.312,2.125,0.396,0.09300000000000001,5.162,2015,CIN2015
New Orleans Saints,NOR,16,25.5,403.812,68.5,5.9,1.25,0.5,23.812,28.75,41.688,0.69,310.625,2.0,0.048,0.75,0.018000000000000002,7.1,15.438,80,7.8,8.0,11.3,100.6,2.0,14.688,0.046,7.3,1,2,11.205,24.812,93.188,1.0,70,3.8,6.125,1.062,-0.24,8.125,69.5,2.25,0.363,0.10400000000000001,9.168,2015,NOR2015
Kansas City Chiefs,KAN,16,25.312,331.188,59.688,5.5,0.938,0.5,18.938,19.375,29.562,0.655,203.438,1.25,0.042,0.438,0.015,6.3,9.688,80,7.4,7.6,11.3,95.4,2.875,14.875,0.08900000000000001,6.4,1,1,2.221,27.25,127.75,1.188,52,4.7,7.25,0.938,1.861,6.5,54.875,2.0,0.379,0.071,2.596,2015,KAN2015
Washington Redskins,WAS,16,24.25,353.812,63.188,5.6,1.375,0.688,19.812,24.125,34.688,0.695,255.938,1.875,0.054000000000000006,0.688,0.02,7.0,13.0,78,7.7,7.9,11.1,102.0,1.688,12.438,0.046,7.2,2,3,8.218,26.812,97.875,0.562,48,3.7,5.062,1.625,-3.371,6.562,51.75,1.75,0.361,0.111,3.433,2015,WAS2015
New York Jets,NYJ,16,24.188,370.312,67.125,5.5,1.5,0.5,20.562,22.625,37.75,0.599,253.562,2.062,0.055,1.0,0.026000000000000002,6.5,13.125,69,6.9,6.8,11.5,88.0,1.375,7.062,0.035,6.4,2,3,6.069,28.0,116.75,0.688,58,4.2,6.188,1.062,-0.809,6.0,49.188,1.25,0.35700000000000004,0.11599999999999999,4.516,2015,NYJ2015
Buffalo Bills,BUF,16,23.688,360.938,63.5,5.7,1.188,0.625,18.562,18.438,29.062,0.634,208.938,1.438,0.049,0.562,0.019,6.6,9.688,63,7.7,7.9,12.2,95.6,2.625,16.062,0.083,6.7,1,2,2.526,31.812,152.0,1.188,60,4.8,7.625,1.75,1.644,8.938,78.062,1.25,0.349,0.086,2.357,2015,BUF2015
Philadelphia Eagles,PHI,16,23.562,364.375,68.875,5.3,1.938,0.812,21.188,25.312,38.938,0.65,255.438,1.438,0.037000000000000005,1.125,0.028999999999999998,6.2,12.062,78,7.0,6.4,10.7,85.6,2.312,15.875,0.055999999999999994,5.7,0,2,2.31,27.625,108.938,0.938,63,3.9,6.875,1.562,-2.055,6.5,51.188,2.25,0.29100000000000004,0.153,0.067,2015,PHI2015
Jacksonville Jaguars,JAX,16,23.5,348.812,63.25,5.5,1.75,0.625,19.562,22.188,37.938,0.585,256.75,2.188,0.057999999999999996,1.125,0.03,6.2,13.438,90,7.3,7.1,12.5,88.1,3.188,20.0,0.078,6.1,3,4,3.011,22.125,92.062,0.312,45,4.2,4.312,1.562,-3.079,6.562,55.0,1.812,0.342,0.14,-1.758,2015,JAX2015
Green Bay Packers,GNB,16,23.0,334.562,66.0,5.1,1.062,0.562,19.812,21.75,35.812,0.607,218.938,1.938,0.054000000000000006,0.5,0.013999999999999999,5.7,10.812,65,6.7,7.1,11.0,92.7,2.938,20.125,0.076,6.1,2,2,5.706,27.25,115.625,0.5,65,4.2,6.25,1.5,-1.118,6.562,56.625,2.75,0.33299999999999996,0.08900000000000001,2.538,2015,GNB2015
Minnesota Vikings,MIN,16,22.812,321.188,60.812,5.3,1.062,0.5,18.562,18.375,28.375,0.648,183.0,0.875,0.031,0.562,0.02,5.9,9.562,52,7.1,6.9,11.0,87.9,2.812,19.875,0.09,5.6,1,2,1.185,29.625,138.188,1.125,80,4.7,7.062,1.312,1.161,5.5,49.812,1.938,0.384,0.09300000000000001,1.837,2015,MIN2015
Oakland Raiders,OAK,16,22.438,333.5,63.0,5.3,1.5,0.625,18.75,23.312,37.812,0.617,242.438,2.125,0.055999999999999994,0.875,0.023,6.1,12.062,68,6.8,6.9,11.1,91.0,2.062,15.625,0.052000000000000005,6.2,4,4,3.552,23.125,91.062,0.438,54,3.9,4.625,1.688,-1.701,8.688,68.875,2.062,0.318,0.10300000000000001,0.295,2015,OAK2015
Detroit Lions,DET,16,22.375,346.688,64.375,5.4,1.5,0.625,21.062,26.25,39.5,0.665,263.25,2.062,0.052000000000000005,0.875,0.022000000000000002,6.2,14.75,57,7.1,7.1,10.6,95.1,2.75,15.688,0.065,6.3,2,3,4.906,22.125,83.438,0.438,36,3.8,4.438,1.062,-1.708,6.5,58.125,1.875,0.34600000000000003,0.12300000000000001,1.988,2015,DET2015
Denver Broncos,DEN,16,22.188,355.5,66.0,5.4,1.938,0.5,19.625,23.0,37.875,0.607,248.125,1.188,0.031,1.438,0.038,6.2,12.562,75,7.0,5.9,11.5,76.3,2.438,15.375,0.06,5.1,5,5,0.024,25.688,107.375,0.812,72,4.2,5.312,1.0,-2.145,7.188,66.438,1.75,0.312,0.151,-3.186,2015,DEN2015
Tampa Bay Buccaneers,TAM,16,21.375,375.875,63.562,5.9,1.75,0.812,21.0,19.5,33.438,0.583,240.75,1.375,0.040999999999999995,0.938,0.027999999999999997,6.9,12.562,68,7.6,7.1,13.0,84.2,1.688,11.875,0.048,6.4,2,3,4.902,28.438,135.125,0.75,84,4.8,6.188,1.625,-0.472,8.938,74.688,2.25,0.358,0.14800000000000002,2.539,2015,TAM2015
Atlanta Falcons,ATL,16,21.188,374.062,67.062,5.6,1.875,0.812,22.438,25.625,38.812,0.66,273.688,1.312,0.034,1.062,0.027000000000000003,6.7,14.375,70,7.4,6.9,11.2,87.8,2.0,13.938,0.049,6.2,4,4,7.707,26.25,100.375,0.812,46,3.8,5.938,1.625,-3.296,6.25,60.562,2.125,0.345,0.172,3.292,2015,ATL2015
Houston Texans,HOU,16,21.188,347.75,70.438,4.9,1.25,0.5,20.938,22.375,38.688,0.578,239.562,1.812,0.047,0.75,0.019,5.9,13.125,61,6.6,6.7,11.4,85.3,2.25,15.375,0.055,5.9,3,3,1.487,29.5,108.188,0.438,41,3.7,5.625,1.375,-2.848,6.688,56.875,2.188,0.289,0.098,-2.376,2015,HOU2015
Chicago Bears,CHI,16,20.938,344.625,64.062,5.4,1.312,0.562,19.5,20.875,32.688,0.639,228.75,1.312,0.04,0.75,0.023,6.6,11.062,87,7.3,7.1,11.5,89.7,2.125,11.438,0.061,6.4,4,4,3.094,29.25,115.875,0.812,27,4.0,6.75,1.25,-0.757,6.188,56.812,1.688,0.374,0.11199999999999999,0.526,2015,CHI2015
Indianapolis Colts,IND,16,20.812,321.375,65.75,4.9,1.875,0.688,19.438,22.188,38.688,0.574,231.5,1.625,0.042,1.188,0.031,5.6,12.188,87,6.3,5.8,11.1,77.5,2.312,14.0,0.055999999999999994,5.1,2,4,0.936,24.75,89.875,0.375,37,3.6,4.812,1.188,-3.574,6.75,58.188,2.438,0.294,0.14400000000000002,-3.211,2015,IND2015
Baltimore Ravens,BAL,16,20.5,359.312,67.688,5.3,1.75,0.438,20.188,26.625,42.25,0.63,266.938,1.312,0.031,1.312,0.031,6.1,13.188,50,6.6,5.8,10.4,79.4,1.5,11.125,0.034,5.4,3,3,0.691,23.938,92.375,0.5,44,3.9,5.562,0.812,-2.116,7.625,72.062,1.438,0.33299999999999996,0.14,-2.948,2015,BAL2015
San Diego Chargers,SDG,16,20.0,371.812,68.75,5.4,1.5,0.688,21.5,27.625,41.688,0.6629999999999999,286.938,1.875,0.045,0.812,0.019,6.5,14.375,80,7.3,7.3,11.0,94.5,2.5,16.5,0.057,6.5,1,2,5.484,24.562,84.875,0.25,53,3.5,4.938,1.25,-3.652,7.312,58.875,2.188,0.337,0.124,0.672,2015,SDG2015
Miami Dolphins,MIA,16,19.375,331.688,61.062,5.4,1.188,0.438,18.188,22.812,36.75,0.621,238.188,1.5,0.040999999999999995,0.75,0.02,6.0,12.125,54,7.2,7.1,11.6,88.9,2.812,26.25,0.071,5.9,2,2,1.741,21.5,93.5,0.688,85,4.3,4.5,1.438,-0.815,8.375,68.125,1.562,0.257,0.096,-0.305,2015,MIA2015
Tennessee Titans,TEN,16,18.688,311.75,61.0,5.1,2.062,1.0,18.625,21.375,34.438,0.621,218.938,1.562,0.045,1.062,0.031,5.8,12.188,61,7.1,6.6,11.4,85.5,3.375,24.375,0.08900000000000001,5.4,2,2,-0.704,23.188,92.812,0.625,87,4.0,4.125,1.562,-2.621,5.812,48.688,2.312,0.257,0.162,-5.612,2015,TEN2015
St. Louis Rams,STL,16,17.5,297.562,57.5,5.2,1.375,0.688,15.062,17.062,29.562,0.5770000000000001,175.312,0.688,0.023,0.688,0.023,5.7,7.875,68,6.2,5.6,10.7,74.1,1.125,7.875,0.037000000000000005,5.2,1,1,-3.049,26.812,122.25,1.0,71,4.6,5.75,1.375,-1.32,7.625,66.062,1.438,0.245,0.102,-5.479,2015,STL2015
Cleveland Browns,CLE,16,17.375,331.938,65.125,5.1,1.875,1.125,19.188,23.188,38.062,0.609,236.375,1.25,0.033,0.75,0.02,5.7,12.0,61,6.8,6.6,11.2,84.0,3.312,23.375,0.08,5.5,1,1,0.267,23.75,95.562,0.312,54,4.0,5.062,1.75,-2.31,7.5,67.688,2.125,0.298,0.152,-4.139,2015,CLE2015
Dallas Cowboys,DAL,16,17.188,335.062,60.562,5.5,2.062,0.688,19.188,20.875,33.0,0.633,216.938,1.0,0.03,1.375,0.042,6.2,10.938,67,7.0,5.7,11.0,76.6,2.062,12.875,0.059000000000000004,5.0,2,3,-1.756,25.5,118.125,0.5,50,4.6,5.875,1.125,-0.339,7.0,55.125,2.375,0.314,0.18,-3.245,2015,DAL2015
San Francisco 49ers,SFO,16,14.875,303.75,60.562,5.0,1.062,0.312,16.312,20.125,32.875,0.612,207.25,1.0,0.03,0.75,0.023,5.7,9.625,76,6.9,6.5,11.3,82.6,3.312,20.625,0.092,5.3,2,2,-1.417,24.375,96.5,0.438,47,4.0,5.188,1.312,-1.114,7.062,51.438,1.5,0.258,0.08199999999999999,-2.931,2015,SFO2015
Atlanta Falcons,ATL,16,33.75,415.812,62.188,6.7,0.688,0.25,23.688,23.375,33.562,0.696,295.312,2.375,0.071,0.438,0.013000000000000001,8.2,14.938,76,9.2,10.1,13.3,116.8,2.312,14.688,0.064,9.0,1,2,15.192,26.312,120.5,1.25,75,4.6,6.75,0.5,-0.689,6.5,53.0,2.0,0.526,0.063,13.254,2016,ATL2016
New Orleans Saints,NOR,16,29.312,426.0,69.062,6.2,1.5,0.562,24.688,29.5,42.125,0.7,317.125,2.375,0.055999999999999994,0.938,0.022000000000000002,7.2,16.562,98,7.8,7.9,11.1,102.5,1.688,11.5,0.039,7.4,2,4,7.283,25.25,108.875,1.062,75,4.3,6.562,1.062,-1.037,6.688,60.562,1.562,0.45899999999999996,0.127,4.804,2016,NOR2016
New England Patriots,NWE,16,27.562,386.25,66.0,5.9,0.688,0.562,21.938,23.0,34.375,0.669,269.25,2.0,0.057999999999999996,0.125,0.004,7.5,12.688,79,8.1,9.1,12.1,109.5,1.5,9.25,0.042,8.5,2,2,14.438,30.125,117.0,1.188,44,3.9,6.812,1.688,-7.281,5.812,51.188,2.438,0.429,0.049,7.086,2016,NWE2016
Green Bay Packers,GNB,16,27.0,368.75,64.312,5.7,1.062,0.562,21.812,25.188,38.75,0.65,262.438,2.5,0.065,0.5,0.013000000000000001,6.4,13.875,60,7.2,7.9,11.0,102.3,2.188,15.375,0.053,7.1,0,2,11.191,23.375,106.312,0.688,61,4.5,5.688,1.312,-3.128,6.25,51.688,2.25,0.43799999999999994,0.091,7.198,2016,GNB2016
Dallas Cowboys,DAL,16,26.312,376.688,63.125,6.0,0.938,0.562,22.375,20.312,30.188,0.6729999999999999,226.938,1.562,0.052000000000000005,0.375,0.012,7.1,11.938,83,7.9,8.3,11.7,103.0,1.75,10.5,0.055,7.6,5,5,6.492,31.188,149.75,1.5,60,4.8,8.875,1.375,-0.622,6.562,54.938,1.562,0.439,0.087,5.394,2016,DAL2016
Arizona Cardinals,ARI,16,26.125,366.75,67.875,5.4,1.75,0.688,23.0,23.938,40.375,0.593,258.5,1.75,0.043,1.062,0.026000000000000002,6.0,14.312,80,6.8,6.5,11.6,83.5,2.562,18.062,0.06,5.7,1,3,1.325,24.938,108.25,1.25,58,4.3,6.062,1.688,-1.931,6.5,55.562,2.625,0.35,0.142,-1.612,2016,ARI2016
Oakland Raiders,OAK,16,26.0,373.312,65.5,5.7,0.875,0.438,20.812,23.688,37.25,0.636,253.188,1.812,0.049,0.438,0.012,6.6,12.375,75,6.9,7.4,10.9,95.3,1.125,5.375,0.028999999999999998,7.0,7,7,3.994,27.125,120.125,1.062,75,4.4,6.125,1.062,-4.428,9.188,77.938,2.312,0.387,0.07200000000000001,-1.53,2016,OAK2016
Indianapolis Colts,IND,16,25.688,364.375,64.812,5.6,1.375,0.438,21.938,23.125,36.5,0.634,262.625,2.0,0.055,0.938,0.026000000000000002,6.7,13.75,64,7.7,7.6,12.1,94.5,2.75,18.062,0.07,6.6,4,4,6.392,25.562,101.75,0.812,33,4.0,5.812,1.0,-1.094,6.438,55.188,2.375,0.406,0.122,4.264,2016,IND2016
San Diego Chargers,SDG,16,25.625,356.75,63.375,5.6,2.188,0.875,21.25,21.812,36.25,0.602,262.375,2.062,0.057,1.312,0.036000000000000004,6.8,13.375,59,7.6,7.1,12.6,87.6,2.25,11.75,0.057999999999999996,6.4,1,1,3.908,24.875,94.375,0.625,48,3.8,5.625,1.375,-5.024,6.688,48.75,2.25,0.381,0.182,-1.819,2016,SDG2016
Buffalo Bills,BUF,16,24.938,354.125,63.25,5.6,0.75,0.312,20.5,17.875,29.625,0.603,189.75,1.062,0.036000000000000004,0.438,0.015,5.8,9.688,84,6.9,6.9,11.4,86.7,2.875,13.375,0.08800000000000001,5.9,1,1,2.303,30.75,164.375,1.812,75,5.3,9.125,0.938,2.212,7.0,60.0,1.688,0.36700000000000005,0.068,3.803,2016,BUF2016
Pittsburgh Steelers,PIT,16,24.938,372.625,64.125,5.8,1.125,0.188,21.0,23.812,37.25,0.639,262.625,2.062,0.055,0.938,0.025,6.8,13.125,72,7.3,7.3,11.5,93.9,1.312,10.938,0.034,6.8,3,3,4.466,25.562,110.0,0.812,60,4.3,6.062,0.938,-4.641,7.0,66.75,1.812,0.385,0.099,-1.405,2016,PIT2016
Washington Redskins,WAS,16,24.75,403.375,63.062,6.4,1.312,0.562,21.562,25.438,37.938,0.6709999999999999,297.375,1.562,0.040999999999999995,0.75,0.02,7.6,14.125,80,8.2,8.1,12.2,97.4,1.438,11.875,0.037000000000000005,7.5,4,4,9.188,23.688,106.0,1.062,66,4.5,5.562,1.188,-1.462,6.875,56.812,1.875,0.434,0.114,6.578,2016,WAS2016
Kansas City Chiefs,KAN,16,24.312,343.0,61.875,5.5,1.062,0.562,19.062,22.812,34.125,0.6679999999999999,233.75,1.188,0.035,0.5,0.015,6.5,12.312,80,7.2,7.2,10.7,93.2,2.0,10.875,0.055,6.5,3,3,2.184,25.75,109.25,0.938,70,4.2,5.375,1.125,-3.121,6.812,53.0,1.375,0.371,0.09,-1.44,2016,KAN2016
Tennessee Titans,TEN,16,23.812,358.0,63.0,5.7,1.125,0.438,20.125,19.188,31.5,0.609,221.312,1.812,0.057999999999999996,0.688,0.022000000000000002,6.7,10.938,60,7.4,7.5,12.1,93.7,1.75,11.188,0.053,6.8,2,2,2.681,29.75,136.688,1.0,75,4.6,7.188,1.0,-1.962,6.875,63.25,2.0,0.364,0.098,-0.625,2016,TEN2016
Carolina Panthers,CAR,16,23.062,343.688,65.75,5.2,1.812,0.625,19.875,19.125,35.188,0.544,230.312,1.312,0.037000000000000005,1.188,0.034,6.2,12.125,88,7.0,6.3,12.9,75.1,2.25,17.312,0.06,5.4,0,0,-0.754,28.312,113.375,1.0,47,4.0,6.188,0.812,-3.313,6.125,52.188,1.562,0.34700000000000003,0.14,-5.077,2016,CAR2016
Philadelphia Eagles,PHI,16,22.938,337.375,67.5,5.0,1.25,0.375,20.812,23.75,38.062,0.624,224.062,1.0,0.026000000000000002,0.875,0.023,5.6,12.0,73,6.2,5.7,10.0,79.2,2.062,13.312,0.051,5.1,1,1,0.945,27.375,113.312,1.0,30,4.1,7.125,1.5,-3.416,7.062,59.062,1.688,0.376,0.11199999999999999,-2.833,2016,PHI2016
Miami Dolphins,MIA,16,22.688,332.75,57.062,5.8,1.438,0.5,17.375,19.75,29.812,0.662,218.75,1.688,0.057,0.938,0.031,6.9,10.438,74,7.8,7.5,11.8,95.5,1.875,13.5,0.059000000000000004,6.6,4,5,1.109,25.375,114.0,0.875,62,4.5,5.625,1.625,-3.317,7.812,71.375,1.312,0.307,0.111,-3.024,2016,MIA2016
Seattle Seahawks,SEA,16,22.125,357.188,63.25,5.6,1.125,0.375,19.562,23.0,35.438,0.649,257.75,1.438,0.040999999999999995,0.75,0.021,6.8,12.688,59,7.8,7.7,12.0,93.4,2.625,18.625,0.069,6.6,4,3,3.861,25.188,99.438,0.812,75,3.9,5.312,1.375,-3.738,7.312,60.625,1.562,0.373,0.09699999999999999,-0.718,2016,SEA2016
Tampa Bay Buccaneers,TAM,16,22.125,346.375,66.625,5.2,1.688,0.562,21.25,22.188,36.125,0.614,245.375,1.812,0.05,1.125,0.031,6.4,13.75,45,7.2,6.8,11.7,87.0,2.188,14.938,0.057,6.0,1,3,4.93,28.312,101.0,0.5,45,3.6,5.0,1.188,-5.346,6.812,57.875,2.5,0.324,0.14800000000000002,-2.081,2016,TAM2016
Detroit Lions,DET,16,21.625,338.812,61.312,5.5,0.938,0.312,20.562,24.25,37.125,0.653,256.938,1.5,0.04,0.625,0.017,6.5,13.562,73,7.3,7.3,11.2,93.3,2.312,13.5,0.059000000000000004,6.6,8,8,4.758,21.875,81.875,0.562,42,3.7,4.75,0.562,-2.309,6.25,53.812,2.25,0.41,0.09,1.929,2016,DET2016
Baltimore Ravens,BAL,16,21.438,347.688,67.438,5.2,1.438,0.438,19.75,27.438,42.438,0.647,256.25,1.25,0.028999999999999998,1.0,0.024,5.8,12.812,95,6.4,5.9,9.9,82.6,2.062,15.188,0.046,5.3,2,2,-3.147,22.938,91.438,0.625,41,4.0,4.938,1.188,-1.129,7.812,69.438,2.0,0.35600000000000004,0.105,-5.399,2016,BAL2016
Denver Broncos,DEN,16,20.812,323.062,63.75,5.1,1.562,0.875,18.125,21.188,35.625,0.595,230.312,1.25,0.035,0.688,0.019,6.0,11.312,76,6.9,6.7,11.5,83.9,2.5,14.312,0.066,5.9,3,2,-0.596,25.625,92.75,0.688,64,3.6,4.75,1.5,-4.844,7.438,61.562,2.062,0.303,0.11599999999999999,-5.937,2016,DEN2016
Minnesota Vikings,MIN,16,20.438,315.062,62.875,5.0,1.0,0.688,18.938,25.875,36.75,0.7040000000000001,239.75,1.25,0.034,0.312,0.009000000000000001,6.1,13.062,71,7.0,7.3,9.9,97.7,2.375,17.688,0.061,6.4,1,1,3.121,23.75,75.312,0.562,36,3.2,4.125,1.25,-5.998,6.438,55.125,1.75,0.32799999999999996,0.075,-3.807,2016,MIN2016
Cincinnati Bengals,CIN,16,20.312,356.938,65.625,5.4,1.062,0.562,21.312,22.75,35.188,0.647,246.375,1.125,0.032,0.5,0.013999999999999999,6.5,12.75,86,7.5,7.5,11.6,91.8,2.562,16.5,0.068,6.5,2,1,4.54,27.875,110.562,1.062,74,4.0,6.25,1.25,-2.414,5.5,45.375,2.312,0.358,0.085,1.901,2016,CIN2016
Jacksonville Jaguars,JAX,16,19.875,334.938,65.75,5.1,1.812,0.812,20.062,23.062,39.125,0.589,233.0,1.5,0.038,1.0,0.026000000000000002,5.6,12.938,51,6.3,5.9,10.6,79.5,2.125,12.312,0.052000000000000005,5.3,1,1,0.768,24.5,101.938,0.5,57,4.2,4.688,1.438,-4.016,8.062,74.188,2.438,0.314,0.136,-4.219,2016,JAX2016
New York Giants,NYG,16,19.375,330.688,63.625,5.2,1.688,0.688,18.062,23.562,37.375,0.63,242.438,1.625,0.043,1.0,0.027000000000000003,6.3,11.875,75,6.7,6.4,10.7,86.0,1.375,9.25,0.035,5.9,3,6,0.003,24.875,88.25,0.375,25,3.5,4.562,1.375,-4.384,5.5,53.562,1.625,0.275,0.13,-4.637,2016,NYG2016
San Francisco 49ers,SFO,16,19.312,308.125,62.25,4.9,1.562,0.938,17.938,17.938,30.688,0.585,181.938,1.312,0.043,0.625,0.02,5.4,9.5,75,6.4,6.4,11.0,83.4,2.938,15.938,0.087,5.4,1,1,-2.353,28.625,126.188,0.938,47,4.4,7.25,1.812,-1.791,6.188,51.938,1.188,0.27399999999999997,0.107,-4.732,2016,SFO2016
Houston Texans,HOU,16,17.438,314.688,66.938,4.7,1.5,0.5,19.062,21.688,36.438,0.595,198.5,0.938,0.026000000000000002,1.0,0.027000000000000003,5.2,10.812,53,5.9,5.1,9.9,73.3,2.0,15.125,0.052000000000000005,4.5,4,4,-1.772,28.5,116.188,0.5,45,4.1,6.375,1.25,-4.311,5.438,54.25,1.875,0.314,0.114,-6.394,2016,HOU2016
Chicago Bears,CHI,16,17.438,356.5,60.438,5.9,1.938,0.75,20.25,21.688,34.938,0.621,248.062,1.188,0.034,1.188,0.034,6.8,13.25,64,7.4,6.6,11.9,81.8,1.75,10.625,0.048,6.0,0,0,-0.896,23.75,108.438,0.625,69,4.6,5.812,1.625,-2.918,6.875,60.438,1.188,0.273,0.174,-4.379,2016,CHI2016
New York Jets,NYJ,16,17.188,329.25,62.688,5.3,2.125,0.562,18.188,19.438,34.375,0.565,216.625,1.0,0.028999999999999998,1.562,0.045,5.9,10.375,69,6.6,5.2,11.7,67.6,2.188,11.188,0.06,4.5,1,1,-3.868,26.125,112.625,0.625,35,4.3,6.062,1.5,-0.857,5.812,52.312,1.75,0.297,0.17800000000000002,-4.981,2016,NYJ2016
Cleveland Browns,CLE,16,16.5,311.0,61.438,5.1,1.562,0.688,18.5,21.125,35.438,0.596,204.0,0.938,0.026000000000000002,0.875,0.025,5.2,11.312,58,6.5,5.9,10.9,77.4,4.125,26.812,0.10400000000000001,4.6,0,0,-0.606,21.875,107.0,0.812,85,4.9,5.188,1.625,-1.878,5.938,46.0,2.0,0.272,0.133,-4.526,2016,CLE2016
Los Angeles Rams,LAR,16,14.0,262.688,60.0,4.4,1.812,0.562,15.312,19.5,33.5,0.5820000000000001,184.438,0.875,0.026000000000000002,1.25,0.037000000000000005,5.0,9.438,66,6.2,5.0,10.6,69.5,3.062,22.625,0.084,4.0,1,2,-7.718,23.438,78.25,0.562,30,3.3,4.25,1.5,-3.361,7.875,68.188,1.625,0.218,0.145,-11.897,2016,LAR2016
Los Angeles Rams,LAR,16,29.875,361.5,62.5,5.8,1.312,0.875,19.438,20.0,32.375,0.618,239.438,1.75,0.054000000000000006,0.438,0.013999999999999999,7.0,11.562,94,7.8,8.2,12.6,98.3,1.75,12.0,0.051,7.5,1,1,2.786,28.375,122.062,1.062,57,4.3,6.062,1.812,-4.814,6.688,57.625,1.812,0.45299999999999996,0.095,-2.699,2017,LAR2017
New England Patriots,NWE,16,28.625,394.188,66.875,5.9,0.75,0.25,24.312,24.312,36.688,0.6629999999999999,276.125,2.0,0.055,0.5,0.013999999999999999,7.1,14.5,64,7.9,8.3,11.9,102.6,2.188,12.562,0.055999999999999994,7.6,2,2,12.371,28.0,118.062,1.0,44,4.2,6.688,0.812,-5.451,5.938,52.188,3.125,0.494,0.069,7.178,2017,NWE2017
Philadelphia Eagles,PHI,16,28.562,365.75,67.062,5.5,1.25,0.688,21.125,21.312,35.25,0.605,233.562,2.375,0.067,0.562,0.016,6.2,12.062,72,7.0,7.7,11.6,97.6,2.25,14.375,0.06,6.8,2,3,8.532,29.562,132.188,0.562,71,4.5,6.75,1.562,-6.819,7.25,60.125,2.312,0.40299999999999997,0.094,1.316,2017,PHI2017
New Orleans Saints,NOR,16,28.0,391.188,62.5,6.3,1.125,0.625,20.75,24.125,33.5,0.72,261.812,1.438,0.043,0.5,0.015,7.5,12.562,54,8.1,8.3,11.2,103.9,1.25,9.062,0.036000000000000004,7.7,2,2,4.923,27.75,129.375,1.438,74,4.7,6.938,1.188,-4.485,6.562,60.438,1.25,0.446,0.091,0.461,2017,NOR2017
Jacksonville Jaguars,JAX,16,26.062,365.938,67.375,5.4,1.438,0.625,20.75,19.75,32.938,0.6,224.562,1.312,0.04,0.812,0.025,6.5,12.062,75,7.1,6.7,11.8,84.4,1.5,7.688,0.044000000000000004,6.2,1,1,2.628,32.938,141.375,1.125,90,4.3,6.312,1.5,-4.238,7.0,58.5,2.375,0.34700000000000003,0.111,-2.251,2017,JAX2017
Kansas City Chiefs,KAN,16,25.938,375.438,61.562,6.1,0.688,0.188,20.125,22.688,33.938,0.669,256.5,1.625,0.048,0.5,0.015,7.1,12.375,79,8.0,8.3,11.9,100.8,2.312,13.875,0.064,7.4,1,4,2.243,25.312,118.938,0.75,70,4.7,5.938,0.875,-2.817,7.375,65.25,1.812,0.449,0.063,-1.411,2017,KAN2017
Detroit Lions,DET,16,25.625,337.75,61.25,5.5,1.375,0.688,18.5,23.375,35.625,0.6559999999999999,261.438,1.812,0.051,0.688,0.019,6.8,13.125,71,7.8,8.0,12.0,98.4,2.938,17.938,0.076,6.9,1,4,1.128,22.688,76.312,0.625,34,3.4,3.625,1.312,-6.584,6.5,60.5,1.75,0.373,0.11900000000000001,-5.855,2017,DET2017
Pittsburgh Steelers,PIT,16,25.375,377.938,65.688,5.8,1.25,0.312,21.75,24.0,36.875,0.6509999999999999,273.75,1.812,0.049,0.938,0.025,7.1,13.562,97,7.7,7.5,11.8,94.1,1.5,9.625,0.039,7.0,3,4,5.278,27.312,104.188,0.75,29,3.8,6.0,0.938,-7.305,6.312,56.062,2.188,0.43,0.106,-2.034,2017,PIT2017
Baltimore Ravens,BAL,16,24.688,305.375,65.875,4.6,1.062,0.25,19.438,22.688,35.438,0.64,189.375,1.25,0.035,0.812,0.023,5.1,10.5,66,5.7,5.4,8.9,81.4,1.688,12.812,0.045,4.8,0,0,-5.009,28.75,116.0,0.875,50,4.0,6.938,1.188,-3.086,5.688,46.812,2.0,0.365,0.08900000000000001,-8.254,2017,BAL2017
Minnesota Vikings,MIN,16,23.875,356.875,65.938,5.4,0.875,0.375,20.875,22.312,32.938,0.677,234.562,1.562,0.047,0.5,0.015,6.8,12.25,65,7.5,7.7,11.0,99.1,1.688,11.0,0.049,7.0,1,3,5.341,31.312,122.312,0.938,58,3.9,6.25,0.688,-8.362,6.25,59.312,2.375,0.389,0.076,-3.38,2017,MIN2017
Seattle Seahawks,SEA,16,22.875,330.375,62.938,5.2,1.062,0.312,18.688,21.25,34.688,0.613,228.562,2.125,0.061,0.75,0.022000000000000002,6.1,11.438,74,7.2,7.4,11.7,94.4,2.688,20.125,0.07200000000000001,6.3,2,2,0.733,25.562,101.812,0.25,33,4.0,5.312,1.125,-4.879,9.25,83.875,1.938,0.305,0.086,-4.882,2017,SEA2017
Carolina Panthers,CAR,16,22.688,323.688,64.125,5.0,1.375,0.375,20.0,18.312,31.312,0.585,192.312,1.375,0.044000000000000004,1.0,0.032,5.7,10.438,64,6.6,6.1,11.3,79.8,2.188,15.125,0.065,5.2,1,3,-0.384,30.625,131.375,0.938,69,4.3,7.562,1.188,-5.924,5.188,42.625,2.0,0.374,0.11699999999999999,-6.271,2017,CAR2017
Los Angeles Chargers,LAC,16,22.188,376.625,63.75,5.9,0.938,0.25,21.062,22.875,36.438,0.628,276.938,1.75,0.048,0.688,0.019,7.4,13.75,75,7.8,7.9,12.4,95.1,1.125,7.5,0.03,7.5,2,2,5.346,26.188,99.688,0.625,87,3.8,5.25,1.062,-5.817,6.75,57.938,2.062,0.33299999999999996,0.085,-1.106,2017,LAC2017
Dallas Cowboys,DAL,16,22.125,331.938,62.812,5.3,1.375,0.562,19.625,19.312,30.812,0.627,196.312,1.375,0.045,0.812,0.026000000000000002,6.0,10.125,81,6.7,6.5,10.8,86.3,2.0,11.562,0.061,5.7,0,4,-0.994,30.0,135.625,1.125,70,4.5,7.938,0.688,-1.243,6.062,58.688,1.562,0.363,0.111,-2.541,2017,DAL2017
Atlanta Falcons,ATL,16,22.062,364.812,61.5,5.9,1.125,0.375,20.625,21.438,33.125,0.647,249.375,1.312,0.04,0.75,0.023,7.2,12.5,88,7.8,7.6,12.1,92.4,1.5,9.75,0.043,7.0,2,3,3.522,26.875,115.438,0.75,52,4.3,6.312,1.062,-6.023,6.375,57.375,1.812,0.41200000000000003,0.10300000000000001,-2.878,2017,ATL2017
Washington Redskins,WAS,16,21.375,324.938,61.375,5.3,1.688,0.875,17.375,21.688,33.75,0.643,234.438,1.688,0.05,0.812,0.024,6.5,11.938,74,7.6,7.5,11.8,93.9,2.562,21.375,0.071,6.4,1,4,0.819,25.062,90.5,0.625,61,3.6,4.125,1.75,-6.124,5.75,45.812,1.312,0.319,0.126,-5.969,2017,WAS2017
Houston Texans,HOU,16,21.125,320.0,64.188,5.0,1.75,0.688,19.562,18.688,32.812,0.57,204.875,1.75,0.053,1.062,0.032,5.7,11.25,72,6.9,6.6,12.2,82.7,3.375,22.875,0.09300000000000001,5.3,1,1,-1.64,28.0,115.125,0.5,49,4.1,5.375,1.562,-2.618,7.75,65.625,2.938,0.292,0.146,-4.926,2017,HOU2017
Tampa Bay Buccaneers,TAM,16,20.938,363.375,64.688,5.6,1.688,0.812,22.0,23.625,37.812,0.625,272.875,1.625,0.043,0.875,0.023,6.8,15.188,70,7.6,7.4,12.2,90.6,2.5,15.062,0.062,6.6,2,3,2.571,24.375,90.5,0.5,36,3.7,4.75,1.688,-5.182,6.5,49.688,2.062,0.337,0.154,-3.27,2017,TAM2017
Tennessee Titans,TEN,16,20.875,314.0,60.875,5.2,1.562,0.5,18.125,19.125,31.0,0.617,199.438,0.875,0.027999999999999997,1.062,0.034,6.0,9.812,75,6.8,5.9,11.1,77.1,2.188,12.688,0.066,5.1,3,4,-3.696,27.688,114.562,1.125,75,4.1,6.062,0.625,-4.092,5.312,49.062,2.25,0.35100000000000003,0.126,-8.395,2017,TEN2017
San Francisco 49ers,SFO,16,20.688,349.188,66.125,5.3,1.438,0.5,20.062,22.625,37.938,0.596,245.312,0.938,0.025,0.938,0.025,6.0,12.875,83,7.0,6.4,11.7,78.8,2.688,19.375,0.066,5.5,2,2,-4.206,25.5,103.875,0.938,61,4.1,5.5,0.875,-5.529,7.688,61.75,1.688,0.375,0.12,-10.872,2017,SFO2017
Green Bay Packers,GNB,16,20.0,305.688,62.438,4.9,1.562,0.438,19.188,22.0,35.125,0.626,197.938,1.562,0.044000000000000004,1.125,0.032,5.2,11.0,72,6.3,5.7,10.0,81.9,3.188,22.812,0.083,4.7,4,4,-3.876,24.125,107.75,0.812,46,4.5,6.188,0.875,0.341,6.0,49.312,2.0,0.305,0.132,-3.864,2017,GNB2017
Buffalo Bills,BUF,16,18.875,302.625,63.125,4.8,1.0,0.375,17.375,18.062,29.75,0.607,176.562,1.0,0.034,0.625,0.021,5.4,9.312,47,6.5,6.2,10.7,82.1,2.938,16.312,0.09,5.2,1,3,-4.125,30.438,126.062,0.75,48,4.1,6.562,1.062,-5.558,6.125,54.5,1.5,0.317,0.08900000000000001,-9.76,2017,BUF2017
Oakland Raiders,OAK,16,18.812,324.062,59.5,5.4,1.75,0.875,17.938,21.688,34.875,0.622,226.938,1.438,0.040999999999999995,0.875,0.025,6.2,11.125,87,6.7,6.4,10.8,85.3,1.5,8.125,0.040999999999999995,5.9,1,1,-1.876,23.125,97.125,0.812,52,4.2,4.875,2.062,-3.071,7.125,63.062,1.938,0.292,0.152,-5.294,2017,OAK2017
New York Jets,NYJ,16,18.625,305.25,61.5,5.0,1.5,0.75,16.812,20.188,31.875,0.633,198.875,1.188,0.037000000000000005,0.75,0.024,5.7,9.812,69,6.9,6.6,10.8,86.1,2.938,19.938,0.084,5.4,1,2,-0.736,26.688,106.375,0.812,75,4.0,4.812,1.562,-6.269,7.438,64.688,2.188,0.28600000000000003,0.111,-7.489,2017,NYJ2017
Arizona Cardinals,ARI,16,18.438,314.125,66.25,4.7,1.562,0.438,19.375,21.188,37.375,0.5670000000000001,227.5,1.312,0.035,1.125,0.03,5.6,12.5,52,6.7,6.0,11.7,76.2,3.25,21.188,0.08,5.0,5,5,-4.417,25.625,86.625,0.375,33,3.4,4.125,1.188,-6.848,6.875,55.0,2.75,0.292,0.124,-11.623,2017,ARI2017
Cincinnati Bengals,CIN,16,18.125,280.5,57.938,4.8,1.438,0.688,16.688,19.0,31.875,0.596,195.125,1.562,0.049,0.75,0.024,5.7,10.312,77,6.6,6.6,11.1,86.0,2.5,16.5,0.073,5.6,3,3,-1.466,23.562,85.375,0.375,25,3.6,4.5,1.375,-4.998,6.875,64.188,1.875,0.265,0.114,-6.778,2017,CIN2017
Denver Broncos,DEN,16,18.062,324.062,67.188,4.8,2.125,0.75,18.562,20.75,35.375,0.5870000000000001,208.312,1.188,0.034,1.375,0.039,5.4,11.25,54,6.5,5.4,11.0,73.0,3.25,20.938,0.084,4.4,0,0,-5.898,28.562,115.75,0.5,40,4.1,5.75,1.625,-3.706,7.062,55.312,1.562,0.264,0.166,-10.321,2017,DEN2017
Miami Dolphins,MIA,16,17.562,307.688,62.188,4.9,1.812,0.5,17.75,23.312,37.625,0.62,220.938,1.5,0.04,1.312,0.035,5.6,11.688,65,6.3,5.5,10.2,78.7,2.062,16.062,0.052000000000000005,4.8,3,4,-3.426,22.5,86.75,0.25,69,3.9,4.125,1.438,-5.849,8.562,72.125,1.938,0.258,0.153,-9.761,2017,MIA2017
Chicago Bears,CHI,16,16.5,287.438,58.375,4.9,1.375,0.625,16.625,18.188,29.562,0.615,175.688,0.812,0.027000000000000003,0.75,0.025,5.5,9.0,70,6.5,5.9,10.6,79.1,2.438,17.125,0.076,4.9,0,2,-4.593,26.375,111.75,0.812,53,4.2,5.75,1.5,-2.188,7.188,58.938,1.875,0.24100000000000002,0.121,-7.2,2017,CHI2017
Indianapolis Colts,IND,16,16.438,284.562,62.125,4.6,0.938,0.375,16.688,17.812,30.438,0.585,180.75,0.812,0.027000000000000003,0.562,0.018000000000000002,5.3,9.25,80,6.6,6.3,11.3,79.7,3.5,20.875,0.10300000000000001,5.1,0,1,-5.982,28.188,103.812,0.688,35,3.7,5.875,1.25,-5.475,5.75,48.688,1.562,0.294,0.083,-11.861,2017,IND2017
New York Giants,NYG,16,15.375,314.25,64.75,4.9,1.375,0.5,16.938,23.312,38.0,0.613,217.438,1.25,0.033,0.875,0.023,5.4,11.125,77,6.1,5.7,9.9,79.8,2.125,12.562,0.053,5.1,0,1,-5.973,24.625,96.812,0.375,75,3.9,4.125,1.25,-4.387,5.688,55.938,1.688,0.22699999999999998,0.113,-10.472,2017,NYG2017
Cleveland Browns,CLE,16,14.625,308.875,63.0,4.9,2.562,0.812,18.125,19.5,35.875,0.544,201.75,0.938,0.026000000000000002,1.75,0.049,5.2,9.812,56,6.2,4.5,11.3,61.4,3.125,19.312,0.08,3.6,0,0,-11.266,24.0,107.125,0.688,59,4.5,6.062,1.562,-2.791,6.875,57.75,2.25,0.22,0.21,-14.571,2017,CLE2017
Kansas City Chiefs,KAN,16,35.312,425.625,62.25,6.8,1.125,0.375,24.0,24.062,36.438,0.66,309.688,3.125,0.086,0.75,0.021,8.1,14.938,89,8.8,9.6,13.3,113.8,1.625,10.688,0.043,8.9,2,2,16.669,24.188,115.938,1.0,45,4.8,6.75,1.125,2.238,8.562,72.0,2.312,0.526,0.105,18.634,2018,KAN2018
Los Angeles Rams,LAR,16,32.938,421.125,66.25,6.4,1.188,0.438,25.062,23.0,35.5,0.648,281.688,2.0,0.055999999999999994,0.75,0.021,7.5,14.75,70,8.3,8.5,12.9,100.7,2.062,13.938,0.055,7.7,4,4,10.874,28.688,139.438,1.438,56,4.9,8.375,1.062,4.121,6.0,54.875,1.938,0.486,0.098,14.987,2018,LAR2018
New Orleans Saints,NOR,16,31.5,379.188,63.125,6.0,1.0,0.562,23.562,23.812,32.438,0.7340000000000001,252.625,2.062,0.064,0.438,0.013000000000000001,7.5,13.125,72,8.0,8.7,11.0,112.3,1.25,8.25,0.037000000000000005,8.1,6,7,13.445,29.438,126.562,1.625,49,4.3,8.375,1.125,1.285,5.875,58.688,2.062,0.518,0.095,14.858,2018,NOR2018
New England Patriots,NWE,16,27.25,393.438,67.062,5.9,1.125,0.438,22.812,23.625,35.875,0.659,266.125,1.812,0.051,0.688,0.019,7.2,12.875,63,7.7,7.8,11.7,97.8,1.312,9.188,0.035,7.3,1,2,12.142,29.875,127.312,1.125,34,4.3,8.188,0.688,0.412,5.812,46.5,1.75,0.408,0.092,11.935,2018,NWE2018
Indianapolis Colts,IND,16,27.062,386.188,66.875,5.8,1.5,0.562,23.188,27.0,40.25,0.6709999999999999,278.812,2.438,0.061,0.938,0.023,6.7,14.812,68,7.1,7.3,10.6,98.2,1.125,8.375,0.027000000000000003,6.9,3,3,9.253,25.5,107.375,0.812,53,4.2,6.0,1.062,-0.818,7.5,59.562,2.375,0.41200000000000003,0.132,8.779,2018,IND2018
Seattle Seahawks,SEA,16,26.75,353.312,63.25,5.6,0.688,0.25,20.562,17.5,26.688,0.6559999999999999,193.312,2.188,0.08199999999999999,0.438,0.016,6.5,9.75,66,8.1,9.0,12.3,110.9,3.188,22.188,0.107,7.3,2,4,7.156,33.375,160.0,0.938,61,4.8,8.312,1.125,1.183,6.938,59.938,2.5,0.39799999999999996,0.061,8.049,2018,SEA2018
Los Angeles Chargers,LAC,16,26.75,372.625,59.062,6.3,1.188,0.438,21.125,21.75,32.0,0.68,255.562,2.0,0.063,0.75,0.023,7.5,13.312,75,8.4,8.6,12.4,104.9,2.125,14.188,0.062,7.7,3,3,10.508,24.938,117.062,1.0,41,4.7,6.25,1.062,0.256,7.062,60.438,1.562,0.424,0.1,10.637,2018,LAC2018
Pittsburgh Steelers,PIT,16,26.75,403.312,66.125,6.1,1.625,0.562,23.625,28.688,43.062,0.6659999999999999,313.0,2.188,0.051,1.062,0.025,7.0,15.688,97,7.5,7.4,11.3,95.5,1.5,10.375,0.034,6.9,2,3,10.121,21.562,90.312,1.0,30,4.2,5.5,1.312,-0.369,6.938,64.125,2.438,0.368,0.14300000000000002,9.76,2018,PIT2018
Chicago Bears,CHI,16,26.312,343.875,63.312,5.4,1.5,0.625,20.688,21.5,32.0,0.672,222.75,1.75,0.055,0.875,0.027000000000000003,6.5,11.062,70,7.3,7.2,10.9,95.4,2.062,11.438,0.061,6.4,2,2,6.101,29.25,121.125,1.0,42,4.1,6.75,1.438,0.081,6.062,49.75,2.875,0.368,0.132,6.019,2018,CHI2018
Atlanta Falcons,ATL,16,25.875,389.125,63.125,6.2,1.125,0.688,22.0,26.75,38.562,0.6940000000000001,290.812,2.25,0.057999999999999996,0.438,0.011000000000000001,7.1,14.875,75,8.0,8.7,11.6,108.0,2.625,18.5,0.064,7.7,1,1,11.288,21.938,98.312,0.688,65,4.5,5.25,1.5,-1.192,6.312,56.188,1.875,0.429,0.107,9.692,2018,ATL2018
Houston Texans,HOU,16,25.125,362.625,65.0,5.6,1.0,0.438,20.812,21.562,31.625,0.682,236.312,1.625,0.051,0.562,0.018000000000000002,6.7,12.625,73,8.2,8.5,12.1,102.9,3.875,24.0,0.109,6.9,5,5,6.871,29.5,126.312,0.75,97,4.3,5.875,1.188,-0.412,6.562,49.188,2.312,0.40299999999999997,0.081,5.256,2018,HOU2018
Tampa Bay Buccaneers,TAM,16,24.75,415.5,65.938,6.3,2.188,0.562,24.25,25.5,39.062,0.653,320.312,2.25,0.057999999999999996,1.625,0.042,7.7,16.562,75,8.6,7.9,13.1,94.1,2.562,14.562,0.062,7.0,0,1,9.941,24.312,95.188,0.688,28,3.9,5.0,1.438,-2.198,7.312,60.938,2.688,0.37,0.19,7.571,2018,TAM2018
Baltimore Ravens,BAL,16,24.312,374.938,70.938,5.3,1.25,0.688,22.938,20.875,34.75,0.601,222.375,1.125,0.032,0.562,0.016,6.1,11.5,74,6.7,6.6,11.1,84.0,2.0,9.375,0.054000000000000006,6.0,0,1,3.843,34.188,152.562,1.188,43,4.5,9.562,1.562,1.405,7.25,58.75,1.875,0.40700000000000003,0.107,4.553,2018,BAL2018
Green Bay Packers,GNB,16,23.5,369.062,64.125,5.8,0.938,0.688,20.75,24.5,40.0,0.613,264.875,1.562,0.039,0.25,0.006,6.1,13.0,75,7.2,7.7,11.8,93.7,3.312,24.438,0.076,6.6,3,3,4.456,20.812,104.188,0.875,67,5.0,6.125,1.375,2.939,6.75,58.562,1.625,0.38799999999999996,0.067,6.805,2018,GNB2018
Carolina Panthers,CAR,16,23.5,373.25,63.188,5.9,1.375,0.375,22.25,23.625,35.188,0.6709999999999999,239.75,1.75,0.05,1.0,0.027999999999999997,6.4,13.25,82,7.2,6.9,10.8,92.9,2.0,14.688,0.054000000000000006,6.2,2,2,5.018,26.0,133.5,1.062,59,5.1,7.312,1.25,2.754,5.75,51.125,1.688,0.37,0.121,7.328,2018,CAR2018
New York Giants,NYG,16,23.062,356.062,61.5,5.8,1.188,0.438,18.562,23.875,36.438,0.655,252.938,1.438,0.039,0.75,0.021,6.4,13.0,58,7.6,7.4,11.5,92.7,2.938,22.375,0.075,6.3,1,2,4.854,22.125,103.125,0.812,78,4.7,4.438,1.0,-0.035,7.125,59.438,1.125,0.384,0.096,4.408,2018,NYG2018
Cincinnati Bengals,CIN,16,23.0,310.75,58.625,5.3,1.062,0.25,19.0,20.688,33.875,0.611,205.625,1.688,0.05,0.812,0.024,5.7,11.375,49,6.6,6.5,10.8,87.0,2.312,17.438,0.064,5.6,3,4,4.066,22.438,105.125,0.812,51,4.7,5.75,0.688,-0.294,7.125,59.812,1.875,0.355,0.096,2.973,2018,CIN2018
Philadelphia Eagles,PHI,16,22.938,365.312,64.812,5.6,1.438,0.75,21.625,26.375,37.438,0.705,267.188,1.812,0.048,0.688,0.018000000000000002,6.7,13.812,83,7.6,7.7,10.7,100.7,2.5,15.562,0.063,6.8,4,4,8.094,24.875,98.125,0.75,32,3.9,5.875,1.812,-1.876,6.25,53.25,1.938,0.381,0.125,5.748,2018,PHI2018
Minnesota Vikings,MIN,16,22.5,345.562,62.688,5.5,1.25,0.625,19.375,26.562,37.875,0.701,252.25,1.875,0.05,0.625,0.017,6.2,13.625,75,7.1,7.3,10.1,99.7,2.5,16.375,0.062,6.5,1,0,3.298,22.312,93.312,0.562,70,4.2,4.125,0.938,-2.376,5.75,48.688,1.625,0.324,0.106,0.467,2018,MIN2018
Cleveland Browns,CLE,16,22.438,368.75,63.938,5.8,1.5,0.438,19.625,22.062,35.875,0.615,250.438,1.812,0.051,1.062,0.03,6.5,11.812,71,7.4,7.1,12.1,88.8,2.375,15.875,0.062,6.2,4,4,3.018,25.688,118.312,0.938,92,4.6,5.812,1.188,-0.442,7.0,55.875,2.0,0.312,0.114,2.307,2018,CLE2018
San Francisco 49ers,SFO,16,21.375,360.562,62.688,5.8,2.0,0.75,21.5,20.688,33.25,0.622,241.688,1.625,0.049,1.25,0.038,6.7,12.562,85,8.0,7.3,12.8,87.8,3.0,23.75,0.083,6.0,0,1,3.831,26.438,118.875,0.438,66,4.5,6.125,1.938,-1.731,7.0,61.375,2.812,0.37,0.171,1.309,2018,SFO2018
Dallas Cowboys,DAL,16,21.188,343.812,63.875,5.4,1.062,0.562,20.125,22.25,32.938,0.6759999999999999,221.125,1.375,0.042,0.5,0.015,6.1,11.5,90,7.4,7.5,10.9,96.7,3.5,21.688,0.096,6.2,3,5,4.059,27.438,122.688,0.812,41,4.5,7.062,1.438,1.124,6.5,55.312,1.562,0.379,0.10099999999999999,5.19,2018,DAL2018
New York Jets,NYJ,16,20.812,299.188,60.688,4.9,1.875,0.688,16.125,18.688,32.75,0.5710000000000001,197.812,1.125,0.034,1.188,0.036000000000000004,5.6,9.812,76,6.5,5.6,11.4,73.0,2.312,14.938,0.066,4.8,1,1,-2.517,25.625,101.375,0.688,77,4.0,5.25,1.5,-3.059,7.125,59.25,1.062,0.32,0.147,-6.091,2018,NYJ2018
Denver Broncos,DEN,16,20.562,350.125,63.438,5.5,1.312,0.375,20.0,22.938,36.75,0.624,230.938,1.188,0.032,0.938,0.026000000000000002,5.9,11.312,64,6.7,6.2,10.7,82.1,2.125,14.688,0.055,5.5,3,4,1.625,24.562,119.188,1.125,65,4.9,6.688,1.125,0.173,7.812,61.562,2.0,0.306,0.113,1.514,2018,DEN2018
Detroit Lions,DET,16,20.25,327.25,63.688,5.1,1.188,0.438,20.312,23.438,35.875,0.653,223.5,1.375,0.038,0.75,0.021,5.8,12.562,67,6.7,6.5,10.3,88.5,2.562,16.75,0.067,5.7,0,1,4.199,25.25,103.75,0.688,71,4.1,5.688,0.875,-1.066,5.875,53.25,2.062,0.353,0.11,2.492,2018,DET2018
Miami Dolphins,MIA,16,19.938,289.875,54.875,5.3,1.438,0.625,15.75,18.25,28.438,0.642,181.25,1.625,0.057,0.812,0.028999999999999998,5.7,9.562,75,7.3,7.1,11.3,93.0,3.25,25.562,0.10300000000000001,5.6,4,4,-1.232,23.188,108.625,0.438,75,4.7,4.688,1.062,-0.886,6.75,61.125,1.5,0.28300000000000003,0.125,-2.524,2018,MIA2018
Tennessee Titans,TEN,16,19.375,312.625,58.75,5.3,1.125,0.375,18.062,18.312,27.312,0.67,185.938,1.0,0.037000000000000005,0.75,0.027000000000000003,6.1,9.75,66,7.4,6.9,11.1,89.8,2.938,17.5,0.09699999999999999,5.7,4,5,1.021,28.5,126.688,0.938,99,4.4,6.625,1.125,-0.006,5.125,45.438,1.688,0.349,0.102,0.655,2018,TEN2018
Oakland Raiders,OAK,16,18.125,336.188,62.188,5.4,1.5,0.875,18.75,23.875,34.75,0.687,234.438,1.188,0.034,0.625,0.018000000000000002,6.2,12.312,66,7.3,7.2,10.6,93.6,3.25,19.125,0.086,6.1,3,3,1.928,24.188,101.75,0.562,52,4.2,5.375,1.5,-2.614,6.875,60.312,1.062,0.313,0.136,-1.12,2018,OAK2018
Washington Redskins,WAS,16,17.562,299.688,60.438,5.0,1.188,0.25,17.5,19.438,31.812,0.611,188.812,1.0,0.031,0.938,0.028999999999999998,5.5,9.75,79,6.5,5.8,10.6,78.1,2.75,16.625,0.08,4.8,1,1,-1.554,25.875,110.875,0.75,90,4.3,6.0,1.125,-0.071,7.188,63.0,1.75,0.318,0.11199999999999999,-2.129,2018,WAS2018
Buffalo Bills,BUF,16,16.812,298.625,63.0,4.7,2.0,0.562,17.688,16.938,31.188,0.5429999999999999,174.625,0.812,0.026000000000000002,1.438,0.046,5.2,8.562,75,6.2,4.6,11.4,62.6,2.562,18.0,0.076,3.7,2,3,-5.528,29.25,124.0,0.938,45,4.2,6.75,1.438,-0.525,7.25,62.0,2.375,0.264,0.155,-6.551,2018,BUF2018
Jacksonville Jaguars,JAX,16,15.312,302.0,62.812,4.8,1.812,1.0,17.312,20.562,33.5,0.614,194.312,0.938,0.027999999999999997,0.812,0.024,5.3,10.25,80,6.4,5.9,10.4,79.1,3.312,20.125,0.09,4.8,0,1,-4.085,26.0,107.688,0.438,43,4.1,5.75,1.625,-1.465,7.562,69.5,1.312,0.25,0.156,-6.136,2018,JAX2018
Arizona Cardinals,ARI,16,14.062,241.562,56.375,4.3,1.75,0.625,14.938,17.688,30.938,0.5720000000000001,157.688,0.938,0.03,1.125,0.036000000000000004,4.6,8.562,75,5.8,4.8,10.2,69.0,3.25,22.562,0.095,3.7,1,2,-6.641,22.188,83.875,0.562,53,3.8,4.75,1.438,-2.491,6.312,49.125,1.625,0.193,0.15,-9.691,2018,ARI2018
Baltimore Ravens,BAL,16,33.188,407.562,66.5,6.1,0.938,0.438,24.125,18.062,27.5,0.657,201.562,2.312,0.084,0.5,0.018000000000000002,6.9,10.688,83,7.6,8.5,11.6,109.0,1.75,7.812,0.06,7.7,1,2,9.316,37.25,206.0,1.312,63,5.5,11.75,1.125,6.285,6.812,54.188,1.688,0.518,0.084,14.999,2019,BAL2019
San Francisco 49ers,SFO,16,29.938,381.062,63.25,6.0,1.438,0.625,21.0,20.688,29.875,0.6920000000000001,237.0,1.75,0.059000000000000004,0.812,0.027000000000000003,7.4,12.188,75,8.4,8.4,12.2,103.1,2.25,14.812,0.07,7.3,4,4,9.374,31.125,144.062,1.438,83,4.6,6.875,1.188,0.308,6.562,58.688,1.938,0.44299999999999995,0.12,8.774,2019,SFO2019
Tampa Bay Buccaneers,TAM,16,28.625,397.875,67.875,5.9,2.562,0.688,22.062,23.875,39.375,0.606,302.812,2.062,0.052000000000000005,1.875,0.048,7.2,15.25,71,8.1,7.0,13.4,84.1,2.938,17.625,0.069,6.1,2,2,5.993,25.562,95.062,0.938,49,3.7,5.062,1.438,-2.739,8.312,69.438,1.75,0.379,0.20199999999999999,2.312,2019,TAM2019
New Orleans Saints,NOR,16,28.625,373.875,63.188,5.9,0.5,0.125,21.688,26.125,36.312,0.7190000000000001,265.25,2.25,0.062,0.375,0.01,7.0,14.375,61,7.6,8.4,10.6,110.2,1.562,11.688,0.040999999999999995,7.7,2,4,11.299,25.312,108.625,0.75,40,4.3,6.062,0.562,-0.469,7.5,64.75,1.25,0.462,0.04,10.19,2019,NOR2019
Kansas City Chiefs,KAN,16,28.188,379.188,61.0,6.2,0.938,0.625,21.875,23.625,36.0,0.6559999999999999,281.125,1.875,0.052000000000000005,0.312,0.009000000000000001,7.5,13.188,83,8.1,8.8,12.4,104.4,1.562,12.0,0.042,8.1,2,2,15.488,23.438,98.062,1.0,91,4.2,5.812,1.25,1.132,6.688,64.312,2.875,0.488,0.079,16.461,2019,KAN2019
Dallas Cowboys,DAL,16,27.125,431.5,66.812,6.5,1.125,0.438,23.688,24.25,37.312,0.65,296.938,1.875,0.05,0.688,0.018000000000000002,7.7,14.312,62,8.2,8.4,12.6,99.5,1.438,9.438,0.037000000000000005,7.8,0,0,11.202,28.062,134.562,1.125,44,4.8,7.5,0.938,2.318,6.812,63.0,1.875,0.446,0.10300000000000001,13.173,2019,DAL2019
New England Patriots,NWE,16,26.25,354.0,68.438,5.2,0.938,0.375,21.125,23.625,38.75,0.61,247.562,1.562,0.04,0.562,0.015,6.1,12.312,59,6.7,6.9,11.0,88.2,1.75,12.0,0.043,6.3,1,1,4.861,27.938,106.438,1.062,33,3.8,6.875,0.812,-2.012,5.875,51.75,1.938,0.363,0.07400000000000001,2.164,2019,NWE2019
Minnesota Vikings,MIN,16,25.438,353.5,60.625,5.8,1.25,0.75,19.625,19.938,29.125,0.685,220.188,1.625,0.055999999999999994,0.5,0.017,7.1,10.688,66,8.0,8.3,11.7,103.9,1.75,12.875,0.057,7.5,1,1,7.793,29.75,133.312,1.188,75,4.5,6.625,1.812,-1.018,6.0,55.938,2.312,0.41600000000000004,0.10400000000000001,6.126,2019,MIN2019
Seattle Seahawks,SEA,16,25.312,374.438,65.375,5.7,1.25,0.875,21.312,21.312,32.312,0.66,236.938,1.938,0.06,0.375,0.012,6.7,11.875,60,7.9,8.6,12.1,105.3,3.0,19.938,0.085,7.3,4,5,8.492,30.062,137.5,0.938,59,4.6,7.562,1.625,-2.049,6.812,55.125,1.875,0.365,0.106,5.409,2019,SEA2019
Tennessee Titans,TEN,16,25.125,362.812,59.312,6.1,1.062,0.562,19.812,18.562,28.0,0.6629999999999999,223.875,1.812,0.065,0.5,0.018000000000000002,7.1,11.062,91,8.8,9.3,13.3,108.3,3.5,23.375,0.111,7.5,2,3,5.891,27.812,138.938,1.312,74,5.0,6.5,1.312,1.871,6.188,58.25,2.25,0.314,0.086,7.242,2019,TEN2019
Los Angeles Rams,LAR,16,24.625,374.875,65.938,5.7,1.5,0.438,21.375,24.812,39.5,0.628,281.188,1.375,0.035,1.062,0.027000000000000003,6.9,13.875,66,7.4,6.9,11.8,85.6,1.375,10.625,0.034,6.4,1,2,5.548,25.062,93.688,1.25,27,3.7,5.75,1.062,-2.621,7.375,56.188,1.75,0.35700000000000004,0.13,2.318,2019,LAR2019
Philadelphia Eagles,PHI,16,24.062,360.75,69.0,5.2,1.438,0.938,22.125,24.438,38.312,0.638,239.562,1.688,0.044000000000000004,0.5,0.013000000000000001,5.9,13.438,53,6.6,6.9,10.4,92.1,2.312,14.375,0.057,6.2,2,4,5.111,28.375,121.188,1.0,65,4.3,6.5,1.938,-0.672,6.25,52.25,2.188,0.348,0.107,3.741,2019,PHI2019
Atlanta Falcons,ATL,16,23.812,379.688,68.5,5.5,1.562,0.625,23.938,28.688,42.75,0.6709999999999999,294.625,1.812,0.042,0.938,0.022000000000000002,6.4,16.125,93,7.4,7.2,11.0,93.8,3.125,20.938,0.068,6.3,3,2,8.089,22.625,85.062,0.625,28,3.8,5.25,1.312,-1.446,7.438,59.75,2.562,0.408,0.132,5.969,2019,ATL2019
Houston Texans,HOU,16,23.625,362.0,63.562,5.7,1.375,0.5,21.625,22.188,33.375,0.665,236.438,1.688,0.051,0.875,0.026000000000000002,6.5,12.688,54,7.6,7.5,11.5,95.3,3.062,18.75,0.084,6.3,3,5,7.534,27.125,125.562,1.062,58,4.6,7.0,1.25,1.128,6.938,55.75,1.938,0.379,0.124,7.417,2019,HOU2019
Green Bay Packers,GNB,16,23.5,345.5,63.75,5.4,0.812,0.562,20.0,22.25,35.812,0.621,233.312,1.625,0.045,0.25,0.006999999999999999,6.1,11.875,74,7.0,7.6,11.3,95.3,2.25,17.75,0.059000000000000004,6.7,2,3,8.335,25.688,112.188,1.125,56,4.4,5.625,0.938,0.039,6.25,48.375,2.5,0.373,0.068,7.088,2019,GNB2019
Arizona Cardinals,ARI,16,22.562,341.688,62.5,5.5,1.125,0.375,19.625,22.188,34.625,0.6409999999999999,217.312,1.25,0.036000000000000004,0.75,0.022000000000000002,5.8,11.0,88,6.9,6.6,10.7,87.0,3.125,20.0,0.083,5.5,1,2,2.198,24.75,124.375,1.125,80,5.0,6.812,0.562,2.245,7.562,59.75,1.812,0.38799999999999996,0.10099999999999999,4.022,2019,ARI2019
Indianapolis Colts,IND,16,22.562,327.375,63.5,5.2,1.312,0.688,21.25,19.188,32.062,0.598,194.25,1.375,0.043,0.625,0.019,5.7,10.312,50,6.5,6.4,10.8,85.0,2.0,12.875,0.059000000000000004,5.7,2,2,3.235,29.438,133.125,1.062,63,4.5,8.188,1.125,1.828,4.938,41.875,2.75,0.363,0.113,4.675,2019,IND2019
Detroit Lions,DET,16,21.312,346.812,63.812,5.4,1.438,0.5,19.562,21.5,35.688,0.602,243.75,1.75,0.049,0.938,0.026000000000000002,6.4,12.25,75,7.3,7.1,12.2,88.2,2.688,17.938,0.07,6.2,2,1,4.319,25.438,103.062,0.438,44,4.1,5.125,0.75,-1.792,7.062,58.562,2.188,0.33299999999999996,0.12,1.942,2019,DET2019
New York Giants,NYG,16,21.312,338.5,63.25,5.4,2.062,1.0,19.438,23.5,37.938,0.619,233.188,1.875,0.049,1.062,0.027999999999999997,5.7,11.688,75,6.7,6.4,10.8,86.4,2.688,21.188,0.066,5.5,1,2,0.074,22.625,105.312,0.688,68,4.7,5.562,1.938,-0.349,5.625,49.0,2.188,0.28600000000000003,0.17800000000000002,-0.644,2019,NYG2019
Carolina Panthers,CAR,16,21.25,341.812,67.312,5.1,2.188,0.875,20.938,23.875,39.562,0.603,228.125,1.062,0.027000000000000003,1.312,0.033,5.3,14.375,52,6.5,5.6,10.8,74.7,3.625,30.25,0.084,4.4,0,1,-0.79,24.125,113.688,1.25,84,4.7,5.125,1.562,-0.513,5.438,47.125,1.438,0.32299999999999995,0.16699999999999998,-1.754,2019,CAR2019
Los Angeles Chargers,LAC,16,21.062,367.438,62.312,5.9,1.938,0.688,21.812,24.625,37.312,0.66,276.625,1.5,0.04,1.25,0.034,7.0,13.75,84,7.8,7.1,11.8,89.0,2.125,13.875,0.054000000000000006,6.3,1,2,7.398,22.875,90.812,0.75,40,4.0,5.625,1.312,-1.777,6.438,54.5,2.438,0.38799999999999996,0.18100000000000002,5.152,2019,LAC2019
Cleveland Browns,CLE,16,20.938,340.938,60.812,5.6,1.75,0.438,19.062,19.875,33.688,0.59,222.125,1.375,0.040999999999999995,1.312,0.039,6.1,11.25,89,7.1,6.2,12.1,78.4,2.562,18.312,0.071,5.3,1,1,1.987,24.562,118.812,0.938,88,4.8,5.625,0.875,-0.536,7.625,69.125,2.188,0.33899999999999997,0.14800000000000002,0.846,2019,CLE2019
Buffalo Bills,BUF,16,19.625,330.188,63.625,5.2,1.188,0.438,19.625,18.688,32.062,0.583,201.812,1.312,0.040999999999999995,0.75,0.023,5.8,10.125,53,6.8,6.5,11.6,82.8,2.5,15.438,0.07200000000000001,5.6,4,5,0.931,29.062,128.375,0.812,41,4.4,7.5,1.438,0.081,7.312,57.938,2.0,0.301,0.102,0.416,2019,BUF2019
Oakland Raiders,OAK,16,19.562,363.688,61.812,5.9,1.062,0.562,19.688,22.938,32.688,0.7020000000000001,245.375,1.375,0.042,0.5,0.015,7.1,12.125,75,7.9,8.0,11.2,101.0,1.812,11.5,0.053,7.3,2,3,6.822,27.312,118.312,0.812,60,4.3,6.5,1.312,-1.319,8.0,71.125,1.062,0.327,0.09699999999999999,4.973,2019,OAK2019
Miami Dolphins,MIA,16,19.125,310.0,63.875,4.9,1.625,0.5,19.688,23.188,38.438,0.603,237.75,1.375,0.036000000000000004,1.125,0.028999999999999998,5.7,13.125,51,6.7,6.1,11.1,80.0,3.625,19.562,0.086,5.1,3,4,2.204,21.812,72.25,0.625,28,3.3,4.0,1.562,-3.228,5.75,48.062,2.562,0.302,0.13699999999999998,-1.803,2019,MIA2019
Jacksonville Jaguars,JAX,16,18.75,341.75,63.75,5.4,1.25,0.75,18.625,22.75,36.812,0.618,235.0,1.5,0.040999999999999995,0.5,0.013999999999999999,6.0,11.438,70,6.8,7.0,11.1,90.0,2.625,16.438,0.067,6.1,3,3,1.403,24.312,106.75,0.188,81,4.4,5.312,1.312,-2.204,8.25,72.812,1.875,0.33899999999999997,0.102,-1.447,2019,JAX2019
Pittsburgh Steelers,PIT,16,18.062,276.75,58.562,4.7,1.875,0.688,16.562,19.688,31.875,0.618,186.312,1.125,0.035,1.188,0.037000000000000005,5.5,9.188,79,6.3,5.3,10.2,76.1,2.0,14.562,0.059000000000000004,4.6,1,2,-0.406,24.688,90.438,0.438,45,3.7,4.688,1.875,-4.055,6.938,55.812,2.688,0.289,0.16,-5.348,2019,PIT2019
Denver Broncos,DEN,16,17.625,298.562,59.625,5.0,1.0,0.375,17.438,19.5,31.5,0.619,194.688,1.0,0.032,0.625,0.02,5.7,10.125,75,6.7,6.5,10.9,84.1,2.562,17.875,0.075,5.5,1,2,0.786,25.562,103.875,0.688,40,4.1,4.812,1.312,-1.075,6.875,57.0,2.5,0.324,0.092,-0.913,2019,DEN2019
Chicago Bears,CHI,16,17.5,296.812,63.75,4.7,1.188,0.438,18.562,23.188,36.25,0.64,205.688,1.25,0.034,0.75,0.021,5.3,11.125,53,6.2,5.9,9.6,83.9,2.812,17.625,0.07200000000000001,5.0,3,3,0.622,24.688,91.125,0.5,55,3.7,5.312,0.812,-2.784,6.438,52.375,2.125,0.29100000000000004,0.10300000000000001,-2.566,2019,CHI2019
Cincinnati Bengals,CIN,16,17.438,323.062,65.562,4.9,1.875,0.875,19.5,22.25,38.5,0.578,228.25,1.125,0.028999999999999998,1.0,0.026000000000000002,5.5,11.938,66,6.5,5.9,11.2,76.2,3.0,21.375,0.07200000000000001,5.0,0,0,-1.624,24.062,94.812,0.562,41,3.9,5.312,1.562,-1.595,5.812,47.562,2.25,0.298,0.155,-3.796,2019,CIN2019
New York Jets,NYJ,16,17.25,273.0,59.75,4.6,1.562,0.562,15.812,20.188,32.562,0.62,194.438,1.188,0.036000000000000004,1.0,0.031,5.4,10.125,92,6.6,6.0,10.7,80.6,3.25,20.75,0.091,4.8,2,3,-3.378,23.938,78.562,0.375,24,3.3,3.812,1.312,-3.529,7.188,69.062,1.875,0.233,0.11599999999999999,-7.058,2019,NYJ2019
Washington Redskins,WAS,16,16.625,274.688,55.312,5.0,1.312,0.5,15.5,18.625,29.938,0.622,175.75,1.125,0.038,0.812,0.027000000000000003,5.3,9.625,75,6.7,6.2,10.8,83.0,3.125,24.562,0.095,4.9,1,1,-2.822,22.25,98.938,0.562,65,4.4,4.625,1.312,-1.676,6.625,52.188,1.25,0.295,0.11900000000000001,-5.519,2019,WAS2019
Green Bay Packers,GNB,16,31.812,389.0,61.875,6.3,0.688,0.375,22.375,23.25,32.875,0.7070000000000001,256.625,3.0,0.091,0.312,0.01,7.5,13.5,78,8.2,9.6,11.6,121.5,1.312,12.062,0.038,8.9,1,2,16.029,27.688,132.375,1.0,77,4.8,7.125,0.688,2.718,5.25,42.75,1.75,0.49700000000000005,0.055999999999999994,18.172,2020,GNB2020
Buffalo Bills,BUF,16,31.312,396.438,64.625,6.1,1.375,0.688,24.812,25.625,37.25,0.688,288.75,2.5,0.067,0.688,0.018000000000000002,7.4,15.0,56,8.0,8.5,11.7,107.6,1.688,10.375,0.043,7.9,2,3,14.988,25.688,107.688,1.0,51,4.2,7.438,1.125,-0.094,6.375,58.812,2.375,0.494,0.11800000000000001,14.291,2020,BUF2020
Tampa Bay Buccaneers,TAM,16,30.75,384.062,63.562,6.0,1.062,0.312,22.75,25.625,39.125,0.655,289.125,2.625,0.067,0.75,0.019,7.1,14.875,50,7.6,8.1,11.6,102.8,1.375,9.375,0.034,7.6,3,3,16.855,23.062,94.938,1.0,98,4.1,5.125,0.75,-0.749,5.25,44.688,2.75,0.478,0.08900000000000001,15.39,2020,TAM2020
Tennessee Titans,TEN,16,30.688,396.438,64.438,6.2,0.75,0.312,23.812,19.75,30.312,0.652,228.312,2.062,0.068,0.438,0.013999999999999999,7.2,12.688,75,7.9,8.6,12.1,105.9,1.562,10.812,0.049,7.8,5,6,11.948,32.562,168.125,1.625,94,5.2,8.875,0.938,3.631,5.375,48.938,2.25,0.479,0.07200000000000001,15.313,2020,TEN2020
New Orleans Saints,NOR,16,30.125,376.438,65.312,5.8,1.062,0.562,22.938,23.125,32.625,0.7090000000000001,234.875,1.75,0.054000000000000006,0.5,0.015,6.8,12.438,52,7.6,7.9,10.7,104.1,1.812,11.688,0.053,7.2,1,3,7.801,30.875,141.562,1.875,49,4.6,9.188,1.688,3.071,6.125,62.812,1.312,0.455,0.09,11.059,2020,NOR2020
Kansas City Chiefs,KAN,16,29.562,415.812,66.062,6.3,1.0,0.562,24.812,26.25,39.375,0.667,303.375,2.5,0.063,0.438,0.011000000000000001,7.4,15.938,75,7.9,8.7,11.9,107.3,1.5,9.438,0.037000000000000005,8.2,3,3,15.993,25.188,112.438,0.812,32,4.5,6.875,1.188,1.976,6.562,57.438,2.0,0.479,0.092,17.551,2020,KAN2020
Baltimore Ravens,BAL,16,29.25,363.125,62.062,5.9,1.125,0.438,20.438,16.062,25.375,0.633,171.188,1.688,0.067,0.688,0.027000000000000003,6.3,8.875,70,7.2,7.3,11.4,95.7,2.0,11.25,0.073,6.4,1,1,2.277,34.688,191.938,1.5,72,5.5,10.375,1.562,7.298,6.5,60.062,1.188,0.45299999999999996,0.106,9.269,2020,BAL2020
Seattle Seahawks,SEA,16,28.688,369.5,63.875,5.8,1.125,0.312,22.25,24.25,35.188,0.6890000000000001,246.312,2.5,0.071,0.812,0.023,6.5,13.5,62,7.5,7.9,10.9,105.0,3.0,19.0,0.079,6.8,3,3,7.328,25.688,123.188,0.938,50,4.8,6.938,0.875,1.66,5.25,41.375,1.812,0.444,0.10099999999999999,8.078,2020,SEA2020
Indianapolis Colts,IND,16,28.188,378.062,64.5,5.9,0.938,0.25,22.75,23.188,34.5,0.672,253.312,1.5,0.043,0.688,0.02,7.1,12.562,55,7.6,7.6,11.3,95.9,1.312,8.312,0.037000000000000005,7.0,2,3,10.389,28.688,124.75,1.25,62,4.3,8.062,0.5,0.781,5.875,56.188,2.125,0.444,0.08800000000000001,10.526,2020,IND2020
Las Vegas Raiders,LVR,16,27.125,383.312,64.75,5.9,1.625,1.0,22.438,23.062,34.438,0.67,263.562,1.75,0.051,0.625,0.018000000000000002,7.3,12.875,85,8.0,8.2,11.9,100.4,1.75,10.375,0.048,7.5,3,5,8.331,28.562,119.75,1.25,43,4.2,7.562,1.5,1.088,6.125,53.5,2.0,0.479,0.14800000000000002,9.226,2020,LVR2020
Minnesota Vikings,MIN,16,26.875,393.25,63.938,6.2,1.438,0.625,23.938,21.812,32.25,0.6759999999999999,250.562,2.188,0.068,0.812,0.025,7.2,13.25,71,8.3,8.5,12.2,105.0,2.438,16.0,0.07,7.4,1,3,8.811,29.25,142.688,1.25,70,4.9,8.688,1.375,2.031,5.125,40.625,2.0,0.39799999999999996,0.125,9.856,2020,MIN2020
Pittsburgh Steelers,PIT,16,26.0,334.625,65.188,5.1,1.125,0.438,20.125,26.75,41.0,0.652,250.188,2.188,0.053,0.688,0.017,6.0,12.875,84,6.3,6.6,9.6,93.5,0.875,7.875,0.021,6.3,4,4,8.654,23.312,84.438,0.75,59,3.6,5.062,1.375,-2.865,5.062,43.188,2.188,0.37200000000000005,0.085,4.889,2020,PIT2020
Arizona Cardinals,ARI,16,25.625,384.562,67.688,5.7,1.312,0.5,23.812,24.188,35.938,0.6729999999999999,244.75,1.688,0.047,0.812,0.023,6.5,13.188,80,7.1,7.1,10.6,94.1,1.812,11.625,0.048,6.4,3,4,4.63,29.938,139.812,1.375,69,4.7,8.5,1.375,3.102,7.062,54.25,2.125,0.402,0.11699999999999999,6.476,2020,ARI2020
Cleveland Browns,CLE,16,25.5,369.562,63.875,5.8,1.0,0.5,22.188,19.688,31.312,0.629,221.188,1.688,0.054000000000000006,0.5,0.016,6.7,12.188,75,7.4,7.7,11.7,96.6,1.625,10.125,0.049,7.1,2,2,8.155,30.938,148.375,1.312,59,4.8,8.312,1.438,2.066,6.25,54.375,1.688,0.406,0.09699999999999999,9.968,2020,CLE2020
Miami Dolphins,MIA,16,25.25,339.0,63.812,5.3,1.25,0.438,21.562,23.125,34.938,0.662,233.5,1.5,0.043,0.812,0.023,6.3,12.938,70,7.0,6.9,10.6,91.2,2.125,12.562,0.057,6.1,3,3,5.571,26.75,105.5,0.938,31,3.9,6.25,1.062,-1.249,4.625,39.688,2.375,0.414,0.11,3.872,2020,MIA2020
Atlanta Falcons,ATL,16,24.75,368.438,67.375,5.5,1.125,0.438,22.875,25.5,39.25,0.65,272.688,1.688,0.043,0.688,0.018000000000000002,6.5,15.188,63,7.4,7.4,11.3,93.9,2.562,16.062,0.061,6.6,0,0,9.739,25.562,95.75,0.812,62,3.7,5.375,1.0,-1.064,5.188,46.0,2.312,0.44799999999999995,0.10300000000000001,8.111,2020,ATL2020
Dallas Cowboys,DAL,16,24.688,371.812,69.562,5.3,1.625,0.812,23.188,25.812,39.938,0.6459999999999999,260.062,1.562,0.039,0.812,0.02,6.1,14.438,69,7.1,6.9,10.9,89.9,2.75,21.875,0.064,6.0,3,4,3.01,26.875,111.75,0.875,42,4.2,7.188,1.188,1.356,6.0,53.062,1.562,0.406,0.14400000000000002,3.686,2020,DAL2020
Houston Texans,HOU,16,24.0,375.25,58.75,6.4,1.125,0.688,20.375,23.938,34.125,0.701,283.625,2.062,0.06,0.438,0.013000000000000001,7.6,13.875,77,8.9,9.5,12.6,112.3,3.125,19.062,0.084,8.2,0,0,10.453,21.5,91.625,0.625,48,4.3,5.188,1.312,-0.616,5.0,38.688,1.312,0.429,0.098,8.764,2020,HOU2020
Los Angeles Chargers,LAC,16,24.0,382.062,70.438,5.4,1.0,0.375,23.312,25.812,39.188,0.659,270.562,1.938,0.049,0.625,0.016,6.5,14.125,72,7.3,7.5,11.0,97.0,2.125,13.688,0.051,6.8,2,4,9.744,29.125,111.5,0.75,36,3.8,6.938,1.0,-0.972,5.312,44.375,2.25,0.38299999999999995,0.086,8.1,2020,LAC2020
Detroit Lions,DET,16,23.562,350.188,61.938,5.7,1.312,0.5,21.875,23.375,36.375,0.643,256.5,1.688,0.046,0.812,0.022000000000000002,6.6,13.75,73,7.6,7.5,11.8,93.3,2.625,18.312,0.067,6.5,3,4,7.343,22.938,93.688,1.062,54,4.1,5.812,0.812,-0.775,5.938,53.75,2.312,0.385,0.11199999999999999,5.924,2020,DET2020
San Francisco 49ers,SFO,16,23.5,370.125,65.375,5.7,1.938,0.875,21.875,23.188,35.625,0.6509999999999999,252.062,1.562,0.044000000000000004,1.062,0.03,6.6,13.562,76,7.6,7.1,11.6,90.1,2.438,17.938,0.064,6.2,1,1,5.379,27.312,118.062,1.188,80,4.3,6.312,1.25,-1.157,5.312,45.688,2.0,0.363,0.14800000000000002,3.481,2020,SFO2020
Los Angeles Rams,LAR,16,23.25,377.0,68.0,5.5,1.562,0.688,22.0,24.5,36.875,0.664,250.875,1.25,0.034,0.875,0.024,6.5,12.875,56,7.1,6.7,10.7,88.4,1.562,10.562,0.040999999999999995,6.2,0,1,4.445,29.562,126.125,1.188,61,4.3,7.688,1.188,-1.314,4.438,40.938,1.438,0.342,0.125,3.578,2020,LAR2020
Chicago Bears,CHI,16,23.25,331.375,65.188,5.1,1.375,0.375,20.938,25.125,38.375,0.655,228.438,1.625,0.042,1.0,0.026000000000000002,5.6,13.625,53,6.4,6.1,9.8,86.5,2.25,16.875,0.055,5.3,3,3,2.342,24.562,102.938,0.75,80,4.2,5.812,1.25,0.098,5.5,48.562,1.5,0.389,0.12,2.182,2020,CHI2020
Carolina Panthers,CAR,16,21.875,349.5,62.062,5.6,1.312,0.312,20.938,23.312,34.375,0.6779999999999999,243.0,1.0,0.028999999999999998,1.0,0.028999999999999998,6.6,12.0,75,7.5,6.8,11.1,87.5,2.25,15.062,0.061,6.0,0,0,3.809,25.438,106.5,1.188,45,4.2,6.875,0.812,1.304,5.938,47.0,2.062,0.40299999999999997,0.132,5.075,2020,CAR2020
Washington Football Team,WAS,16,20.938,317.25,65.688,4.8,1.688,0.688,20.125,24.312,37.562,0.647,216.562,1.0,0.027000000000000003,1.0,0.027000000000000003,5.3,11.5,68,6.3,5.7,9.8,80.1,3.125,20.688,0.077,4.7,2,2,-1.406,25.0,100.688,1.125,40,4.0,6.75,1.5,1.235,5.438,43.562,1.875,0.33299999999999996,0.131,-0.652,2020,WAS2020
Philadelphia Eagles,PHI,16,20.875,334.625,66.625,5.0,1.812,0.562,21.0,20.875,37.375,0.5589999999999999,207.938,1.375,0.037000000000000005,1.25,0.033,5.0,11.062,81,6.2,5.5,11.2,72.9,4.062,25.062,0.098,4.3,3,2,-1.166,25.188,126.688,1.0,82,5.0,7.125,1.938,1.899,6.688,53.312,2.812,0.27899999999999997,0.153,-0.853,2020,PHI2020
New England Patriots,NWE,16,20.375,327.25,61.188,5.3,1.188,0.312,20.75,17.688,27.5,0.643,180.625,0.75,0.027000000000000003,0.875,0.032,6.1,9.812,50,7.1,6.2,11.0,81.1,2.312,14.625,0.078,5.2,1,3,0.312,31.375,146.625,1.25,49,4.7,8.938,1.188,3.602,3.875,33.375,2.0,0.369,0.121,3.492,2020,NWE2020
Denver Broncos,DEN,16,20.188,335.562,64.375,5.2,2.0,0.562,19.25,19.812,34.75,0.57,215.688,1.312,0.038,1.438,0.040999999999999995,5.9,11.0,92,6.6,5.5,11.6,72.5,2.0,13.875,0.054000000000000006,4.8,2,2,0.202,27.625,119.875,0.812,65,4.3,5.875,1.438,-0.873,5.062,41.875,2.375,0.33,0.17,-1.364,2020,DEN2020
Cincinnati Bengals,CIN,16,19.438,319.75,65.0,4.9,1.5,0.812,19.875,23.25,36.312,0.64,215.5,1.188,0.033,0.688,0.019,5.5,12.562,72,6.5,6.3,10.2,85.7,3.0,21.562,0.076,5.3,1,1,1.798,25.688,104.25,0.812,55,4.1,5.75,1.25,-1.796,5.188,42.188,1.562,0.33,0.128,-0.321,2020,CIN2020
Jacksonville Jaguars,JAX,16,19.125,326.125,62.312,5.2,1.562,0.562,19.375,24.188,38.5,0.628,231.188,1.562,0.040999999999999995,1.0,0.026000000000000002,5.6,12.812,73,6.4,6.1,10.2,83.9,2.75,16.0,0.067,5.3,1,1,0.248,21.062,94.938,0.562,47,4.5,5.0,1.0,0.588,6.688,66.938,1.562,0.304,0.14,-0.382,2020,JAX2020
New York Giants,NYG,16,17.5,299.625,60.375,5.0,1.375,0.688,18.562,20.062,32.312,0.621,189.125,0.75,0.023,0.688,0.021,5.3,11.125,53,6.5,6.0,10.4,79.6,3.125,19.375,0.08800000000000001,4.9,0,0,-0.738,24.938,110.5,0.812,80,4.4,5.688,1.25,-0.149,5.062,39.625,1.75,0.335,0.126,-1.674,2020,NYG2020
New York Jets,NYJ,16,15.188,279.938,59.25,4.7,1.188,0.312,16.812,18.25,31.188,0.585,174.75,1.0,0.032,0.875,0.027999999999999997,5.2,9.125,69,6.2,5.6,10.7,75.9,2.688,19.938,0.079,4.6,0,0,-2.696,25.375,105.188,0.562,46,4.1,5.875,0.5,-0.422,6.312,59.5,1.812,0.263,0.109,-3.692,2020,NYJ2020
Dallas Cowboys,DAL,17,31.176,407.0,67.824,6.0,1.176,0.529,22.941,26.118,38.059,0.6859999999999999,282.353,2.353,0.062,0.647,0.017,7.1,14.588,73,7.7,8.1,11.2,104.8,1.941,9.588,0.049,7.5,2,3,9.51,27.824,124.647,0.882,58,4.5,6.529,1.529,0.611,7.471,64.882,1.824,0.43799999999999994,0.099,9.298,2021,DAL2021
Tampa Bay Buccaneers,TAM,17,30.059,405.941,67.0,6.1,1.118,0.412,23.765,28.941,43.0,0.6729999999999999,307.588,2.529,0.059000000000000004,0.706,0.016,6.9,16.059,62,7.4,7.8,10.9,101.6,1.353,9.059,0.031,7.4,3,5,11.639,22.647,98.353,1.059,55,4.3,6.235,0.706,1.688,5.706,51.412,1.471,0.44299999999999995,0.098,12.714,2021,TAM2021
Buffalo Bills,BUF,17,28.412,381.941,67.235,5.7,1.294,0.353,23.412,24.412,38.529,0.634,252.0,2.118,0.055,0.941,0.024,6.3,13.882,61,6.8,6.8,10.7,91.3,1.588,9.765,0.04,6.3,0,0,9.869,27.118,129.941,1.176,46,4.8,7.882,1.412,3.413,6.647,57.647,1.647,0.452,0.113,12.746,2021,BUF2021
Kansas City Chiefs,KAN,17,28.235,396.824,66.706,5.9,1.471,0.706,24.647,26.353,39.706,0.664,281.824,2.176,0.055,0.765,0.019,6.8,15.706,75,7.3,7.5,11.0,98.1,1.647,8.588,0.04,7.0,3,3,13.939,25.353,115.0,0.941,51,4.5,7.0,1.353,2.362,6.529,54.412,1.941,0.48200000000000004,0.13699999999999998,15.398,2021,KAN2021
Los Angeles Chargers,LAC,17,27.882,390.235,66.353,5.9,1.294,0.412,23.588,26.059,39.647,0.657,282.353,2.235,0.055999999999999994,0.882,0.022000000000000002,6.8,15.059,72,7.4,7.6,11.3,97.4,1.824,12.588,0.044000000000000004,6.9,5,5,9.916,24.882,107.882,1.059,75,4.3,6.588,0.588,0.593,6.824,60.765,1.941,0.457,0.12,9.701,2021,LAC2021
New England Patriots,NWE,17,27.176,353.412,61.882,5.7,1.353,0.588,21.294,21.412,31.471,0.68,226.882,1.412,0.045,0.765,0.024,6.9,11.0,75,7.7,7.5,11.3,95.5,1.647,14.176,0.05,6.7,1,1,6.812,28.765,126.529,1.412,64,4.4,8.176,1.176,1.216,5.588,50.235,2.118,0.48,0.126,7.469,2021,NWE2021
Cincinnati Bengals,CIN,17,27.059,361.471,61.529,5.9,1.235,0.412,19.824,22.588,32.647,0.6920000000000001,259.0,2.118,0.065,0.824,0.025,7.2,12.235,82,8.7,8.8,12.5,106.9,3.235,23.706,0.09,7.4,2,4,8.802,25.647,102.471,0.941,46,4.0,5.647,1.059,-1.098,4.235,36.471,1.941,0.426,0.1,6.971,2021,CIN2021
Los Angeles Rams,LAR,17,27.059,372.059,62.235,6.0,1.353,0.294,20.882,23.882,35.706,0.669,273.059,2.412,0.068,1.059,0.03,7.3,13.706,79,8.1,8.1,12.1,101.6,1.824,14.765,0.049,7.3,3,4,13.959,24.706,99.0,0.588,39,4.0,5.824,0.706,-3.312,4.471,37.471,1.353,0.45899999999999996,0.122,9.502,2021,LAR2021
Indianapolis Colts,IND,17,26.529,347.118,61.882,5.6,1.118,0.647,20.824,19.059,30.647,0.622,197.706,1.588,0.052000000000000005,0.471,0.015,6.1,9.824,76,6.9,7.2,11.1,93.5,1.882,13.353,0.057999999999999996,6.4,0,0,4.883,29.353,149.412,1.294,83,5.1,9.059,1.235,3.531,4.471,40.471,1.941,0.433,0.08900000000000001,7.474,2021,IND2021
Green Bay Packers,GNB,17,26.471,365.588,63.059,5.8,0.765,0.353,22.059,23.647,34.882,0.6779999999999999,253.824,2.294,0.066,0.412,0.012,6.9,13.824,75,7.6,8.4,11.3,107.4,1.941,12.412,0.053,7.6,1,2,9.906,26.235,111.765,0.765,57,4.3,6.412,1.059,1.376,4.059,39.882,1.824,0.445,0.064,10.613,2021,GNB2021
Arizona Cardinals,ARI,17,26.412,373.647,66.235,5.6,0.882,0.235,21.588,24.412,34.765,0.7020000000000001,251.529,1.588,0.046,0.647,0.019,6.8,12.588,77,7.8,7.9,11.1,100.6,2.294,20.176,0.062,6.9,1,1,7.5,29.176,122.118,1.353,57,4.2,7.471,1.765,0.988,6.706,58.235,1.529,0.447,0.078,7.055,2021,ARI2021
Philadelphia Eagles,PHI,17,26.118,359.941,63.235,5.7,0.941,0.353,20.706,18.059,29.059,0.621,200.235,1.176,0.04,0.588,0.02,6.5,9.824,91,7.3,7.2,11.7,89.2,1.824,10.647,0.059000000000000004,6.4,2,2,3.478,32.353,159.706,1.471,38,4.9,9.588,1.294,3.803,6.294,49.529,1.294,0.434,0.092,6.65,2021,PHI2021
San Francisco 49ers,SFO,17,25.118,375.706,61.529,6.1,1.412,0.588,21.235,20.176,30.235,0.667,248.294,1.529,0.051,0.824,0.027000000000000003,7.7,11.765,83,8.6,8.4,12.9,99.2,1.941,12.706,0.06,7.5,3,3,8.809,29.353,127.412,1.294,49,4.3,7.647,1.353,-0.941,6.0,62.706,1.824,0.41200000000000003,0.115,7.649,2021,SFO2021
Minnesota Vikings,MIN,17,25.0,362.824,63.706,5.7,0.765,0.353,19.529,23.412,35.529,0.659,249.294,2.0,0.055999999999999994,0.412,0.012,6.7,11.882,64,7.4,8.0,11.2,101.6,1.765,12.471,0.047,7.3,3,4,7.688,26.412,113.529,0.588,66,4.3,6.059,1.235,-2.172,6.529,61.353,1.588,0.39299999999999996,0.066,4.238,2021,MIN2021
Tennessee Titans,TEN,17,24.647,342.471,66.647,5.1,1.471,0.647,21.294,21.118,31.471,0.6709999999999999,201.059,1.294,0.040999999999999995,0.824,0.026000000000000002,5.9,11.412,57,7.0,6.6,10.4,90.0,2.765,19.235,0.081,5.5,3,4,3.199,32.412,141.412,1.353,76,4.4,7.882,1.471,1.496,6.059,57.235,2.0,0.389,0.13,4.658,2021,TEN2021
Seattle Seahawks,SEA,17,23.235,323.882,56.118,5.8,0.765,0.353,17.765,19.059,29.118,0.655,201.882,1.765,0.061,0.412,0.013999999999999999,6.3,9.765,84,7.7,8.3,11.8,103.1,2.706,22.529,0.085,6.9,0,1,3.563,24.294,122.0,1.059,73,5.0,6.235,1.0,2.789,5.706,47.235,1.765,0.348,0.07,5.974,2021,SEA2021
Baltimore Ravens,BAL,17,22.765,378.824,69.706,5.4,1.529,0.471,23.176,23.294,35.941,0.648,233.0,1.235,0.034,1.059,0.028999999999999998,5.9,12.294,49,7.0,6.3,10.8,84.4,3.353,18.0,0.085,5.3,5,5,2.006,30.412,145.824,1.059,46,4.8,9.353,1.235,2.8,6.0,50.118,1.529,0.385,0.133,3.51,2021,BAL2021
Las Vegas Raiders,LVR,17,22.0,363.765,63.647,5.7,1.412,0.588,20.529,25.235,36.941,0.6829999999999999,268.647,1.353,0.037000000000000005,0.824,0.022000000000000002,6.8,12.765,61,7.7,7.4,11.2,93.8,2.353,14.176,0.06,6.6,3,6,7.239,24.353,95.118,0.824,31,3.9,5.588,1.706,-2.133,7.294,64.941,2.176,0.41,0.128,4.582,2021,LVR2021
New Orleans Saints,NOR,17,21.412,304.529,61.824,4.9,1.059,0.294,18.059,17.235,29.647,0.581,187.412,1.706,0.057999999999999996,0.765,0.026000000000000002,5.9,9.706,72,6.8,6.8,11.7,87.4,2.176,14.765,0.068,5.9,1,2,0.762,30.0,117.118,0.706,44,3.9,6.647,0.824,-0.915,5.765,47.706,1.706,0.337,0.087,-0.704,2021,NOR2021
Cleveland Browns,CLE,17,20.529,340.647,62.0,5.5,1.294,0.471,20.118,18.824,30.588,0.615,195.294,1.235,0.04,0.824,0.027000000000000003,5.8,10.412,71,7.0,6.6,11.3,84.6,2.882,17.588,0.086,5.5,0,0,1.088,28.529,145.353,1.176,70,5.1,8.118,1.176,3.215,6.588,60.882,1.588,0.322,0.124,3.441,2021,CLE2021
Pittsburgh Steelers,PIT,17,20.176,315.353,65.471,4.8,1.176,0.529,19.0,25.0,39.059,0.64,222.235,1.353,0.035,0.647,0.017,5.4,12.0,59,6.0,6.0,9.5,85.3,2.235,14.059,0.054000000000000006,5.3,7,7,0.891,24.176,93.118,0.588,37,3.9,5.0,1.118,-0.723,6.235,48.882,2.0,0.34700000000000003,0.095,-0.852,2021,PIT2021
Miami Dolphins,MIA,17,20.059,307.0,64.529,4.8,1.529,0.706,19.118,23.765,36.176,0.657,214.765,1.235,0.034,0.824,0.023,5.6,12.118,65,6.4,6.1,9.7,85.4,2.353,16.765,0.061,5.3,0,2,2.626,26.0,92.235,0.706,30,3.5,5.118,1.706,-2.678,6.176,48.529,1.882,0.301,0.124,-0.704,2021,MIA2021
Denver Broncos,DEN,17,19.706,330.471,60.941,5.4,1.059,0.529,19.471,20.824,31.824,0.654,211.353,1.176,0.037000000000000005,0.529,0.017,6.2,10.529,64,7.1,7.1,10.9,91.7,2.353,15.471,0.069,6.2,0,1,4.881,26.765,119.118,0.941,70,4.5,7.294,0.706,-0.76,4.882,41.824,1.647,0.369,0.095,3.607,2021,DEN2021
Washington Football Team,WAS,17,19.706,323.647,62.941,5.1,1.412,0.529,20.294,20.941,32.353,0.647,202.412,1.235,0.038,0.882,0.027000000000000003,5.8,10.647,73,6.8,6.3,10.5,85.8,2.529,17.941,0.073,5.4,3,4,1.327,28.059,121.235,0.765,38,4.3,7.588,1.471,0.345,4.824,43.706,2.059,0.34600000000000003,0.134,0.929,2021,WAS2021
Detroit Lions,DET,17,19.118,322.588,62.118,5.2,1.353,0.529,19.353,23.294,34.882,0.6679999999999999,211.647,1.353,0.039,0.824,0.024,5.7,11.353,75,6.5,6.3,9.8,88.1,2.118,16.824,0.057,5.4,2,2,2.448,25.118,110.941,0.706,57,4.4,6.118,1.0,-1.241,6.176,48.471,1.882,0.34299999999999997,0.129,0.404,2021,DET2021
Atlanta Falcons,ATL,17,18.412,303.765,59.176,5.1,1.529,0.647,18.0,22.176,33.706,0.6579999999999999,218.412,1.176,0.035,0.882,0.026000000000000002,6.1,11.529,64,7.0,6.5,10.6,86.6,2.353,16.118,0.065,5.6,3,4,1.904,23.118,85.353,0.647,39,3.7,4.412,1.412,-2.294,5.412,44.294,2.059,0.32799999999999996,0.147,-1.081,2021,ATL2021
Chicago Bears,CHI,17,18.294,307.353,63.235,4.9,1.706,0.529,19.588,19.529,31.882,0.613,188.647,0.941,0.03,1.176,0.037000000000000005,5.3,10.588,64,6.7,5.6,10.9,75.5,3.412,25.176,0.09699999999999999,4.4,2,2,-2.942,27.941,118.706,0.824,41,4.2,7.0,1.471,1.096,6.235,53.765,2.0,0.315,0.152,-2.405,2021,CHI2021
New York Jets,NYJ,17,18.235,306.353,60.941,5.0,1.588,0.412,18.235,21.0,35.471,0.5920000000000001,208.294,1.176,0.033,1.176,0.033,5.4,11.471,62,6.6,5.7,11.1,76.0,3.118,24.588,0.081,4.6,2,2,-1.829,22.353,98.059,0.824,55,4.4,5.118,0.824,0.919,6.059,50.588,1.647,0.294,0.14400000000000002,-1.924,2021,NYJ2021
Carolina Panthers,CAR,17,17.882,298.882,65.059,4.6,1.706,0.471,18.941,20.471,35.235,0.581,190.529,0.824,0.023,1.235,0.035,5.0,10.235,64,6.0,4.9,10.3,68.5,3.059,19.647,0.08,4.0,0,0,-4.739,26.765,108.353,1.0,33,4.0,6.941,1.176,-0.075,6.294,50.824,1.765,0.292,0.149,-5.418,2021,CAR2021
Houston Texans,HOU,17,16.471,278.059,59.412,4.7,1.294,0.412,15.647,20.824,32.118,0.648,194.412,1.235,0.038,0.882,0.027000000000000003,5.6,9.529,67,6.6,6.2,10.3,85.2,2.588,19.118,0.075,5.2,0,0,-0.442,24.706,83.647,0.471,36,3.4,4.529,1.059,-3.438,6.706,57.529,1.588,0.266,0.11199999999999999,-4.37,2021,HOU2021
New York Giants,NYG,17,15.176,287.294,61.765,4.7,1.765,0.588,17.588,20.647,34.882,0.5920000000000001,188.0,0.882,0.025,1.176,0.034,5.1,10.059,60,5.8,4.8,9.9,70.1,2.235,15.706,0.06,4.1,1,1,-4.569,24.647,99.294,0.471,46,4.0,5.294,1.353,-1.088,5.176,39.647,2.235,0.275,0.159,-5.89,2021,NYG2021
Jacksonville Jaguars,JAX,17,14.882,305.353,60.471,5.0,1.706,0.706,17.882,21.235,35.529,0.598,202.118,0.706,0.02,1.0,0.027999999999999997,5.4,10.471,58,6.1,5.2,10.2,72.1,1.882,14.0,0.05,4.6,1,2,-0.353,23.059,103.235,0.765,66,4.5,5.412,1.235,-1.215,6.118,50.353,2.0,0.264,0.157,-2.501,2021,JAX2021
